Mes,CustomerID,Year_Birth,Columna Extra D,Education,Marital_Status,Income,Kidhome,Teenhome,Dt_Customer,Recency,MntWines,Columna Extra M,MntFruits,MntMeatProducts,MntFishProducts,MntSweetProducts,MntGoldProds,NumDealsPurchases,NumWebPurchases,NumCatalogPurchases,NumStorePurchases,NumWebVisitsMonth,AcceptedCmp3,AcceptedCmp4,AcceptedCmp5,AcceptedCmp1,AcceptedCmp2,Complain,Z_CostContact,Z_Revenue,Response
Febrero,5524,1957,D,Graduation,Single,58138.0,0,0,2012-09-04,58,635,M,88,546,172,88,88,3,8,10,4,7,0,0,0,0,0,0,3,11,1
Febrero,2174,1954,D,Graduation,Single,46344.0,1,1,2014-03-08,38,11,M,1,6,2,1,6,2,1,1,2,5,0,0,0,0,0,0,3,11,0
Febrero,4141,1965,D,Graduation,Together,71613.0,0,0,2013-08-21,26,426,M,49,127,111,21,42,1,8,2,10,4,0,0,0,0,0,0,3,11,0
Febrero,6182,1984,D,Graduation,Together,26646.0,1,0,2014-02-10,26,11,M,4,20,10,3,5,2,2,0,4,6,0,0,0,0,0,0,3,11,0
Febrero,5324,1981,D,PhD,Married,58293.0,1,0,2014-01-19,94,173,M,43,118,46,27,15,5,5,3,6,5,0,0,0,0,0,0,3,11,0
Febrero,7446,1967,D,Master,Together,62513.0,0,1,2013-09-09,16,520,M,42,98,0,42,14,2,6,4,10,6,0,0,0,0,0,0,3,11,0
Febrero,965,1971,D,Graduation,Divorced,55635.0,0,1,2012-11-13,34,235,M,65,164,50,49,27,4,7,3,7,6,0,0,0,0,0,0,3,11,0
Febrero,6177,1985,D,PhD,Married,33454.0,1,0,2013-05-08,32,76,M,10,56,3,1,23,2,4,0,4,8,0,0,0,0,0,0,3,11,0
Febrero,4855,1974,D,PhD,Together,30351.0,1,0,2013-06-06,19,14,M,0,24,3,3,2,1,3,0,2,9,0,0,0,0,0,0,3,11,1
Febrero,5899,1950,D,PhD,Together,5648.0,1,1,2014-03-13,68,28,M,0,6,1,1,13,1,1,0,0,20,1,0,0,0,0,0,3,11,0
Febrero,1994,1983,D,Graduation,Married,,1,0,2013-11-15,11,5,M,5,6,0,2,1,1,1,0,2,7,0,0,0,0,0,0,3,11,0
Febrero,387,1976,D,Basic,Married,7500.0,0,0,2012-11-13,59,6,M,16,11,11,1,16,1,2,0,3,8,0,0,0,0,0,0,3,11,0
Febrero,2125,1959,D,Graduation,Divorced,63033.0,0,0,2013-11-15,82,194,M,61,480,225,112,30,1,3,4,8,2,0,0,0,0,0,0,3,11,0
Febrero,8180,1952,D,Master,Divorced,59354.0,1,1,2013-11-15,53,233,M,2,53,3,5,14,3,6,1,5,6,0,0,0,0,0,0,3,11,0
Febrero,2569,1987,D,Graduation,Married,17323.0,0,0,2012-10-10,38,3,M,14,17,6,1,5,1,1,0,3,8,0,0,0,0,0,0,3,11,0
Febrero,2114,1946,D,PhD,Single,82800.0,0,0,2012-11-24,23,1006,M,22,115,59,68,45,1,7,6,12,3,0,0,1,1,0,0,3,11,1
Febrero,9736,1980,D,Graduation,Married,41850.0,1,1,2012-12-24,51,53,M,5,19,2,13,4,3,3,0,3,8,0,0,0,0,0,0,3,11,0
Febrero,4939,1946,D,Graduation,Together,37760.0,0,0,2012-08-31,20,84,M,5,38,150,12,28,2,4,1,6,7,0,0,0,0,0,0,3,11,0
Febrero,6565,1949,D,Master,Married,76995.0,0,1,2013-03-28,91,1012,M,80,498,0,16,176,2,11,4,9,5,0,0,0,1,0,0,3,11,0
Febrero,2278,1985,D,2n Cycle,Single,33812.0,1,0,2012-11-03,86,4,M,17,19,30,24,39,2,2,1,3,6,0,0,0,0,0,0,3,11,0
Febrero,9360,1982,D,Graduation,Married,37040.0,0,0,2012-08-08,41,86,M,2,73,69,38,48,1,4,2,5,8,0,0,0,0,0,0,3,11,0
Febrero,5376,1979,D,Graduation,Married,2447.0,1,0,2013-01-06,42,1,M,1,1725,1,1,1,15,0,28,0,1,0,0,0,0,0,0,3,11,0
Febrero,1993,1949,D,PhD,Married,58607.0,0,1,2012-12-23,63,867,M,0,86,0,0,19,3,2,3,9,8,0,1,0,0,0,0,3,11,0
Febrero,4047,1954,D,PhD,Married,65324.0,0,1,2014-01-11,0,384,M,0,102,21,32,5,3,6,2,9,4,0,0,0,0,0,0,3,11,0
Febrero,1409,1951,D,Graduation,Together,40689.0,0,1,2013-03-18,69,270,M,3,27,39,6,99,7,7,1,5,8,0,0,0,0,0,0,3,11,0
Febrero,7892,1969,D,Graduation,Single,18589.0,0,0,2013-01-02,89,6,M,4,25,15,12,13,2,2,1,3,7,0,0,0,0,0,0,3,11,0
Febrero,2404,1976,D,Graduation,Married,53359.0,1,1,2013-05-27,4,173,M,4,30,3,6,41,4,5,1,4,7,0,0,0,0,0,0,3,11,0
Febrero,5255,1986,D,Graduation,Single,,1,0,2013-02-20,19,5,M,1,3,3,263,362,0,27,0,0,1,0,0,0,0,0,0,3,11,0
Febrero,9422,1989,D,Graduation,Married,38360.0,1,0,2013-05-31,26,36,M,2,42,20,21,10,2,2,1,4,3,0,0,0,0,0,0,3,11,0
Febrero,1966,1965,D,PhD,Married,84618.0,0,0,2013-11-22,96,684,M,100,801,21,66,0,1,6,9,10,2,0,0,1,0,0,0,3,11,0
Febrero,6864,1989,D,Master,Divorced,10979.0,0,0,2014-05-22,34,8,M,4,10,2,2,4,2,3,0,3,5,0,0,0,0,0,0,3,11,0
Febrero,3033,1963,D,Master,Together,38620.0,0,0,2013-05-11,56,112,M,17,44,34,22,89,1,2,5,3,3,0,0,0,0,0,0,3,11,0
Febrero,5710,1970,D,Graduation,Together,40548.0,0,1,2012-10-10,31,110,M,0,5,2,0,3,2,2,1,4,5,0,1,0,0,0,0,3,11,0
Febrero,7373,1952,D,PhD,Divorced,46610.0,0,2,2012-10-29,8,96,M,12,96,33,22,43,6,4,1,6,6,0,0,0,0,0,0,3,11,1
Febrero,8755,1946,D,Master,Married,68657.0,0,0,2013-02-20,4,482,M,34,471,119,68,22,1,3,5,9,7,0,0,0,0,0,0,3,11,0
Febrero,10738,1951,D,Master,Single,49389.0,1,1,2013-08-29,55,40,M,0,19,2,1,3,1,2,0,3,7,0,0,0,0,0,0,3,11,0
Febrero,4339,1970,D,PhD,Married,67353.0,0,1,2013-12-31,37,702,M,17,151,0,8,35,5,5,6,12,2,0,0,0,0,0,0,3,11,0
Febrero,10755,1976,D,2n Cycle,Married,23718.0,1,0,2013-09-02,76,6,M,3,14,15,7,36,3,3,1,2,7,0,0,0,0,0,0,3,11,0
Febrero,8595,1973,D,Graduation,Widow,42429.0,0,1,2014-02-11,99,55,M,0,6,2,0,4,2,1,1,3,5,0,0,0,0,0,0,3,11,0
Febrero,2968,1943,D,PhD,Divorced,48948.0,0,0,2013-02-01,53,437,M,8,206,160,49,42,2,7,10,5,6,1,0,0,0,0,0,3,11,1
Febrero,8601,1980,D,Graduation,Married,80011.0,0,1,2013-04-29,3,421,M,76,536,82,178,102,2,8,6,5,4,0,0,0,0,0,0,3,11,0
Febrero,503,1985,D,Master,Married,20559.0,1,0,2013-03-12,88,13,M,1,29,3,0,7,2,2,0,3,8,0,0,0,0,0,0,3,11,0
Febrero,8430,1957,D,Graduation,Together,21994.0,0,1,2012-12-24,4,9,M,0,6,3,1,3,1,0,0,3,5,0,0,0,0,0,0,3,11,0
Febrero,7281,1959,D,PhD,Single,,0,0,2013-11-05,80,81,M,11,50,3,2,39,1,1,3,4,2,0,0,0,0,0,0,3,11,0
Febrero,2139,1975,D,Master,Married,7500.0,1,0,2013-10-02,19,3,M,1,10,3,2,12,3,2,0,3,5,0,0,0,0,0,0,3,11,0
Febrero,1371,1976,D,Graduation,Single,79941.0,0,0,2014-06-28,72,123,M,164,266,227,30,174,1,2,4,9,1,0,0,0,0,0,0,3,11,0
Febrero,9909,1996,D,2n Cycle,Married,7500.0,0,0,2012-11-09,24,3,M,18,14,15,22,50,3,3,1,3,9,0,0,0,0,0,0,3,11,1
Febrero,7286,1968,D,Graduation,Together,41728.0,1,0,2013-05-24,92,13,M,6,15,3,5,13,1,2,0,2,10,0,0,0,0,0,0,3,11,0
Febrero,7244,1951,D,Graduation,Single,,2,1,2014-01-01,96,48,M,5,48,6,10,7,3,2,1,4,6,0,0,0,0,0,0,3,11,0
Febrero,6566,1954,D,PhD,Married,72550.0,1,1,2012-11-08,39,826,M,50,317,50,38,38,9,5,2,12,8,0,0,0,0,0,0,3,11,0
Febrero,8614,1957,D,Graduation,Widow,65486.0,0,1,2014-05-12,29,245,M,19,125,37,67,14,1,4,2,10,2,0,0,0,0,0,0,3,11,0
Febrero,4114,1964,D,Master,Married,79143.0,0,0,2012-08-11,2,650,M,37,780,27,167,32,1,6,9,13,3,0,0,0,0,0,0,3,11,0
Febrero,1331,1977,D,Graduation,Single,35790.0,1,0,2013-01-02,54,12,M,6,20,30,1,3,2,2,0,3,7,0,0,0,0,0,0,3,11,0
Febrero,2225,1977,D,Graduation,Divorced,82582.0,0,0,2014-06-07,54,510,M,120,550,156,40,241,1,4,9,7,1,1,0,0,1,0,0,3,11,1
Febrero,9381,1978,D,Graduation,Married,66373.0,1,1,2013-06-12,57,328,M,9,124,12,24,109,7,4,2,10,3,0,0,0,0,0,0,3,11,0
Febrero,6260,1955,D,Master,Together,82384.0,0,0,2012-11-19,55,984,M,51,432,180,120,190,1,3,10,13,1,0,0,1,0,0,0,3,11,1
Febrero,10383,1966,D,Graduation,Divorced,70287.0,0,0,2013-04-02,30,295,M,35,482,121,120,40,1,5,5,10,3,0,0,0,0,0,0,3,11,1
Febrero,7437,1988,D,Graduation,Single,27938.0,1,0,2014-04-28,31,13,M,0,8,2,1,5,1,1,0,4,3,0,0,0,0,0,0,3,11,0
Febrero,8557,1982,D,Graduation,Single,,1,0,2013-06-17,57,11,M,3,22,2,2,6,2,2,0,3,6,0,0,0,0,0,0,3,11,0
Febrero,8375,1968,D,PhD,Married,55954.0,0,1,2014-03-03,63,447,M,0,28,0,0,43,3,8,2,6,7,0,0,0,0,0,0,3,11,0
Febrero,6853,1982,D,Master,Single,75777.0,0,0,2013-07-04,12,712,M,26,538,69,13,80,1,3,6,11,1,0,1,1,0,0,0,3,11,1
Febrero,3076,1975,D,Graduation,Together,66653.0,1,1,2012-09-07,18,452,M,18,102,16,18,6,4,4,2,12,3,0,0,0,0,0,0,3,11,0
Febrero,1012,1952,D,Graduation,Single,61823.0,0,1,2013-02-18,26,523,M,7,134,37,14,169,4,8,2,10,7,0,0,0,0,0,0,3,11,0
Febrero,6518,1951,D,PhD,Widow,67680.0,0,1,2013-06-11,8,546,M,0,48,0,6,6,1,7,3,8,5,0,0,0,0,0,0,3,11,0
Febrero,4137,1948,D,Graduation,Together,70666.0,0,0,2013-12-06,29,398,M,40,367,119,122,30,1,7,4,4,4,0,0,0,0,0,0,3,11,0
Febrero,8082,1971,D,Graduation,Married,25721.0,1,0,2013-05-21,75,1,M,3,6,3,6,15,1,1,1,2,7,0,0,0,0,0,0,3,11,1
Febrero,1386,1967,D,Graduation,Together,32474.0,1,1,2014-05-11,0,10,M,0,1,0,0,0,1,1,0,2,7,0,0,0,0,0,0,3,11,0
Febrero,9369,1979,D,2n Cycle,Single,88194.0,0,1,2014-03-19,19,688,M,14,309,201,24,38,1,11,10,10,5,1,0,0,1,0,0,3,11,1
Febrero,4477,1958,D,Graduation,Together,69096.0,0,1,2013-09-27,4,247,M,49,159,7,82,109,1,5,2,10,4,0,0,0,0,0,0,3,11,0
Febrero,1357,1970,D,Graduation,Together,74854.0,1,2,2013-04-08,90,856,M,59,487,58,29,73,7,2,5,5,5,0,0,0,0,0,0,3,11,0
Febrero,1402,1954,D,Master,Married,66991.0,0,0,2012-09-11,1,496,M,36,460,189,60,12,3,4,8,6,3,0,0,0,0,0,0,3,11,0
Febrero,10629,1973,D,2n Cycle,Married,,1,0,2012-09-14,25,25,M,3,43,17,4,17,3,3,0,3,8,0,0,0,0,0,0,3,11,0
Febrero,6312,1959,D,Graduation,Married,65031.0,0,1,2013-03-17,29,258,M,107,291,84,37,86,4,10,3,13,7,0,0,0,0,0,0,3,11,0
Febrero,8132,1975,D,PhD,Married,60631.0,1,1,2013-04-05,88,565,M,6,65,0,6,19,5,9,2,8,7,0,1,0,0,0,0,3,11,0
Febrero,1050,1952,D,Graduation,Married,28332.0,0,0,2014-04-30,58,14,M,10,13,4,15,9,1,2,1,4,2,0,0,0,0,0,0,3,11,0
Febrero,5846,1977,D,Graduation,Divorced,40246.0,1,0,2012-12-19,68,2,M,1,6,2,1,1,1,1,0,2,6,0,0,0,0,0,0,3,11,0
Febrero,1859,1972,D,Master,Married,75251.0,0,0,2012-08-27,34,721,M,111,925,97,18,18,1,7,6,5,5,0,0,0,0,0,0,3,11,1
Febrero,7503,1976,D,Graduation,Single,75825.0,0,0,2012-10-12,40,1032,M,105,779,137,105,51,0,5,8,9,4,1,0,0,0,0,0,3,11,1
Febrero,10401,1976,D,2n Cycle,Together,26326.0,0,0,2013-09-04,12,1,M,0,5,0,3,9,1,0,0,3,3,0,0,0,0,0,1,3,11,0
Febrero,1618,1965,D,Graduation,Together,56046.0,0,0,2013-01-02,9,577,M,0,64,0,0,51,2,10,1,8,8,1,0,0,0,0,0,3,11,1
Febrero,3332,1985,D,Graduation,Single,29760.0,1,0,2012-08-29,87,64,M,4,68,7,5,17,4,3,1,4,8,0,0,0,0,0,0,3,11,0
Febrero,2261,1969,D,Graduation,Married,26304.0,1,0,2013-06-23,5,4,M,1,5,2,0,4,1,1,0,2,7,0,0,0,0,0,0,3,11,0
Febrero,5346,1973,D,2n Cycle,Married,23559.0,1,0,2013-07-03,87,25,M,5,19,7,0,23,3,3,0,3,7,0,0,0,0,0,0,3,11,0
Febrero,4119,1963,D,Master,Together,38620.0,0,0,2013-05-11,56,112,M,17,44,34,22,89,1,2,5,3,3,0,0,0,0,0,0,3,11,0
Febrero,535,1987,D,Graduation,Divorced,81361.0,0,0,2014-02-25,18,163,M,23,424,27,65,76,1,3,10,13,1,0,0,0,0,0,0,3,11,0
Febrero,5268,1960,D,Graduation,Married,29440.0,1,1,2013-08-11,95,17,M,8,14,10,4,3,2,1,0,4,7,0,0,0,0,0,0,3,11,0
Febrero,273,1970,D,Master,Married,36138.0,1,1,2013-07-16,48,130,M,0,16,0,0,5,5,3,1,4,7,0,1,0,0,0,0,3,11,0
Febrero,4452,1957,D,Graduation,Single,50388.0,0,1,2014-05-28,3,292,M,6,37,0,3,34,4,6,1,6,7,0,1,0,1,0,0,3,11,1
Febrero,8504,1973,D,Graduation,Married,79593.0,0,0,2014-05-12,70,350,M,60,568,110,133,145,1,5,6,7,2,0,0,1,0,0,0,3,11,0
Febrero,771,1967,D,Graduation,Together,54178.0,0,1,2014-01-21,79,135,M,9,39,4,0,7,1,2,2,5,2,0,0,0,0,0,0,3,11,0
Febrero,8996,1957,D,PhD,Married,,2,1,2012-11-19,4,230,M,42,192,49,37,53,12,7,2,8,9,0,0,0,0,0,0,3,11,0
Febrero,9235,1957,D,Graduation,Single,,1,1,2014-05-27,45,7,M,0,8,2,0,1,1,1,0,2,7,0,0,0,0,0,0,3,11,0
Febrero,5798,1973,D,Master,Together,,0,0,2013-11-23,87,445,M,37,359,98,28,18,1,2,4,8,1,0,0,0,0,0,0,3,11,0
Febrero,11178,1972,D,Master,Single,42394.0,1,0,2014-03-23,69,15,M,2,10,0,1,4,1,1,0,3,7,0,0,0,0,0,0,3,11,0
Febrero,2230,1970,D,PhD,Married,23626.0,1,0,2014-05-24,84,27,M,2,14,0,0,0,3,3,1,3,5,0,0,0,0,0,0,3,11,0
Febrero,7516,1983,D,Graduation,Married,30096.0,1,0,2014-05-22,30,5,M,3,11,12,5,9,1,2,0,3,6,0,0,0,0,0,0,3,11,0
Febrero,7247,1960,D,Graduation,Widow,47916.0,0,1,2012-11-22,72,505,M,0,26,0,0,75,5,7,4,6,6,0,1,0,0,0,0,3,11,0
Febrero,11100,1972,D,Graduation,Divorced,51813.0,1,1,2013-04-11,37,51,M,2,7,0,1,2,2,2,0,3,7,0,0,0,0,0,0,3,11,0
Febrero,4646,1951,D,2n Cycle,Married,78497.0,0,0,2013-12-01,44,207,M,26,447,75,0,223,1,5,7,12,2,0,0,0,1,0,0,3,11,0
Febrero,3037,1983,D,PhD,Married,50150.0,0,0,2013-06-20,32,135,M,46,92,65,61,11,2,5,2,7,5,0,0,0,0,0,0,3,11,0
Febrero,1473,1960,D,2n Cycle,Single,47823.0,0,1,2013-07-23,0,53,M,1,5,2,1,10,2,2,0,3,8,0,0,0,0,0,0,3,11,0
Febrero,1016,1959,D,PhD,Single,34554.0,0,1,2014-03-30,43,41,M,1,6,2,0,5,2,2,0,3,6,0,0,0,0,0,0,3,11,0
Febrero,4518,1979,D,Graduation,Together,85693.0,0,1,2013-04-20,59,386,M,172,183,185,132,111,2,9,5,11,5,0,0,0,0,0,0,3,11,0
Febrero,9370,1945,D,PhD,Married,65846.0,0,0,2013-05-17,68,562,M,81,276,80,40,81,1,6,3,6,4,0,0,0,0,0,0,3,11,0
Febrero,8908,1959,D,Graduation,Married,87195.0,0,0,2014-05-08,35,217,M,76,690,50,26,38,1,3,11,5,1,0,0,0,0,0,0,3,11,1
Febrero,8373,1979,D,Basic,Together,24594.0,1,0,2013-12-10,94,1,M,3,6,10,0,9,1,1,0,3,5,0,0,0,0,0,0,3,11,0
Febrero,7533,1964,D,Graduation,Married,49096.0,1,1,2013-09-24,15,144,M,1,32,2,1,7,4,4,1,4,7,0,0,0,0,0,0,3,11,0
Febrero,2683,1969,D,Graduation,Married,52413.0,0,2,2013-02-02,56,295,M,106,271,75,98,65,4,6,4,12,6,0,0,0,0,0,0,3,11,0
Febrero,3629,1978,D,Graduation,Single,38557.0,1,0,2012-12-19,17,76,M,3,31,4,4,27,2,3,1,3,7,0,0,0,0,0,0,3,11,0
Febrero,10991,1960,D,Master,Married,89058.0,0,0,2012-12-07,18,454,M,194,106,31,22,43,1,5,4,4,2,0,0,0,0,0,0,3,11,0
Febrero,5077,1979,D,Graduation,Together,77298.0,0,1,2013-11-02,46,425,M,115,292,23,35,79,1,6,6,11,3,0,0,0,0,0,0,3,11,0
Febrero,7431,1991,D,PhD,Single,68126.0,0,0,2012-11-10,40,1332,M,17,311,23,51,86,1,7,4,5,9,0,1,0,0,0,0,3,11,1
Febrero,3267,1963,D,Master,Together,57288.0,0,1,2014-06-25,27,527,M,0,21,0,0,60,3,8,1,8,6,0,1,0,0,0,0,3,11,0
Febrero,999,1991,D,Graduation,Single,86037.0,0,0,2013-01-02,95,490,M,44,125,29,20,22,1,6,7,11,3,0,1,1,0,0,0,3,11,1
Febrero,9215,1980,D,PhD,Married,43974.0,1,0,2012-12-12,19,378,M,0,101,0,0,72,5,6,4,6,7,0,0,0,0,0,0,3,11,0
Febrero,2286,1962,D,Graduation,Single,50785.0,1,1,2013-09-10,27,64,M,1,21,0,1,27,2,2,1,3,6,0,0,0,0,0,0,3,11,0
Febrero,1592,1970,D,Graduation,Married,90765.0,0,0,2014-01-24,25,547,M,99,812,151,82,33,0,4,6,5,1,0,0,1,1,0,0,3,11,0
Febrero,367,1978,D,2n Cycle,Married,36550.0,1,0,2013-02-19,74,47,M,90,94,123,103,120,5,9,1,5,9,0,0,0,0,0,0,3,11,0
Febrero,5234,1967,D,2n Cycle,Together,30753.0,1,1,2013-07-11,85,12,M,5,25,0,9,30,2,1,1,3,5,0,0,0,0,0,0,3,11,0
Febrero,9862,1969,D,Graduation,Together,21918.0,1,0,2013-11-14,37,1,M,6,7,11,5,3,2,2,0,3,6,0,0,0,0,0,0,3,11,0
Febrero,9805,1953,D,Master,Together,56129.0,0,1,2013-06-20,65,320,M,48,133,39,72,48,4,6,2,10,4,0,0,0,0,0,0,3,11,0
Febrero,6205,1967,D,Master,Single,32557.0,1,0,2014-02-24,13,34,M,3,29,0,4,10,3,2,1,3,5,0,0,0,0,0,0,3,11,1
Febrero,8442,1985,D,Master,Married,19510.0,2,0,2013-09-04,63,9,M,0,7,3,4,7,2,1,0,3,7,0,0,0,0,0,0,3,11,0
Febrero,7386,1976,D,Graduation,Divorced,30992.0,1,0,2013-04-22,83,17,M,0,14,7,3,2,1,1,0,3,7,0,0,0,0,0,0,3,11,0
Febrero,7215,1983,D,Graduation,Single,101970.0,0,0,2013-03-12,69,722,M,27,102,44,72,168,0,6,8,13,2,0,1,1,1,0,0,3,11,1
Febrero,1491,1965,D,2n Cycle,Together,71488.0,0,0,2013-02-18,87,162,M,33,124,40,28,172,2,3,4,7,1,0,0,0,0,0,0,3,11,0
Febrero,11071,1984,D,Graduation,Single,79607.0,0,0,2013-04-21,37,450,M,133,951,173,0,216,1,3,6,6,1,0,0,0,0,0,0,3,11,1
Febrero,3381,1953,D,Master,Married,54348.0,1,1,2014-06-08,51,70,M,0,16,0,0,4,2,2,0,4,6,0,0,0,0,0,0,3,11,0
Febrero,8268,1961,D,PhD,Married,,0,1,2013-07-11,23,352,M,0,27,10,0,15,3,6,1,7,6,0,0,0,0,0,0,3,11,0
Febrero,11051,1956,D,PhD,Together,77376.0,1,1,2014-05-10,72,492,M,19,110,16,12,12,4,6,3,10,4,0,0,0,0,0,0,3,11,0
Febrero,8026,1952,D,Graduation,Married,62998.0,0,1,2013-09-30,10,120,M,58,73,65,89,58,5,5,4,5,5,0,0,0,0,0,0,3,11,0
Febrero,433,1958,D,Master,Alone,61331.0,1,1,2013-03-10,42,534,M,5,47,0,5,41,5,11,1,6,8,0,0,0,0,0,0,3,11,0
Febrero,9597,1969,D,Graduation,Married,73448.0,0,0,2014-02-10,10,236,M,106,189,23,41,130,1,7,2,9,4,0,0,0,0,0,0,3,11,0
Febrero,1295,1963,D,Graduation,Married,,0,1,2013-08-11,96,231,M,65,196,38,71,124,1,6,5,7,4,0,0,0,0,0,0,3,11,0
Febrero,5290,1964,D,PhD,Married,41551.0,1,1,2013-08-14,51,220,M,0,33,3,0,23,5,5,1,5,8,0,0,0,0,0,0,3,11,0
Febrero,1685,1967,D,PhD,Together,62981.0,0,0,2013-03-17,21,796,M,14,590,38,44,0,1,4,5,13,3,0,1,0,0,0,0,3,11,0
Febrero,5342,1976,D,Basic,Divorced,9548.0,1,0,2012-08-08,31,0,M,1,3,10,6,9,2,1,0,3,8,0,0,0,0,0,0,3,11,0
Febrero,9579,1959,D,PhD,Married,33762.0,2,1,2013-07-07,61,53,M,1,34,2,0,16,3,2,2,2,8,0,0,0,0,0,0,3,11,0
Febrero,7660,1973,D,PhD,Alone,35860.0,1,1,2014-05-19,37,15,M,0,8,4,2,20,2,1,1,2,5,1,0,0,0,0,0,3,11,1
Febrero,1461,1965,D,PhD,Divorced,36921.0,1,1,2013-07-28,74,17,M,1,12,3,1,4,2,2,0,3,7,0,0,0,0,0,0,3,11,0
Febrero,821,1992,D,Master,Single,92859.0,0,0,2012-10-19,46,962,M,61,921,52,61,20,1,5,4,12,2,0,0,0,0,0,0,3,11,0
Febrero,11084,1976,D,Master,Together,65104.0,0,1,2013-11-14,4,738,M,0,232,13,20,50,2,3,5,7,7,0,0,0,0,0,0,3,11,1
Febrero,8690,1962,D,Graduation,Married,86111.0,0,0,2013-04-19,73,399,M,28,756,36,40,126,1,5,7,10,2,0,0,0,0,0,0,3,11,0
Febrero,2937,1974,D,PhD,Single,68352.0,0,1,2013-08-28,47,614,M,16,132,43,33,33,3,8,5,9,6,0,0,0,0,0,0,3,11,0
Febrero,9701,1988,D,Graduation,Together,41883.0,1,0,2013-03-19,13,32,M,34,41,73,16,116,3,4,2,3,7,0,0,0,0,0,0,3,11,0
Febrero,9949,1976,D,Graduation,Married,59809.0,0,2,2012-10-18,36,598,M,16,141,32,41,49,3,3,3,6,8,0,0,0,0,0,0,3,11,0
Febrero,10837,1975,D,Graduation,Married,23957.0,1,0,2012-10-28,47,2,M,1,18,20,11,16,1,2,0,3,6,0,0,0,0,0,0,3,11,1
Febrero,3120,1981,D,Graduation,Together,38547.0,1,0,2013-08-28,49,6,M,1,10,0,1,4,1,1,0,2,8,0,0,0,0,0,1,3,11,0
Febrero,5885,1973,D,2n Cycle,Married,35688.0,2,1,2012-08-22,94,73,M,3,90,12,1,32,7,4,1,4,8,0,0,0,0,0,0,3,11,0
Febrero,4050,1966,D,Master,Married,49605.0,0,0,2014-06-21,65,42,M,16,29,12,20,8,1,2,1,4,3,0,0,0,0,0,0,3,11,0
Febrero,3830,1953,D,Master,Married,59354.0,0,2,2014-04-24,59,295,M,21,78,39,13,13,1,4,4,7,3,0,0,0,0,0,0,3,11,0
Febrero,7987,1969,D,Graduation,Married,65747.0,0,1,2014-03-07,96,346,M,17,48,23,13,13,4,8,1,6,6,0,1,0,0,0,0,3,11,0
Febrero,7798,1972,D,2n Cycle,Together,46344.0,0,1,2012-12-14,28,233,M,20,57,8,20,91,4,7,1,5,7,0,0,0,0,0,0,3,11,0
Febrero,92,1988,D,Graduation,Alone,34176.0,1,0,2014-05-12,12,5,M,7,24,19,14,20,4,3,0,4,6,0,0,0,0,0,0,3,11,0
Febrero,7055,1952,D,PhD,Together,61010.0,0,1,2012-10-09,57,888,M,0,57,0,0,76,2,8,5,11,5,0,0,0,0,0,0,3,11,0
Febrero,10240,1949,D,Graduation,Together,69372.0,0,0,2013-02-19,10,997,M,26,269,34,13,42,1,10,4,6,4,0,1,1,0,0,0,3,11,1
Febrero,3025,1958,D,Graduation,Single,49967.0,0,1,2013-07-08,4,212,M,6,69,4,12,3,3,6,1,5,7,0,0,0,0,0,0,3,11,0
Febrero,9283,1978,D,Graduation,Single,60199.0,1,2,2013-09-12,49,8,M,1,7,2,0,0,1,0,0,3,4,0,0,0,0,0,0,3,11,0
Febrero,9970,1977,D,Graduation,Together,55375.0,0,1,2013-10-17,3,42,M,11,57,10,28,14,1,1,1,6,2,0,0,0,0,0,0,3,11,0
Febrero,2730,1955,D,Graduation,Single,80317.0,0,0,2013-08-20,64,536,M,11,387,149,91,57,1,3,4,10,1,0,0,0,0,0,0,3,11,0
Febrero,2795,1958,D,Master,Single,30523.0,2,1,2013-07-01,0,5,M,0,3,0,0,5,1,1,0,2,7,0,0,0,0,0,0,3,11,0
Febrero,9260,1945,D,PhD,Married,70356.0,0,0,2012-11-05,20,1349,M,16,249,43,16,33,2,10,6,9,6,0,0,0,0,0,0,3,11,0
Febrero,8182,1984,D,Graduation,Married,23228.0,1,0,2014-01-05,91,53,M,3,49,7,4,5,4,3,0,4,8,0,0,0,0,0,0,3,11,0
Febrero,10095,1975,D,PhD,Divorced,74165.0,0,0,2013-05-01,9,1001,M,12,240,16,12,12,1,5,4,10,2,0,0,0,0,0,0,3,11,0
Febrero,8475,1973,D,PhD,Married,157243.0,0,1,2014-03-01,98,20,M,2,1582,1,2,1,15,0,22,0,0,0,0,0,0,0,0,3,11,0
Febrero,4370,1966,D,Graduation,Together,43482.0,2,1,2013-11-13,83,18,M,1,32,6,3,28,3,2,0,4,6,0,0,0,0,0,0,3,11,0
Febrero,10573,1953,D,Graduation,Divorced,62551.0,0,0,2013-11-18,27,125,M,16,98,134,21,27,1,6,7,4,3,1,0,0,0,0,0,3,11,0
Febrero,3712,1959,D,Graduation,Divorced,52332.0,0,0,2013-08-28,63,212,M,5,33,7,0,2,1,3,2,6,4,0,1,0,0,0,0,3,11,0
Febrero,6637,1988,D,Graduation,Single,66951.0,0,0,2013-11-02,46,277,M,162,305,173,76,124,1,3,4,7,1,0,0,0,0,0,0,3,11,0
Febrero,3152,1957,D,Graduation,Together,26091.0,1,1,2014-02-25,84,15,M,10,19,8,17,20,3,2,1,3,5,0,0,0,0,0,0,3,11,0
Febrero,5610,1965,D,Graduation,Together,33456.0,1,1,2014-04-21,58,7,M,3,10,8,1,7,2,1,0,3,7,0,0,0,0,0,0,3,11,0
Febrero,6460,1982,D,Graduation,Married,28718.0,1,0,2013-07-13,78,12,M,4,6,11,8,16,2,2,0,3,8,0,0,0,0,0,0,3,11,0
Febrero,1349,1970,D,Graduation,Married,50447.0,2,0,2014-04-21,4,85,M,7,24,2,3,27,1,3,1,3,6,0,0,0,0,0,0,3,11,0
Febrero,1880,1959,D,PhD,Together,53537.0,1,1,2014-01-30,17,81,M,0,6,0,0,6,2,2,1,3,5,0,0,0,0,0,0,3,11,0
Febrero,641,1967,D,Graduation,Single,52074.0,0,1,2014-04-04,77,59,M,0,12,0,0,48,1,2,2,2,4,1,0,0,0,0,0,3,11,0
Febrero,8717,1975,D,PhD,Married,80427.0,0,1,2012-09-12,56,1149,M,71,449,69,71,26,1,11,8,8,5,0,0,0,0,0,0,3,11,0
Febrero,10314,1948,D,PhD,Married,83837.0,0,0,2012-12-16,79,847,M,66,119,86,89,111,1,9,10,5,4,0,1,0,1,0,0,3,11,1
Febrero,10854,1970,D,PhD,Married,38853.0,1,1,2014-05-23,90,29,M,0,14,0,0,2,2,2,0,3,7,0,0,0,0,0,0,3,11,0
Febrero,10492,1959,D,Graduation,Together,38285.0,2,1,2014-06-24,96,2,M,0,5,2,0,1,1,0,0,3,2,0,0,0,0,0,0,3,11,0
Febrero,6935,1951,D,2n Cycle,Married,78497.0,0,0,2013-12-01,44,207,M,26,447,75,0,223,1,5,7,12,2,0,0,0,1,0,0,3,11,0
Febrero,7698,1976,D,PhD,Married,51650.0,0,1,2014-05-11,81,152,M,3,22,2,5,7,1,4,1,4,5,0,0,0,0,0,0,3,11,0
Febrero,3559,1988,D,2n Cycle,Married,16248.0,1,0,2014-05-10,77,12,M,11,10,3,12,9,3,2,1,3,6,0,0,0,0,0,0,3,11,0
Febrero,10562,1946,D,Master,Married,66835.0,0,0,2013-09-28,21,620,M,26,195,34,17,141,1,6,4,13,2,0,0,0,0,0,0,3,11,0
Febrero,10796,1984,D,Master,Married,30477.0,1,0,2014-01-22,16,47,M,1,6,0,0,12,1,1,1,3,6,0,0,0,0,0,0,3,11,0
Febrero,2563,1961,D,Basic,Married,28249.0,0,0,2014-06-15,80,1,M,9,7,2,14,10,1,2,0,3,6,0,0,0,0,0,0,3,11,0
Febrero,3518,1983,D,Graduation,Married,25271.0,1,0,2012-12-05,45,10,M,1,18,10,4,7,1,1,1,2,9,0,0,0,0,0,0,3,11,0
Febrero,5823,1970,D,PhD,Single,32303.0,0,1,2014-03-08,63,35,M,0,2,0,0,2,2,1,0,4,5,0,0,0,0,0,0,3,11,0
Febrero,3934,1966,D,Graduation,Married,61286.0,0,1,2013-08-02,34,356,M,0,107,19,9,117,2,7,1,8,5,0,0,0,0,0,0,3,11,0
Febrero,6982,1976,D,Graduation,Married,74068.0,0,0,2013-03-19,14,783,M,30,537,140,76,15,1,4,10,9,2,0,0,0,0,0,0,3,11,0
Febrero,6431,1964,D,PhD,Married,45759.0,1,1,2013-02-23,13,42,M,1,18,3,0,4,2,2,0,3,7,0,0,0,0,0,0,3,11,0
Febrero,9733,1978,D,Basic,Together,24882.0,1,0,2012-09-09,52,1,M,4,10,29,0,36,1,1,1,2,6,1,0,0,0,0,0,3,11,0
Febrero,5602,1989,D,PhD,Together,66973.0,0,0,2013-05-17,98,466,M,22,432,147,113,102,1,8,7,12,3,0,0,0,0,0,0,3,11,0
Febrero,7829,1900,D,2n Cycle,Divorced,36640.0,1,0,2013-09-26,99,15,M,6,8,7,4,25,1,2,1,2,5,0,0,0,0,0,1,3,11,0
Febrero,1324,1988,D,Graduation,Married,38872.0,1,0,2013-05-30,93,23,M,3,21,3,19,22,2,3,0,3,8,0,0,0,0,0,0,3,11,0
Febrero,326,1973,D,Graduation,Married,51148.0,1,1,2013-02-18,38,235,M,6,45,8,9,12,4,5,1,6,6,0,0,0,0,0,0,3,11,0
Febrero,7224,1977,D,Graduation,Married,31353.0,1,1,2013-12-29,24,10,M,0,10,3,1,7,2,1,1,2,8,0,0,0,0,0,0,3,11,0
Febrero,6999,1980,D,Master,Married,69661.0,0,0,2014-05-13,80,656,M,16,106,32,16,8,1,7,3,12,3,0,0,0,0,0,0,3,11,0
Febrero,9938,1954,D,Graduation,Married,80067.0,0,0,2013-09-19,82,519,M,17,813,27,173,51,1,4,6,6,2,0,0,1,0,0,0,3,11,0
Febrero,6422,1954,D,Graduation,Married,86718.0,0,0,2013-01-17,20,344,M,189,482,50,33,172,1,5,6,5,2,0,0,0,0,0,0,3,11,0
Febrero,3182,1973,D,PhD,Single,46854.0,1,1,2014-03-31,81,96,M,1,79,7,1,79,6,5,1,3,8,1,0,0,0,0,0,3,11,1
Febrero,7300,1952,D,Graduation,Divorced,69142.0,0,1,2014-06-29,50,448,M,4,34,6,4,39,3,8,1,7,5,0,1,0,0,0,0,3,11,0
Febrero,10424,1968,D,Graduation,Single,75922.0,0,0,2013-12-09,60,265,M,138,553,224,23,92,1,4,4,9,1,0,0,0,0,0,0,3,11,0
Febrero,8727,1978,D,Graduation,Divorced,63693.0,0,1,2013-10-14,63,587,M,43,337,42,87,54,3,11,6,9,6,0,0,0,0,0,0,3,11,0
Febrero,2798,1977,D,PhD,Together,102160.0,0,0,2012-11-02,54,763,M,29,138,76,176,58,0,7,9,10,4,0,1,1,1,0,0,3,11,1
Febrero,1030,1965,D,PhD,Single,40637.0,1,1,2013-07-17,72,22,M,0,13,0,0,3,2,1,0,3,7,0,0,0,0,0,0,3,11,0
Febrero,624,1984,D,Master,Single,18890.0,0,0,2012-11-10,5,6,M,4,1,7,2,15,1,0,1,2,6,1,0,0,0,0,0,3,11,1
Febrero,5176,1988,D,Graduation,Together,29604.0,1,0,2013-12-08,88,7,M,6,13,7,6,14,1,1,0,3,9,1,0,0,0,0,0,3,11,0
Febrero,5552,1963,D,Master,Divorced,48721.0,1,1,2013-05-13,50,81,M,18,113,47,13,21,6,4,2,5,6,0,0,0,0,0,0,3,11,0
Febrero,868,1966,D,Graduation,Married,44794.0,0,1,2014-06-08,99,54,M,0,7,0,0,4,1,2,0,3,6,0,0,0,0,0,0,3,11,0
Febrero,380,1954,D,Graduation,Divorced,64497.0,0,1,2012-09-10,17,1170,M,48,320,42,32,192,5,11,4,9,8,1,0,0,0,0,0,3,11,1
Febrero,2677,1956,D,Graduation,Together,46097.0,0,1,2013-03-31,11,72,M,24,68,65,4,8,5,3,1,6,4,0,0,0,0,0,0,3,11,0
Febrero,6521,1954,D,Graduation,Together,77972.0,0,0,2014-03-18,18,613,M,22,319,33,102,12,1,4,6,9,1,0,0,0,0,0,0,3,11,0
Febrero,6927,1968,D,PhD,Married,44377.0,1,1,2012-10-05,70,224,M,0,30,0,0,10,8,5,1,5,8,0,0,0,0,0,0,3,11,0
Febrero,2877,1974,D,Master,Together,46014.0,1,1,2013-01-21,21,410,M,0,59,19,9,44,10,7,1,8,7,0,0,0,0,0,0,3,11,0
Febrero,0,1985,D,Graduation,Married,70951.0,0,0,2013-05-04,66,239,M,10,554,254,87,54,1,3,4,9,1,0,0,0,0,0,0,3,11,0
Febrero,1584,1977,D,Graduation,Married,41443.0,1,0,2014-04-01,79,171,M,7,171,25,19,89,6,8,1,5,8,0,0,0,0,0,0,3,11,0
Febrero,7264,1978,D,2n Cycle,Single,52195.0,2,1,2014-05-12,2,12,M,0,4,0,0,1,1,1,0,2,8,0,0,0,0,0,0,3,11,0
Febrero,6274,1948,D,Master,Married,83790.0,0,0,2013-11-15,81,1076,M,16,417,42,48,16,1,8,10,6,3,0,1,1,0,0,0,3,11,0
Febrero,1377,1954,D,Master,Widow,44551.0,0,1,2013-08-31,24,182,M,4,33,0,0,66,2,4,1,5,7,0,0,0,0,0,0,3,11,0
Febrero,454,1980,D,Graduation,Together,69508.0,1,0,2012-11-14,48,824,M,32,162,42,32,43,2,11,4,11,6,0,0,0,0,0,0,3,11,0
Febrero,1755,1988,D,2n Cycle,Together,45204.0,1,0,2014-04-11,93,30,M,11,25,29,1,18,1,1,1,4,3,0,0,0,0,0,0,3,11,0
Febrero,2075,1969,D,Graduation,Married,72460.0,0,0,2013-11-14,56,377,M,10,540,80,30,10,1,3,5,7,1,0,0,0,0,0,0,3,11,0
Febrero,4785,1970,D,PhD,Together,77622.0,0,2,2014-04-14,3,520,M,7,154,19,0,14,2,6,3,11,3,0,0,0,0,0,0,3,11,0
Febrero,9076,1980,D,PhD,Married,30732.0,1,0,2013-01-05,44,155,M,1,25,0,1,3,4,4,1,4,8,0,0,0,0,0,0,3,11,0
Febrero,7079,1962,D,Graduation,Divorced,63887.0,0,1,2012-09-08,38,897,M,23,207,15,11,92,5,9,6,12,6,0,0,0,0,0,0,3,11,0
Febrero,4653,1978,D,Graduation,Together,42011.0,1,0,2013-03-26,46,131,M,0,16,2,1,39,4,3,1,4,8,0,0,0,0,0,0,3,11,0
Febrero,7375,1976,D,Graduation,Together,51369.0,0,1,2012-10-25,84,297,M,7,79,0,11,182,2,8,2,4,8,0,0,0,0,0,0,3,11,0
Febrero,709,1952,D,Graduation,Divorced,51537.0,0,1,2012-12-09,27,787,M,20,204,0,0,92,3,2,2,11,8,0,0,0,0,0,0,3,11,0
Febrero,460,1972,D,PhD,Married,79930.0,0,0,2012-08-08,72,792,M,86,740,67,51,17,1,3,5,8,2,0,0,0,0,0,0,3,11,0
Febrero,3726,1986,D,PhD,Together,34320.0,1,0,2014-02-16,66,4,M,1,9,3,0,0,1,1,0,2,8,0,0,0,0,0,0,3,11,0
Febrero,6798,1966,D,Graduation,Single,37070.0,1,1,2013-03-20,30,231,M,7,137,4,15,39,9,5,1,8,7,0,0,0,0,0,0,3,11,1
Febrero,5341,1962,D,2n Cycle,Divorced,81975.0,0,1,2013-01-05,2,983,M,76,184,180,138,27,1,6,3,4,7,0,0,1,0,0,0,3,11,0
Febrero,1606,1971,D,Graduation,Together,38590.0,1,0,2013-05-15,65,3,M,1,8,4,3,3,1,1,0,2,8,0,0,0,0,0,0,3,11,0
Febrero,9617,1951,D,Graduation,Single,15033.0,0,0,2014-04-16,37,0,M,4,5,6,0,4,1,1,0,3,3,0,0,0,0,0,0,3,11,0
Febrero,3233,1965,D,PhD,Married,62745.0,0,1,2013-03-23,89,562,M,21,464,28,10,32,3,7,8,11,5,0,0,0,0,0,0,3,11,0
Febrero,89,1975,D,2n Cycle,Married,22212.0,1,0,2013-12-09,49,5,M,9,20,6,8,21,2,2,0,4,6,0,0,0,0,0,0,3,11,0
Febrero,2936,1982,D,Master,Together,23661.0,1,0,2013-12-04,46,18,M,0,4,0,0,1,1,1,0,3,7,0,0,0,0,0,0,3,11,0
Febrero,9449,1958,D,PhD,Single,79761.0,0,1,2013-10-04,32,415,M,5,124,15,35,11,1,5,2,11,3,0,0,0,0,0,0,3,11,0
Febrero,7297,1973,D,Graduation,Single,7500.0,1,0,2013-12-26,54,5,M,3,10,12,7,20,4,3,1,3,7,0,0,0,0,0,0,3,11,0
Febrero,11004,1893,D,2n Cycle,Single,60182.0,0,1,2014-05-17,23,8,M,0,5,7,0,2,1,1,0,2,4,0,0,0,0,0,0,3,11,0
Febrero,313,1968,D,Graduation,Widow,73455.0,0,0,2013-10-28,98,901,M,61,757,186,163,20,1,6,5,10,3,0,1,0,0,0,0,3,11,0
Febrero,9940,1958,D,Graduation,Together,64961.0,0,1,2012-12-23,97,382,M,114,276,75,124,38,2,6,4,4,3,0,0,0,0,0,0,3,11,0
Febrero,10735,1971,D,Graduation,Single,22804.0,1,0,2013-07-31,75,14,M,1,7,2,1,1,1,2,0,2,9,0,0,0,0,0,0,3,11,0
Febrero,9529,1990,D,Graduation,Married,73687.0,0,0,2013-11-28,8,559,M,153,503,218,13,181,1,3,9,9,2,0,0,0,1,0,0,3,11,1
Febrero,6439,1958,D,Graduation,Married,61074.0,0,1,2012-08-17,37,789,M,0,133,0,28,152,7,11,5,8,7,0,0,0,0,0,0,3,11,0
Febrero,7411,1964,D,PhD,Married,31686.0,1,1,2014-06-05,31,11,M,0,5,0,0,1,2,1,0,3,6,0,0,0,0,0,0,3,11,0
Febrero,2176,1972,D,Graduation,Married,80134.0,1,0,2013-05-20,40,1218,M,16,272,104,0,80,2,5,3,6,6,0,1,1,1,0,0,3,11,1
Febrero,9265,1953,D,Graduation,Married,75027.0,0,1,2013-01-09,74,925,M,64,179,133,12,77,2,9,4,6,5,0,0,0,0,0,0,3,11,0
Febrero,8867,1988,D,PhD,Married,67546.0,0,0,2012-08-31,90,864,M,134,768,150,38,172,1,4,10,5,3,0,0,0,0,0,0,3,11,0
Febrero,8932,1969,D,Master,Together,65176.0,0,1,2012-10-29,57,960,M,28,183,220,70,70,4,9,6,6,6,0,0,0,0,0,0,3,11,0
Febrero,10236,1975,D,Master,Single,31160.0,1,0,2013-09-16,59,16,M,3,25,6,1,13,2,2,0,3,8,0,0,0,0,0,0,3,11,0
Febrero,6340,1985,D,Graduation,Single,29938.0,1,0,2013-10-27,52,3,M,3,7,0,2,11,2,1,0,3,6,0,0,0,0,0,0,3,11,0
Febrero,10089,1974,D,Graduation,Divorced,102692.0,0,0,2013-04-05,5,168,M,148,444,32,172,148,1,6,9,13,2,0,1,1,1,1,0,3,11,1
Febrero,2227,1958,D,2n Cycle,Together,26490.0,0,0,2012-09-22,92,45,M,47,52,21,20,25,2,3,1,5,6,0,0,0,0,0,0,3,11,0
Febrero,10992,1967,D,Graduation,Together,75702.0,1,1,2012-08-29,77,650,M,28,353,45,42,30,5,4,6,11,8,0,0,0,0,0,0,3,11,0
Febrero,5304,1974,D,PhD,Single,30899.0,1,0,2012-10-13,35,24,M,0,8,0,0,1,2,1,0,3,6,0,0,0,0,0,0,3,11,0
Febrero,309,1961,D,PhD,Together,63342.0,0,1,2012-10-16,48,918,M,21,118,13,10,21,3,8,3,5,6,0,1,0,0,0,0,3,11,0
Febrero,3406,1964,D,Graduation,Single,45989.0,0,1,2012-10-22,97,138,M,33,87,28,24,12,4,3,2,7,3,0,0,0,0,0,0,3,11,0
Febrero,2661,1964,D,Graduation,Single,18701.0,1,1,2013-06-04,95,12,M,4,2,10,6,10,4,2,0,4,5,0,0,0,0,0,0,3,11,0
Febrero,3153,1957,D,PhD,Single,40737.0,2,1,2013-12-08,24,11,M,0,4,0,0,2,1,1,0,2,8,0,0,0,0,0,0,3,11,0
Febrero,10264,1979,D,Graduation,Divorced,15287.0,1,0,2012-10-10,60,1,M,2,8,4,3,13,2,1,1,2,7,1,0,0,0,0,0,3,11,1
Febrero,1184,1968,D,PhD,Divorced,69674.0,0,2,2013-05-22,46,554,M,41,215,11,0,24,3,10,2,10,5,0,0,0,0,0,0,3,11,0
Febrero,4200,1970,D,Master,Married,44159.0,1,0,2014-06-17,85,167,M,2,62,24,13,7,4,4,1,6,5,0,0,0,0,0,0,3,11,0
Febrero,9396,1978,D,PhD,Married,37717.0,1,0,2012-11-23,31,9,M,0,6,4,1,5,1,1,0,2,9,0,0,0,0,0,0,3,11,0
Febrero,2387,1952,D,Master,Together,43776.0,1,1,2013-02-03,9,177,M,2,71,3,2,20,6,5,2,4,8,0,0,0,0,0,0,3,11,1
Febrero,6690,1966,D,Master,Married,38179.0,1,1,2013-03-14,30,38,M,4,22,4,2,20,4,3,1,3,7,0,0,0,0,0,0,3,11,0
Febrero,1225,1963,D,Graduation,Married,80124.0,0,0,2014-06-26,47,483,M,84,398,205,84,241,1,3,7,8,1,1,0,0,0,0,0,3,11,0
Febrero,9703,1970,D,PhD,Married,38097.0,1,1,2012-10-15,70,77,M,2,35,0,1,69,4,3,2,2,7,1,0,0,0,0,0,3,11,1
Febrero,291,1970,D,Graduation,Married,72940.0,0,0,2013-06-19,13,182,M,74,298,162,149,116,1,3,3,6,1,0,0,0,0,0,0,3,11,0
Febrero,4557,1970,D,Graduation,Together,22070.0,1,0,2013-10-04,11,10,M,7,19,8,2,21,2,2,2,2,6,0,0,0,0,0,0,3,11,0
Febrero,2379,1953,D,Graduation,Single,69267.0,0,0,2012-09-22,31,778,M,44,499,95,73,146,2,3,4,5,7,0,0,0,0,0,0,3,11,1
Febrero,5726,1983,D,Master,Single,31788.0,1,0,2014-03-20,15,16,M,7,23,0,8,6,3,3,0,4,5,0,0,0,0,0,1,3,11,0
Febrero,3066,1975,D,PhD,Together,61905.0,0,1,2014-02-04,2,167,M,0,43,6,2,13,2,4,2,4,5,0,0,0,0,0,0,3,11,0
Febrero,6336,1960,D,Graduation,Married,29315.0,1,1,2014-04-06,55,13,M,2,14,8,7,4,4,2,0,4,6,0,0,0,0,0,0,3,11,0
Febrero,10967,1963,D,Graduation,Divorced,33378.0,1,1,2013-02-06,38,33,M,6,40,3,7,10,3,2,0,4,7,0,0,0,0,0,0,3,11,0
Febrero,2304,1963,D,PhD,Together,66313.0,0,1,2013-09-16,86,625,M,7,99,10,22,7,2,6,3,12,4,0,0,0,0,0,0,3,11,0
Febrero,3445,1956,D,Graduation,Single,60714.0,0,0,2013-01-17,56,216,M,162,224,101,92,162,2,7,4,10,5,0,0,0,0,0,0,3,11,1
Febrero,7828,1981,D,Master,Together,77882.0,0,0,2014-04-30,29,68,M,129,396,188,22,15,1,3,3,5,1,0,0,0,0,0,0,3,11,0
Febrero,3762,1986,D,PhD,Single,69867.0,0,0,2013-04-02,30,196,M,0,512,33,130,54,1,3,5,8,1,0,0,0,1,0,0,3,11,1
Febrero,4391,1968,D,Master,Divorced,63841.0,0,1,2013-04-21,64,635,M,15,100,20,7,131,1,9,3,9,6,0,0,0,0,0,0,3,11,0
Febrero,4669,1981,D,Basic,Married,24480.0,1,0,2013-02-11,46,4,M,19,9,28,25,17,3,3,0,4,7,0,0,0,0,0,0,3,11,0
Febrero,10144,1976,D,Graduation,Together,51369.0,0,1,2012-10-25,84,297,M,7,79,0,11,182,2,8,2,4,8,0,0,0,0,0,0,3,11,0
Febrero,8652,1946,D,Graduation,Together,37760.0,0,0,2012-08-31,20,84,M,5,38,150,12,28,2,4,1,6,7,0,0,0,0,0,0,3,11,0
Febrero,1672,1974,D,PhD,Together,65640.0,0,1,2014-03-01,74,204,M,7,149,20,15,66,1,5,1,8,2,0,0,0,0,0,0,3,11,0
Febrero,8962,1975,D,Master,Married,44319.0,1,1,2014-04-17,18,26,M,0,8,0,0,3,2,2,0,3,5,0,0,0,0,0,0,3,11,0
Febrero,9974,1974,D,Graduation,Married,30631.0,1,0,2013-07-12,75,15,M,6,20,4,5,20,1,3,1,2,7,0,0,0,0,0,0,3,11,0
Febrero,10983,1952,D,Graduation,Together,75278.0,0,0,2013-01-29,17,304,M,98,230,150,74,74,1,6,3,13,3,0,0,0,0,0,0,3,11,0
Febrero,8148,1956,D,Master,Together,50898.0,1,1,2013-01-08,88,285,M,28,242,55,114,135,13,6,2,12,5,0,0,0,0,0,0,3,11,0
Febrero,10102,1966,D,Graduation,Widow,79946.0,0,0,2014-05-12,19,395,M,183,565,166,141,28,1,5,11,5,3,0,0,0,0,0,0,3,11,0
Febrero,4697,1949,D,Master,Divorced,35416.0,0,0,2013-06-13,62,248,M,3,81,4,3,51,3,7,1,5,8,0,0,0,0,0,0,3,11,0
Febrero,9262,1984,D,2n Cycle,Together,32414.0,0,0,2013-07-04,11,20,M,6,5,0,9,12,1,1,0,3,7,1,0,0,0,0,0,3,11,0
Febrero,7254,1969,D,Graduation,Together,38361.0,1,0,2013-12-27,74,39,M,0,56,20,8,14,3,3,1,3,7,0,0,0,0,0,0,3,11,0
Febrero,4543,1980,D,Graduation,Married,82497.0,0,0,2012-10-31,32,777,M,129,573,216,21,203,1,2,7,9,4,0,0,1,0,0,0,3,11,0
Febrero,4927,1971,D,Graduation,Together,16626.0,2,0,2014-01-15,76,8,M,3,22,21,1,13,3,3,0,3,9,0,0,0,0,0,0,3,11,0
Febrero,10451,1965,D,Graduation,Together,29672.0,1,1,2013-03-12,6,9,M,1,3,0,4,8,1,0,0,3,6,0,0,0,0,0,0,3,11,0
Febrero,2926,1952,D,Master,Together,55951.0,0,1,2012-08-23,62,1241,M,0,80,0,13,40,3,3,6,11,8,0,1,0,0,1,0,3,11,0
Febrero,2874,1988,D,2n Cycle,Divorced,35388.0,1,0,2013-03-07,20,6,M,4,7,4,3,8,1,1,0,3,7,0,0,0,0,0,0,3,11,0
Febrero,9738,1986,D,Master,Together,42386.0,1,0,2013-01-13,43,65,M,4,16,0,4,11,1,3,0,3,8,0,0,0,0,0,0,3,11,0
Febrero,7119,1982,D,Graduation,Single,68627.0,0,0,2013-01-12,45,395,M,15,263,60,54,38,1,2,3,6,1,0,0,0,0,0,0,3,11,0
Febrero,3924,1965,D,PhD,Divorced,57912.0,0,1,2014-03-17,34,801,M,0,80,0,0,35,5,8,3,12,5,0,1,0,0,0,0,3,11,0
Febrero,5827,1958,D,Graduation,Divorced,35246.0,1,1,2014-04-16,53,36,M,0,12,2,2,10,4,3,1,3,5,0,0,0,0,0,0,3,11,0
Febrero,5596,1956,D,2n Cycle,Together,58821.0,0,1,2013-10-12,44,513,M,14,154,19,0,28,1,9,2,9,6,0,0,0,0,0,0,3,11,0
Febrero,10812,1978,D,PhD,Married,46377.0,1,0,2014-03-01,89,37,M,0,46,4,3,0,1,2,1,3,4,0,0,0,0,0,0,3,11,0
Febrero,1717,1988,D,Graduation,Single,39747.0,1,0,2014-04-13,43,80,M,15,93,20,13,52,3,5,1,4,8,0,0,0,0,0,0,3,11,0
Febrero,9491,1984,D,Graduation,Together,23976.0,1,0,2013-12-27,68,14,M,1,21,2,3,25,3,3,1,3,7,0,0,0,0,0,0,3,11,0
Febrero,9274,1961,D,Master,Married,80950.0,0,0,2013-03-28,44,525,M,147,112,219,147,63,1,6,7,9,2,0,0,0,1,0,0,3,11,0
Febrero,6609,1966,D,Graduation,Widow,27038.0,0,0,2012-09-18,64,1,M,26,25,17,23,15,1,3,0,3,9,0,0,0,0,0,0,3,11,1
Febrero,6963,1947,D,Graduation,Single,77457.0,0,0,2014-03-05,85,675,M,11,400,15,45,11,1,2,5,10,1,0,0,1,0,0,0,3,11,0
Febrero,4440,1964,D,Master,Married,64100.0,0,1,2013-09-10,93,509,M,0,27,0,0,10,1,8,3,6,7,0,1,0,0,0,0,3,11,0
Febrero,1379,1992,D,Master,Together,42670.0,0,0,2013-04-27,12,154,M,2,46,20,4,15,1,4,2,4,4,0,0,0,0,0,0,3,11,0
Febrero,10032,1976,D,Graduation,Divorced,12571.0,1,0,2014-01-18,86,3,M,5,14,2,12,17,4,3,1,3,6,0,0,0,0,0,0,3,11,0
Febrero,2826,1967,D,Graduation,Married,22574.0,2,1,2013-10-28,28,25,M,0,8,2,0,2,2,2,0,3,7,0,0,0,0,0,0,3,11,0
Febrero,2437,1989,D,Graduation,Married,,0,0,2013-06-03,69,861,M,138,461,60,30,61,1,6,5,12,3,0,1,0,1,0,0,3,11,0
Febrero,6320,1976,D,Master,Single,70893.0,0,0,2013-02-06,42,768,M,44,561,77,44,14,1,6,6,10,3,0,0,0,0,0,0,3,11,0
Febrero,3050,1966,D,Graduation,Married,54198.0,1,1,2013-12-17,13,185,M,0,28,3,2,17,6,3,1,6,4,0,0,0,0,0,0,3,11,0
Febrero,231,1956,D,Master,Together,28839.0,1,1,2014-03-11,86,24,M,0,7,0,0,1,2,2,0,3,5,0,0,0,0,0,0,3,11,0
Febrero,2392,1972,D,Graduation,Married,40321.0,1,1,2013-07-29,59,44,M,4,21,6,0,27,2,3,0,3,7,0,0,0,0,0,0,3,11,0
Febrero,9478,1985,D,Graduation,Single,66503.0,1,0,2012-08-14,30,91,M,64,128,65,3,50,2,4,3,6,3,0,0,0,0,0,0,3,11,0
Febrero,113,1951,D,Graduation,Married,30833.0,1,1,2013-07-16,33,11,M,0,7,3,1,6,2,1,0,3,5,0,0,0,0,0,0,3,11,0
Febrero,2863,1970,D,Graduation,Single,,1,2,2013-08-23,67,738,M,20,172,52,50,20,6,2,3,10,7,0,1,0,1,0,0,3,11,0
Febrero,1802,1971,D,Graduation,Married,64795.0,0,1,2013-01-17,23,412,M,5,119,38,29,77,3,3,3,12,2,0,0,0,0,0,0,3,11,0
Febrero,520,1974,D,Graduation,Married,34421.0,1,0,2013-07-01,81,3,M,3,7,6,2,9,1,1,0,2,7,0,0,0,0,0,0,3,11,0
Febrero,8275,1965,D,PhD,Divorced,47025.0,1,1,2014-02-09,6,16,M,0,3,0,0,1,1,1,0,2,7,0,0,0,0,0,0,3,11,0
Febrero,9750,1961,D,PhD,Divorced,64325.0,0,1,2013-02-07,41,731,M,60,353,78,12,73,5,10,3,5,7,0,0,0,0,0,0,3,11,0
Febrero,2607,1953,D,Graduation,Single,40464.0,0,1,2013-01-11,78,424,M,17,118,7,23,41,6,8,2,8,8,0,0,0,0,0,0,3,11,0
Febrero,7214,1957,D,Graduation,Married,62187.0,0,0,2013-07-05,49,792,M,0,275,45,45,126,1,4,8,5,3,0,0,0,0,0,0,3,11,0
Febrero,5835,1976,D,PhD,Divorced,14849.0,1,0,2013-07-02,39,21,M,2,28,3,2,9,3,2,0,4,8,0,0,0,0,0,0,3,11,0
Febrero,3896,1984,D,Graduation,Married,27255.0,1,0,2013-11-07,3,22,M,1,11,0,1,2,1,1,0,3,7,0,0,0,0,0,0,3,11,0
Febrero,10350,1950,D,PhD,Married,54432.0,2,1,2013-05-09,37,33,M,0,5,0,0,0,1,1,0,3,4,0,0,0,0,0,0,3,11,0
Febrero,7786,1986,D,PhD,Single,29999.0,1,0,2013-02-13,22,68,M,7,59,10,5,11,4,3,1,4,8,0,0,0,0,0,0,3,11,0
Febrero,2861,1983,D,Graduation,Single,24072.0,1,0,2013-04-16,79,9,M,1,6,3,0,4,1,1,0,2,8,0,0,0,0,0,0,3,11,0
Febrero,663,1989,D,PhD,Single,33996.0,0,0,2013-09-11,46,40,M,2,15,8,0,6,1,1,1,3,4,0,0,0,0,0,0,3,11,0
Febrero,10675,1956,D,PhD,Married,66334.0,0,1,2013-04-03,82,909,M,11,218,0,0,23,2,9,3,5,5,0,0,0,0,0,0,3,11,1
Febrero,2521,1971,D,Master,Married,35178.0,1,0,2013-01-10,10,23,M,1,13,2,2,18,1,1,1,2,7,1,0,0,0,0,0,3,11,1
Febrero,9592,1983,D,Graduation,Together,22010.0,1,0,2013-06-30,51,11,M,2,9,3,0,8,2,2,0,3,8,0,0,0,0,0,0,3,11,0
Febrero,10151,1960,D,Graduation,Divorced,62204.0,0,2,2012-09-12,38,317,M,46,247,151,46,139,1,4,5,12,3,0,0,0,0,0,0,3,11,0
Febrero,7381,1968,D,Graduation,Divorced,75693.0,0,0,2012-12-06,10,797,M,153,293,72,97,30,1,11,4,6,4,0,1,1,1,0,0,3,11,1
Febrero,4099,1972,D,Graduation,Married,30675.0,1,0,2012-11-12,14,10,M,2,16,11,2,21,1,1,0,3,8,0,0,0,0,0,0,3,11,0
Febrero,9560,1965,D,Graduation,Together,83003.0,0,0,2013-03-03,18,856,M,61,570,40,25,122,1,7,6,8,3,0,0,1,0,0,0,3,11,1
Febrero,1150,1899,D,PhD,Together,83532.0,0,0,2013-09-26,36,755,M,144,562,104,64,224,1,4,6,4,1,0,0,1,0,0,0,3,11,0
Febrero,10172,1988,D,Graduation,Single,68655.0,0,0,2012-08-10,95,456,M,19,832,75,118,38,1,4,5,11,3,0,0,0,0,0,0,3,11,0
Febrero,11191,1986,D,Graduation,Divorced,41411.0,0,0,2013-12-07,11,37,M,32,38,11,3,18,1,2,1,4,6,0,0,0,0,0,0,3,11,0
Febrero,9707,1969,D,PhD,Married,55212.0,0,1,2012-11-23,65,1103,M,0,45,0,0,34,3,4,2,11,8,0,1,0,0,1,0,3,11,0
Febrero,6245,1950,D,PhD,Together,59292.0,0,1,2013-06-13,71,378,M,14,68,19,14,14,2,3,5,8,3,0,0,0,0,0,0,3,11,0
Febrero,8234,1973,D,Basic,Together,27190.0,1,0,2013-08-15,13,1,M,6,7,0,1,3,1,1,0,2,8,1,0,0,0,0,0,3,11,1
Febrero,1411,1952,D,Graduation,Divorced,82623.0,0,0,2013-11-10,58,204,M,34,204,172,153,173,1,2,9,4,1,0,0,0,0,0,0,3,11,0
Febrero,8553,1965,D,Graduation,Married,44300.0,1,1,2013-06-23,65,30,M,0,9,0,0,3,2,1,0,3,6,0,0,0,0,0,0,3,11,0
Febrero,1826,1970,D,Graduation,Divorced,84835.0,0,0,2014-06-16,0,189,M,104,379,111,189,218,1,4,4,6,1,0,0,0,0,0,0,3,11,1
Febrero,8842,1971,D,Graduation,Widow,30372.0,1,1,2012-12-25,33,15,M,0,12,7,3,7,3,2,0,3,7,0,0,0,0,0,0,3,11,0
Febrero,11030,1976,D,Master,Married,33181.0,1,0,2014-01-03,90,9,M,0,3,0,0,4,1,1,0,2,6,1,0,0,0,0,0,3,11,0
Febrero,2579,1957,D,Graduation,Married,71113.0,0,1,2013-12-17,95,495,M,33,255,11,33,8,4,6,7,9,4,0,0,0,0,0,0,3,11,0
Febrero,175,1986,D,Graduation,Married,71952.0,1,0,2013-01-10,93,656,M,80,455,52,107,93,2,8,4,8,4,1,0,1,0,0,0,3,11,0
Febrero,9185,1966,D,PhD,Single,69759.0,0,0,2013-10-28,38,452,M,20,514,13,30,0,3,4,6,5,3,0,0,0,0,0,0,3,11,1
Febrero,11056,1974,D,Graduation,Married,72099.0,0,0,2012-10-27,18,546,M,91,410,119,0,22,1,3,4,10,1,0,0,0,0,0,0,3,11,0
Febrero,9365,1976,D,PhD,Single,60000.0,0,1,2012-12-22,57,1048,M,0,217,0,0,12,5,11,3,5,6,0,0,0,0,0,0,3,11,0
Febrero,6201,1978,D,Graduation,Single,38643.0,1,1,2013-11-29,45,22,M,2,14,0,1,10,2,2,0,3,7,0,0,0,0,0,1,3,11,0
Febrero,2061,1955,D,Graduation,Married,50737.0,0,1,2013-05-11,61,78,M,0,11,0,0,10,1,2,0,4,6,0,1,0,0,0,0,3,11,0
Febrero,6184,1969,D,PhD,Married,68462.0,0,0,2012-12-12,6,561,M,64,785,84,128,48,1,3,3,8,1,0,0,0,0,0,0,3,11,0
Febrero,6142,1943,D,Master,Married,65073.0,0,0,2013-08-20,65,629,M,17,177,69,0,8,1,5,3,5,2,0,0,0,0,0,1,3,11,0
Febrero,4107,1948,D,PhD,Together,46681.0,0,2,2013-10-08,52,269,M,15,69,15,19,38,2,4,6,4,5,0,0,0,0,0,0,3,11,0
Febrero,7274,1957,D,Graduation,Married,78618.0,0,0,2012-09-28,87,736,M,163,818,212,163,61,1,4,7,10,2,0,1,0,0,0,0,3,11,0
Febrero,9336,1969,D,PhD,Widow,62187.0,0,1,2014-03-22,38,512,M,0,83,0,0,41,3,6,2,10,4,0,0,0,0,0,0,3,11,0
Febrero,2958,1978,D,Graduation,Married,28442.0,2,0,2014-02-24,53,19,M,3,10,11,8,6,3,2,1,4,4,0,0,0,0,0,0,3,11,0
Febrero,933,1978,D,PhD,Married,37717.0,1,0,2012-11-23,31,9,M,0,6,4,1,5,1,1,0,2,9,0,0,0,0,0,0,3,11,0
Febrero,5837,1967,D,Graduation,Married,51479.0,1,1,2012-12-28,67,247,M,8,160,6,8,65,7,6,3,6,7,0,0,0,0,0,0,3,11,0
Febrero,10704,1969,D,Graduation,Single,54803.0,0,1,2012-08-21,65,404,M,0,92,28,27,142,2,6,2,9,4,0,0,0,0,0,0,3,11,0
Febrero,5125,1960,D,Graduation,Married,79530.0,0,0,2013-05-17,64,333,M,0,815,129,42,29,1,4,10,11,2,0,0,0,0,0,0,3,11,0
Febrero,4432,1976,D,Graduation,Divorced,31615.0,1,0,2013-03-16,82,2,M,3,20,6,11,9,2,2,0,3,7,0,0,0,0,0,0,3,11,0
Febrero,5955,1962,D,Graduation,Together,72025.0,0,0,2012-11-17,27,833,M,33,549,151,133,233,1,4,3,8,3,0,0,0,0,0,0,3,11,0
Febrero,2928,1975,D,PhD,Single,52614.0,0,1,2012-12-01,63,789,M,0,142,12,9,38,2,2,4,8,8,0,0,0,0,0,0,3,11,0
Febrero,5680,1984,D,2n Cycle,Married,35684.0,1,0,2014-04-22,66,10,M,4,7,0,6,3,1,1,0,3,6,0,0,0,0,0,0,3,11,0
Febrero,10313,1975,D,Graduation,Married,48178.0,1,1,2012-10-28,69,159,M,4,45,6,2,38,6,5,1,4,8,0,0,0,0,0,0,3,11,0
Febrero,2557,1970,D,Master,Single,29548.0,1,0,2013-08-29,52,7,M,1,6,3,1,11,1,1,1,2,4,1,0,0,0,0,0,3,11,0
Febrero,1245,1966,D,Graduation,Single,63810.0,0,1,2012-11-11,45,977,M,12,253,16,12,101,4,4,3,12,8,0,1,0,0,0,0,3,11,0
Febrero,1519,1972,D,PhD,Single,38578.0,1,1,2013-06-22,2,38,M,4,22,3,3,3,3,3,0,3,8,0,0,0,0,0,0,3,11,1
Febrero,10703,1975,D,Master,Single,46098.0,1,1,2012-08-18,86,57,M,0,27,0,0,36,4,3,2,2,8,0,0,0,0,0,0,3,11,0
Febrero,1726,1970,D,Graduation,Single,22585.0,0,0,2013-03-18,23,3,M,9,15,13,2,39,1,1,1,2,9,1,0,0,0,0,0,3,11,1
Febrero,4459,1989,D,Graduation,Single,30279.0,1,0,2012-12-30,13,10,M,4,14,4,4,1,1,1,0,3,8,0,0,0,0,0,0,3,11,0
Febrero,1729,1961,D,PhD,Together,66426.0,0,1,2013-10-02,14,1043,M,24,97,32,24,157,2,3,5,10,6,0,0,0,0,0,0,3,11,0
Febrero,1517,1969,D,Graduation,Single,30822.0,1,0,2013-06-14,92,3,M,9,13,2,12,12,1,1,0,3,7,0,0,0,0,0,0,3,11,0
Febrero,2098,1969,D,PhD,Married,33581.0,2,0,2013-01-08,38,11,M,0,5,0,0,1,1,1,0,2,8,0,0,0,0,0,0,3,11,0
Febrero,9543,1985,D,Graduation,Married,19986.0,1,0,2013-11-14,74,3,M,6,5,0,2,6,1,0,0,3,7,0,0,0,0,0,0,3,11,0
Febrero,6878,1954,D,Graduation,Widow,27421.0,0,0,2012-12-12,14,43,M,12,96,78,40,55,3,4,1,6,7,0,0,0,0,0,0,3,11,0
Febrero,3310,1973,D,2n Cycle,Married,35688.0,2,1,2012-08-22,94,73,M,3,90,12,1,32,7,4,1,4,8,0,0,0,0,0,0,3,11,0
Febrero,2724,1981,D,Master,Single,36143.0,1,0,2014-03-30,33,12,M,0,1,0,0,6,1,0,1,2,3,0,0,0,0,0,0,3,11,0
Febrero,948,1971,D,Graduation,Single,10245.0,1,0,2013-05-15,32,4,M,7,7,6,4,13,3,1,2,2,5,0,0,0,0,0,0,3,11,0
Febrero,6720,1968,D,Master,Together,43795.0,0,1,2013-10-16,11,314,M,11,53,4,3,107,3,7,3,4,7,0,1,0,0,0,0,3,11,1
Febrero,6202,1960,D,Graduation,Together,63381.0,0,1,2012-10-05,78,571,M,50,142,33,50,159,4,4,5,13,2,0,0,0,0,0,0,3,11,0
Febrero,2066,1949,D,Graduation,Together,38823.0,0,1,2012-08-30,56,70,M,0,11,2,8,23,1,2,1,3,6,0,0,0,0,0,0,3,11,0
Febrero,9799,1968,D,PhD,Divorced,83664.0,1,1,2013-05-08,57,866,M,21,151,28,21,86,3,2,2,12,5,0,0,0,0,0,0,3,11,0
Febrero,8318,1979,D,Graduation,Together,90300.0,0,0,2014-01-03,7,594,M,134,786,33,134,57,0,5,6,8,1,0,0,1,0,0,0,3,11,0
Febrero,5642,1979,D,Master,Together,62499.0,1,0,2013-12-09,0,140,M,4,61,0,13,4,2,3,1,6,4,0,0,0,0,0,0,3,11,0
Febrero,2669,1993,D,Graduation,Single,74293.0,0,0,2014-05-04,66,375,M,152,335,93,91,81,1,5,4,6,2,0,0,0,0,0,0,3,11,0
Febrero,455,1946,D,PhD,Married,51012.0,0,0,2013-04-18,86,102,M,9,63,2,9,24,1,4,1,4,6,0,0,0,0,0,0,3,11,0
Febrero,7683,1968,D,Master,Married,70777.0,0,1,2014-02-25,80,554,M,35,113,0,7,78,3,5,3,12,3,0,0,0,0,0,0,3,11,0
Febrero,3428,1991,D,PhD,Together,68682.0,0,0,2013-10-06,56,919,M,0,505,99,30,45,1,4,9,10,2,0,0,0,0,0,0,3,11,0
Febrero,7414,1971,D,Graduation,Married,43824.0,1,1,2012-09-15,18,96,M,1,42,12,3,32,4,3,1,4,8,0,0,0,0,0,0,3,11,0
Febrero,6354,1984,D,Graduation,Together,15345.0,1,0,2012-08-31,51,5,M,2,16,3,2,19,2,1,1,2,8,0,0,0,0,0,0,3,11,1
Febrero,798,1987,D,Graduation,Single,23442.0,1,0,2012-12-24,71,2,M,0,6,8,6,5,1,1,0,3,7,0,0,0,0,0,0,3,11,0
Febrero,8213,1980,D,2n Cycle,Together,14515.0,1,0,2012-11-09,71,6,M,4,9,6,36,35,4,2,2,3,7,0,0,0,0,0,0,3,11,1
Febrero,2488,1956,D,2n Cycle,Divorced,31395.0,1,1,2013-03-23,80,23,M,1,25,0,8,7,4,2,1,3,6,0,0,0,0,0,0,3,11,0
Febrero,9999,1965,D,Graduation,Together,75276.0,0,0,2012-09-27,2,610,M,105,125,137,42,21,1,9,4,9,5,0,0,0,0,0,0,3,11,0
Febrero,7617,1974,D,Graduation,Single,42373.0,1,1,2013-08-15,83,67,M,5,61,3,8,19,5,2,1,5,5,0,0,0,0,0,0,3,11,0
Febrero,615,1960,D,Graduation,Together,30507.0,0,0,2013-03-11,29,65,M,36,74,38,20,110,1,5,1,4,7,0,0,0,0,0,0,3,11,0
Febrero,2552,1955,D,PhD,Single,55521.0,1,2,2013-10-22,11,416,M,0,26,0,0,4,9,6,3,6,7,0,1,0,0,0,0,3,11,1
Febrero,194,1965,D,Graduation,Married,48006.0,1,1,2014-06-09,55,23,M,0,11,3,2,2,1,1,0,3,6,0,0,0,0,0,0,3,11,0
Febrero,3645,1972,D,PhD,Single,27213.0,1,0,2012-08-30,19,19,M,3,26,10,9,3,3,2,0,4,8,0,0,0,0,0,0,3,11,1
Febrero,8890,1971,D,PhD,Divorced,65808.0,1,1,2014-05-30,1,155,M,7,80,13,7,10,3,5,1,5,6,0,0,0,0,0,0,3,11,0
Febrero,5049,1974,D,PhD,Together,30351.0,1,0,2013-06-06,19,14,M,0,24,3,3,2,1,3,0,2,9,0,0,0,0,0,0,3,11,0
Febrero,9973,1963,D,Graduation,Married,50437.0,0,2,2012-10-17,28,370,M,9,92,6,9,4,3,7,1,8,7,0,0,0,0,0,0,3,11,0
Febrero,7301,1982,D,2n Cycle,Single,23616.0,1,0,2012-11-17,76,4,M,22,11,3,7,32,2,3,0,3,8,0,0,0,0,0,0,3,11,1
Febrero,10882,1976,D,Graduation,Married,53858.0,0,1,2012-11-09,50,407,M,53,221,58,150,26,4,4,3,6,4,0,0,0,0,0,0,3,11,0
Febrero,7030,1955,D,PhD,Married,66465.0,0,1,2013-03-30,1,1200,M,0,204,38,29,14,3,11,9,12,6,0,0,0,1,0,0,3,11,0
Febrero,7422,1987,D,Graduation,Single,46923.0,1,0,2012-08-22,90,85,M,44,54,102,78,6,3,5,1,7,7,0,0,0,0,0,0,3,11,0
Febrero,3523,1962,D,Graduation,Together,75072.0,0,1,2013-01-23,83,583,M,34,309,0,22,125,2,5,4,8,3,0,0,0,0,0,0,3,11,0
Febrero,7106,1943,D,PhD,Married,75865.0,0,0,2014-03-31,73,483,M,0,591,156,0,12,1,3,5,10,1,0,0,0,0,0,0,3,11,0
Febrero,6504,1975,D,2n Cycle,Together,19789.0,1,0,2013-11-20,24,2,M,5,9,28,6,28,3,2,1,3,5,1,0,0,0,0,0,3,11,0
Febrero,5067,1994,D,Graduation,Together,80134.0,0,0,2014-02-14,11,966,M,26,282,52,26,26,1,2,7,11,5,0,1,1,1,1,0,3,11,0
Febrero,4216,1981,D,Graduation,Single,91065.0,0,0,2013-02-22,33,822,M,114,108,179,137,114,1,7,9,9,3,0,0,1,1,0,0,3,11,1
Febrero,8581,1971,D,Master,Married,49505.0,1,1,2013-03-05,4,604,M,0,100,19,0,28,9,10,2,8,8,0,0,0,0,0,0,3,11,0
Febrero,5929,1973,D,PhD,Married,37401.0,1,0,2014-05-06,14,19,M,3,19,3,1,3,2,2,0,3,7,0,0,0,0,0,0,3,11,0
Febrero,3129,1983,D,Graduation,Married,30096.0,1,0,2014-05-22,30,5,M,3,11,12,5,9,1,2,0,3,6,0,0,0,0,0,0,3,11,0
Febrero,6528,1982,D,Master,Together,18492.0,1,0,2014-06-05,75,2,M,2,2,2,1,1,1,1,0,2,8,0,0,0,0,0,0,3,11,0
Febrero,1361,1974,D,Master,Married,82584.0,0,0,2013-06-04,26,1076,M,68,103,29,91,68,1,3,4,8,1,0,1,1,0,0,0,3,11,1
Febrero,6932,1941,D,PhD,Married,93027.0,0,0,2013-04-13,77,1285,M,42,716,55,0,21,0,7,10,5,2,0,0,1,0,0,0,3,11,0
Febrero,7284,1953,D,Graduation,Married,48686.0,1,2,2013-12-04,8,10,M,0,7,2,0,1,1,1,0,2,8,0,0,0,0,0,0,3,11,0
Febrero,1340,1986,D,Graduation,Married,92910.0,0,0,2014-04-24,42,551,M,137,792,179,103,33,1,6,7,13,1,0,1,1,1,0,0,3,11,0
Febrero,8746,1989,D,Graduation,Married,75433.0,1,0,2014-04-05,28,800,M,0,297,0,34,57,2,2,5,10,6,0,1,0,1,0,0,3,11,0
Febrero,5987,1989,D,2n Cycle,Together,10404.0,1,0,2014-05-04,52,2,M,2,11,10,6,12,2,1,0,4,5,0,0,0,0,0,0,3,11,0
Febrero,3767,1968,D,Graduation,Married,61314.0,0,1,2013-04-25,1,378,M,0,189,97,172,172,2,5,5,12,3,0,0,0,0,0,0,3,11,0
Febrero,3725,1961,D,PhD,Single,84865.0,0,0,2013-05-09,1,1248,M,16,349,43,16,16,1,2,4,9,4,0,1,1,1,1,0,3,11,1
Febrero,4324,1989,D,Graduation,Married,42387.0,1,0,2012-10-29,42,235,M,0,235,19,4,191,5,8,1,7,8,0,0,0,0,0,0,3,11,0
Febrero,238,1967,D,2n Cycle,Together,67309.0,1,1,2013-01-23,76,515,M,47,181,149,95,95,15,9,6,9,7,0,0,0,0,0,0,3,11,0
Febrero,6694,1964,D,Graduation,Married,75236.0,0,1,2013-11-25,27,438,M,66,400,12,38,114,1,8,3,13,4,0,0,0,0,0,0,3,11,0
Febrero,498,1970,D,Graduation,Single,30015.0,1,0,2014-02-02,28,25,M,0,22,2,3,5,2,1,0,4,5,0,0,0,0,0,0,3,11,0
Febrero,9347,1956,D,Master,Together,50943.0,0,1,2013-06-21,49,31,M,0,7,2,0,6,1,1,0,3,5,0,0,0,0,0,0,3,11,0
Febrero,9699,1966,D,Graduation,Divorced,67272.0,0,1,2013-12-21,12,357,M,35,271,28,28,14,3,6,2,12,5,0,0,0,0,0,0,3,11,0
Febrero,10664,1949,D,Master,Widow,51529.0,0,1,2013-09-07,14,400,M,4,35,6,0,22,2,9,1,5,8,0,0,0,0,0,0,3,11,0
Febrero,5455,1971,D,PhD,Married,32011.0,1,0,2013-08-22,89,99,M,0,15,2,1,5,3,2,1,4,7,0,0,0,0,0,0,3,11,0
Febrero,456,1986,D,2n Cycle,Married,7500.0,1,0,2013-02-07,96,1,M,11,5,4,6,9,2,2,0,3,8,0,0,0,0,0,0,3,11,0
Febrero,5012,1989,D,Graduation,Married,28691.0,1,0,2013-07-04,56,5,M,4,13,8,0,4,1,1,0,3,8,0,0,0,0,0,0,3,11,0
Febrero,7495,1948,D,PhD,Married,56223.0,0,1,2013-12-20,72,77,M,28,31,16,0,4,2,2,1,5,4,0,0,0,0,0,0,3,11,0
Febrero,5029,1946,D,Graduation,Married,18100.0,0,0,2013-08-06,14,3,M,1,2,4,3,1,1,0,0,3,5,0,0,0,0,0,0,3,11,0
Febrero,10642,1989,D,Graduation,Single,30279.0,1,0,2012-12-30,13,10,M,4,14,4,4,1,1,1,0,3,8,0,0,0,0,0,0,3,11,0
Febrero,2106,1974,D,2n Cycle,Married,20130.0,0,0,2014-03-17,99,0,M,6,3,7,6,12,1,1,0,3,8,0,0,0,0,0,0,3,11,0
Febrero,10364,1959,D,Graduation,Divorced,23295.0,0,0,2013-07-13,72,0,M,0,1,2,12,5,1,1,0,2,8,0,0,0,0,0,0,3,11,0
Febrero,5954,1972,D,Master,Divorced,42618.0,1,0,2013-10-09,92,76,M,14,74,13,5,10,2,5,0,4,8,0,0,0,0,0,0,3,11,0
Febrero,1137,1964,D,Graduation,Single,81246.0,0,0,2013-12-29,87,398,M,190,537,61,156,37,1,4,5,7,1,1,0,0,1,0,0,3,11,0
Febrero,2541,1976,D,Graduation,Married,24027.0,1,0,2013-06-09,7,14,M,7,11,11,0,5,2,2,0,3,8,0,0,0,0,0,0,3,11,0
Febrero,1142,1953,D,PhD,Married,55707.0,0,1,2013-12-22,91,208,M,7,82,30,66,35,2,3,2,9,3,0,0,0,0,0,0,3,11,0
Febrero,2276,1955,D,Graduation,Single,57959.0,0,1,2013-05-02,71,430,M,16,322,43,24,33,5,4,7,11,3,0,0,0,0,0,0,3,11,0
Febrero,2807,1969,D,Graduation,Married,56796.0,0,1,2013-02-16,24,656,M,38,161,62,47,37,3,8,9,7,7,0,0,0,0,0,0,3,11,0
Febrero,6471,1971,D,Master,Single,36230.0,1,0,2013-10-17,17,14,M,2,30,8,2,3,1,2,0,4,5,0,0,0,0,0,0,3,11,0
Febrero,6131,1980,D,2n Cycle,Married,70829.0,1,1,2013-12-01,87,141,M,70,106,72,19,23,2,4,2,8,3,0,0,0,0,0,0,3,11,0
Febrero,6233,1976,D,Graduation,Married,65991.0,0,1,2012-09-07,21,507,M,19,364,25,47,9,3,9,5,10,7,0,0,0,0,0,0,3,11,0
Febrero,4148,1972,D,Graduation,Married,38988.0,1,2,2012-08-20,90,164,M,24,103,12,3,42,7,5,1,6,8,0,0,0,0,0,0,3,11,0
Febrero,4947,1966,D,2n Cycle,Single,89572.0,0,0,2012-09-15,44,606,M,24,974,197,194,64,1,7,7,9,4,0,1,0,1,0,0,3,11,1
Febrero,3225,1984,D,Master,Married,42207.0,1,0,2013-04-01,71,116,M,11,72,3,17,46,4,4,1,5,6,1,0,0,0,0,0,3,11,1
Febrero,7540,1952,D,Graduation,Married,50300.0,0,1,2014-05-25,52,143,M,15,60,24,23,5,2,2,1,8,2,0,0,0,0,0,0,3,11,0
Febrero,10648,1982,D,2n Cycle,Together,66664.0,0,0,2012-09-25,78,398,M,96,447,220,96,32,1,5,7,6,3,0,0,0,0,0,0,3,11,0
Febrero,1992,1964,D,Graduation,Married,60597.0,0,1,2014-01-01,2,522,M,0,257,32,16,66,4,2,2,8,7,0,0,0,1,0,0,3,11,1
Febrero,7851,1949,D,Graduation,Widow,70165.0,0,0,2013-09-22,60,161,M,0,253,199,191,122,1,3,7,11,1,0,0,0,0,0,0,3,11,0
Febrero,8594,1958,D,PhD,Widow,50520.0,0,1,2014-01-28,25,112,M,0,6,2,1,14,2,3,1,3,6,0,0,0,0,0,0,3,11,0
Febrero,7059,1963,D,Graduation,Married,80124.0,0,0,2014-06-26,47,483,M,84,398,205,84,241,1,3,7,8,1,1,0,0,0,0,0,3,11,0
Febrero,2815,1975,D,Graduation,Married,33183.0,1,0,2014-02-24,46,7,M,5,39,17,15,37,2,4,0,3,7,0,0,0,0,0,0,3,11,0
Febrero,2416,1969,D,PhD,Single,66582.0,0,0,2014-03-03,83,789,M,25,420,16,38,0,1,2,8,9,1,0,0,0,0,0,0,3,11,0
Febrero,7999,1955,D,PhD,Together,75261.0,0,0,2013-04-23,17,1239,M,17,413,23,34,17,1,5,6,5,2,0,1,1,0,0,0,3,11,1
Febrero,9213,1970,D,Graduation,Widow,31880.0,1,0,2012-10-31,13,4,M,1,5,2,0,3,1,1,0,2,8,0,0,0,0,0,0,3,11,0
Febrero,9697,1951,D,Graduation,Married,53790.0,0,2,2014-03-06,86,335,M,42,127,28,5,5,3,7,2,8,6,0,0,0,0,0,0,3,11,0
Febrero,3916,1971,D,PhD,Together,49269.0,1,0,2012-08-15,92,639,M,8,166,11,8,58,3,7,3,12,7,0,0,0,0,0,0,3,11,0
Febrero,2021,1975,D,Graduation,Married,61456.0,0,1,2013-03-27,47,563,M,76,384,84,192,89,4,6,10,13,4,0,0,0,0,0,0,3,11,0
Febrero,1581,1980,D,Graduation,Married,37406.0,1,0,2013-10-10,18,2,M,0,8,2,2,3,1,1,0,2,8,0,0,0,0,0,0,3,11,1
Febrero,564,1981,D,PhD,Together,56937.0,1,0,2012-08-04,81,746,M,8,125,11,8,8,7,8,6,9,6,0,1,0,0,0,0,3,11,1
Febrero,6619,1978,D,Graduation,Married,38415.0,1,1,2013-01-02,91,22,M,1,13,4,0,4,2,1,0,3,7,0,0,0,0,0,0,3,11,0
Febrero,9081,1988,D,Graduation,Single,20518.0,1,0,2014-05-18,58,4,M,1,6,4,1,9,1,1,1,2,5,0,0,0,0,0,0,3,11,0
Febrero,178,1956,D,Graduation,Married,62503.0,0,1,2013-02-18,40,478,M,0,193,110,75,117,4,8,3,11,5,0,0,0,0,0,0,3,11,0
Febrero,916,1972,D,PhD,Single,41644.0,1,1,2014-05-09,67,20,M,3,4,2,0,2,2,1,0,3,3,0,0,0,0,0,0,3,11,0
Febrero,5512,1977,D,Master,Married,55842.0,0,1,2014-05-23,19,451,M,0,39,0,4,24,1,7,1,8,5,0,0,0,0,0,0,3,11,0
Febrero,8970,1972,D,PhD,Married,62010.0,0,1,2012-10-23,93,371,M,22,39,6,0,92,4,6,2,7,5,0,0,0,0,0,0,3,11,0
Febrero,10581,1977,D,Graduation,Married,41124.0,1,0,2012-10-31,41,281,M,7,84,15,0,119,7,7,3,4,8,0,0,0,0,0,0,3,11,0
Febrero,5300,1973,D,Master,Married,38961.0,1,0,2013-12-30,60,19,M,7,19,0,1,24,1,2,1,2,7,0,0,0,0,0,0,3,11,0
Febrero,5154,1972,D,Master,Divorced,37760.0,1,0,2013-08-11,54,26,M,3,13,2,10,0,1,2,0,3,6,0,0,0,0,0,0,3,11,0
Febrero,8346,1974,D,Graduation,Single,32233.0,1,0,2012-08-19,26,138,M,15,35,25,11,72,2,6,2,2,9,1,0,0,0,0,0,3,11,1
Febrero,1676,1975,D,Graduation,Married,43057.0,0,1,2013-10-30,30,213,M,2,44,0,2,5,4,4,2,5,5,0,0,0,0,0,0,3,11,0
Febrero,9286,1960,D,Master,Together,83151.0,0,0,2012-10-10,93,407,M,28,100,120,74,18,1,5,9,4,3,0,0,0,0,0,0,3,11,0
Febrero,2426,1964,D,PhD,Divorced,78825.0,0,0,2012-09-14,35,483,M,74,114,169,37,18,1,5,10,13,3,0,0,0,0,0,0,3,11,1
Febrero,5172,1976,D,Master,Together,65104.0,0,1,2013-11-14,4,738,M,0,232,13,20,50,2,3,5,7,7,0,0,0,0,0,0,3,11,0
Febrero,5562,1974,D,Graduation,Married,60093.0,0,1,2013-06-26,92,502,M,12,109,16,6,90,2,7,2,10,6,0,0,0,0,0,0,3,11,0
Febrero,3436,1969,D,Graduation,Married,14045.0,1,0,2014-01-26,24,11,M,0,5,2,1,1,1,1,0,3,7,0,0,0,0,0,0,3,11,0
Febrero,3921,1952,D,2n Cycle,Widow,28457.0,0,0,2012-10-28,96,24,M,1,108,29,29,14,1,4,1,4,8,0,0,0,0,0,0,3,11,0
Febrero,3403,1958,D,PhD,Together,78952.0,0,1,2012-09-24,11,1170,M,19,594,99,76,134,2,2,5,12,6,0,0,0,0,0,0,3,11,0
Febrero,22,1976,D,Graduation,Divorced,46310.0,1,0,2012-12-03,99,185,M,2,88,15,5,14,2,6,1,5,8,0,0,0,0,0,0,3,11,0
Febrero,10965,1955,D,Graduation,Together,76005.0,0,0,2013-02-22,72,983,M,20,389,240,50,40,1,3,5,13,6,0,0,0,1,0,0,3,11,0
Febrero,9426,1964,D,Master,Single,58308.0,0,1,2013-01-12,77,691,M,0,69,10,0,130,4,2,6,3,8,0,0,0,0,0,0,3,11,0
Febrero,6605,1944,D,PhD,Divorced,55614.0,0,0,2013-11-27,85,504,M,13,131,8,0,26,1,9,4,6,7,0,1,0,0,0,0,3,11,0
Febrero,3136,1962,D,Master,Divorced,59432.0,0,1,2013-04-13,88,317,M,25,265,25,19,12,3,5,3,11,5,0,0,0,0,0,0,3,11,0
Febrero,8737,1978,D,Graduation,Divorced,55563.0,0,1,2014-04-05,22,29,M,1,9,2,0,2,1,2,0,3,3,0,0,0,0,0,0,3,11,0
Febrero,11088,1971,D,PhD,Together,78642.0,0,1,2013-04-21,83,1396,M,0,322,46,35,17,1,4,9,4,6,0,0,0,0,0,0,3,11,0
Febrero,716,1949,D,PhD,Together,67911.0,0,1,2014-05-22,63,529,M,0,356,63,28,0,3,6,7,11,3,0,0,0,0,0,0,3,11,0
Febrero,466,1944,D,Graduation,Married,65275.0,0,0,2013-04-03,9,388,M,14,218,91,14,21,1,4,3,13,2,0,0,0,0,0,0,3,11,0
Febrero,9135,1950,D,Graduation,Together,27203.0,1,1,2012-08-06,92,13,M,2,21,4,0,24,2,1,1,2,8,0,0,0,0,0,0,3,11,0
Febrero,10623,1961,D,Master,Together,48330.0,0,1,2013-11-15,2,28,M,0,4,0,0,0,1,1,0,3,5,0,0,0,0,0,0,3,11,0
Febrero,8151,1990,D,Basic,Married,24279.0,0,0,2012-12-29,6,16,M,36,21,20,62,108,1,4,1,3,8,0,0,0,0,0,0,3,11,0
Febrero,5140,1985,D,PhD,Married,64355.0,1,0,2012-08-24,66,1047,M,0,140,67,38,153,2,4,3,12,8,0,0,0,0,0,0,3,11,0
Febrero,10160,1956,D,Master,Together,50943.0,0,1,2013-06-21,49,31,M,0,7,2,0,6,1,1,0,3,5,0,0,0,0,0,0,3,11,0
Febrero,4945,1953,D,Graduation,Widow,53653.0,0,0,2012-11-07,29,815,M,10,239,28,10,108,2,10,4,12,6,0,0,0,0,0,0,3,11,0
Febrero,10584,1976,D,Graduation,Married,65665.0,0,1,2013-12-02,77,225,M,162,387,106,36,29,1,5,10,8,3,0,0,0,0,0,0,3,11,0
Febrero,6071,1989,D,Graduation,Single,81217.0,0,0,2013-07-19,77,493,M,70,324,146,40,84,1,3,7,11,1,0,0,0,0,0,0,3,11,0
Febrero,3386,1992,D,Graduation,Married,34935.0,0,0,2013-06-21,71,34,M,4,66,3,10,20,1,2,1,4,7,0,0,0,0,0,0,3,11,0
Febrero,8939,1959,D,Graduation,Divorced,61250.0,0,1,2012-12-16,49,382,M,138,65,60,26,59,6,5,2,12,5,0,0,0,0,0,0,3,11,0
Febrero,9925,1981,D,PhD,Together,39665.0,1,0,2013-05-25,97,127,M,1,56,0,1,31,3,4,2,3,7,1,0,0,0,0,0,3,11,0
Febrero,4320,1979,D,Graduation,Single,60152.0,0,1,2013-03-28,6,325,M,83,300,86,58,91,1,6,4,12,3,0,0,0,0,0,0,3,11,0
Febrero,5389,1964,D,Graduation,Married,48920.0,0,2,2013-10-20,93,238,M,17,68,8,10,6,3,6,2,5,7,0,1,0,0,0,0,3,11,0
Febrero,6036,1959,D,Master,Together,89120.0,0,0,2014-03-17,78,1168,M,92,408,72,129,55,1,5,6,7,1,0,0,1,0,0,0,3,11,0
Febrero,182,1946,D,PhD,Together,44124.0,0,1,2013-05-11,62,284,M,0,55,0,6,52,4,6,2,5,8,0,0,0,0,0,0,3,11,0
Febrero,203,1975,D,Master,Single,81169.0,0,0,2013-04-14,47,1288,M,20,613,80,61,27,1,5,7,9,2,0,0,0,0,0,0,3,11,0
Febrero,11025,1961,D,Graduation,Married,36443.0,1,1,2013-02-03,9,65,M,0,46,4,3,20,4,3,1,3,8,0,0,0,0,0,0,3,11,0
Febrero,10203,1990,D,Graduation,Single,26095.0,1,0,2013-06-30,77,11,M,7,9,3,1,11,1,1,0,3,7,0,0,0,0,0,0,3,11,0
Febrero,4607,1959,D,Graduation,Together,71367.0,0,0,2013-08-23,24,227,M,23,389,42,21,75,1,4,5,7,2,0,0,0,0,0,0,3,11,0
Febrero,3711,1944,D,Master,Married,80184.0,0,0,2014-03-01,19,1035,M,134,670,25,38,0,1,6,3,10,3,0,0,1,1,0,0,3,11,0
Febrero,3696,1965,D,Graduation,Divorced,30630.0,1,1,2014-01-27,67,27,M,1,12,2,0,10,2,2,0,3,7,0,0,0,0,0,0,3,11,0
Febrero,2532,1987,D,Master,Single,73454.0,0,0,2014-03-01,95,982,M,73,351,56,14,175,1,2,4,6,5,1,0,0,0,0,0,3,11,0
Febrero,9214,1991,D,Graduation,Married,42691.0,0,0,2013-08-16,48,179,M,2,64,38,17,58,1,5,1,6,5,0,0,0,0,0,0,3,11,0
Febrero,4943,1953,D,Graduation,Married,70503.0,0,0,2012-09-30,73,1379,M,33,216,0,33,66,1,2,4,9,6,0,1,1,0,0,0,3,11,0
Febrero,35,1987,D,Graduation,Married,25545.0,1,0,2012-09-08,35,32,M,1,64,16,12,85,3,2,2,3,6,0,0,0,0,0,0,3,11,1
Febrero,2258,1986,D,Graduation,Married,32880.0,1,0,2012-12-04,76,8,M,4,15,7,6,2,1,1,0,3,8,0,0,0,0,0,0,3,11,0
Febrero,4322,1958,D,PhD,Together,77863.0,0,0,2013-11-27,20,881,M,38,319,16,25,12,1,4,5,10,2,0,0,0,0,0,0,3,11,0
Febrero,713,1977,D,Master,Married,50353.0,0,0,2014-06-08,72,141,M,15,153,67,31,35,1,4,4,6,3,0,0,0,0,0,0,3,11,0
Febrero,4702,1964,D,Graduation,Single,61839.0,0,0,2012-08-12,20,1000,M,155,379,224,17,120,1,4,8,4,8,0,0,0,0,0,0,3,11,0
Febrero,3281,1960,D,PhD,Married,49154.0,1,1,2013-11-03,69,206,M,10,67,30,27,71,6,4,1,8,6,0,0,0,0,0,0,3,11,0
Febrero,702,1975,D,2n Cycle,Widow,47682.0,0,1,2013-02-15,80,162,M,61,83,97,57,61,4,4,3,8,5,0,0,0,0,0,0,3,11,0
Febrero,2004,1969,D,Graduation,Single,72679.0,0,1,2013-09-18,65,619,M,54,260,127,54,54,1,4,7,5,1,0,0,0,0,0,0,3,11,0
Febrero,4769,1977,D,Master,Together,57954.0,1,1,2014-06-18,52,456,M,4,24,0,0,9,7,8,2,6,7,0,1,0,0,0,0,3,11,0
Febrero,4437,1962,D,Graduation,Married,65316.0,1,1,2013-04-24,65,112,M,6,92,3,9,38,2,3,2,5,4,0,0,0,0,0,0,3,11,0
Febrero,8724,1982,D,Graduation,Single,28567.0,1,0,2013-06-17,57,11,M,3,22,2,2,6,2,2,0,3,6,0,0,0,0,0,0,3,11,0
Febrero,10741,1951,D,Master,Together,47352.0,0,1,2013-04-11,70,172,M,12,112,8,0,15,4,6,1,5,7,0,0,0,0,0,0,3,11,0
Febrero,1991,1967,D,Graduation,Together,44931.0,0,1,2014-01-18,0,78,M,0,11,0,0,7,1,2,1,3,5,0,0,0,0,0,0,3,11,0
Febrero,6931,1967,D,Graduation,Divorced,76982.0,0,0,2014-02-15,19,464,M,151,292,65,60,30,1,8,3,4,4,0,0,1,0,0,0,3,11,1
Febrero,11096,1952,D,2n Cycle,Together,57247.0,0,1,2013-08-08,50,99,M,4,32,37,54,6,2,2,1,7,2,0,0,0,0,0,0,3,11,0
Febrero,304,1981,D,Master,Single,22944.0,1,0,2013-12-23,67,19,M,3,19,4,5,26,3,3,0,3,7,0,0,0,0,0,0,3,11,0
Febrero,3665,1977,D,2n Cycle,Together,25315.0,1,0,2013-11-07,46,1,M,9,8,11,3,22,3,3,0,3,8,0,0,0,0,0,0,3,11,0
Febrero,10591,1969,D,Graduation,Widow,43638.0,0,1,2012-08-06,37,63,M,10,83,7,19,19,2,4,1,4,7,0,0,0,0,0,0,3,11,0
Febrero,5036,1984,D,PhD,Single,42710.0,1,0,2012-11-28,38,252,M,3,42,4,3,102,2,4,5,3,6,0,0,0,0,0,0,3,11,0
Febrero,5547,1982,D,PhD,Married,84169.0,0,0,2013-08-07,9,1478,M,19,403,0,19,0,1,7,6,6,3,0,1,1,0,0,0,3,11,1
Febrero,7822,1976,D,Graduation,Together,54058.0,0,1,2013-06-04,56,198,M,18,252,32,108,54,2,4,6,8,3,0,0,0,0,0,0,3,11,0
Febrero,8541,1990,D,2n Cycle,Married,24683.0,1,0,2014-03-08,98,8,M,4,10,6,7,6,2,2,0,4,5,0,0,0,0,0,0,3,11,0
Febrero,10955,1964,D,Graduation,Widow,85620.0,0,0,2014-01-07,68,416,M,46,925,60,107,46,1,3,6,4,1,0,0,0,0,0,0,3,11,1
Febrero,4368,1980,D,Graduation,Married,47850.0,1,0,2013-12-03,72,42,M,7,43,20,12,10,1,3,0,4,6,0,0,0,0,0,0,3,11,0
Febrero,9671,1968,D,Graduation,Married,19514.0,1,1,2014-01-26,47,14,M,3,21,2,1,28,4,3,1,2,8,1,0,0,0,0,0,3,11,1
Febrero,2256,1973,D,Master,Married,27159.0,1,1,2014-03-29,33,17,M,0,3,0,0,1,2,1,0,3,6,0,0,0,0,0,0,3,11,0
Febrero,4279,1963,D,2n Cycle,Single,39548.0,1,1,2014-03-31,87,15,M,4,10,3,4,18,2,1,1,3,3,0,0,0,0,0,0,3,11,0
Febrero,5371,1989,D,Graduation,Single,21474.0,1,0,2014-04-08,0,6,M,16,24,11,0,34,2,3,1,2,7,1,0,0,0,0,0,3,11,1
Febrero,9240,1971,D,PhD,Single,60504.0,0,1,2014-02-07,73,458,M,0,24,6,4,34,2,6,2,8,6,0,0,0,0,0,0,3,11,0
Febrero,9460,1963,D,Graduation,Married,22419.0,0,0,2013-04-18,74,30,M,3,47,19,21,42,1,3,2,2,8,0,0,0,0,0,0,3,11,0
Febrero,9504,1949,D,Master,Married,81698.0,0,0,2013-11-06,4,179,M,28,520,111,123,47,1,3,8,13,1,0,0,0,0,0,0,3,11,1
Febrero,8692,1952,D,Graduation,Together,43462.0,1,1,2012-09-12,50,90,M,17,97,15,6,15,6,4,1,5,8,0,0,0,0,0,0,3,11,0
Febrero,448,1978,D,PhD,Single,54880.0,1,0,2013-03-01,57,308,M,85,137,102,45,118,2,6,2,11,5,0,0,0,0,0,0,3,11,0
Febrero,8314,1982,D,Graduation,Married,79908.0,0,0,2013-04-05,30,557,M,129,761,29,185,111,1,5,6,7,2,0,0,1,0,0,0,3,11,0
Febrero,8420,1970,D,2n Cycle,Married,15315.0,0,0,2013-08-03,27,7,M,4,13,15,8,17,2,2,0,4,5,0,0,0,0,0,0,3,11,0
Febrero,3174,1959,D,Graduation,Together,87771.0,0,1,2013-05-22,61,1492,M,38,287,50,57,33,1,5,10,4,6,0,1,1,1,1,0,3,11,1
Febrero,7685,1978,D,Graduation,Married,33039.0,1,0,2013-09-09,4,30,M,8,12,8,8,12,1,2,0,4,5,0,0,0,0,0,0,3,11,0
Febrero,3179,1980,D,Graduation,Single,81741.0,0,0,2013-06-16,75,249,M,153,940,58,134,38,0,6,6,7,2,0,0,0,0,0,0,3,11,0
Febrero,9780,1971,D,Master,Together,71499.0,0,1,2013-06-25,12,465,M,25,132,136,0,37,2,8,3,13,4,0,0,0,0,0,0,3,11,0
Febrero,10681,1970,D,2n Cycle,Married,62466.0,0,1,2014-01-15,13,129,M,129,259,168,121,83,5,6,3,12,4,0,0,0,0,0,0,3,11,0
Febrero,10232,1963,D,PhD,Divorced,48799.0,0,1,2013-11-05,9,174,M,18,81,28,6,24,3,3,2,7,3,0,0,0,0,0,0,3,11,0
Febrero,4184,1950,D,PhD,Together,52157.0,0,1,2014-06-07,48,189,M,2,29,3,2,40,2,3,2,5,4,0,0,0,0,0,0,3,11,0
Febrero,9120,1962,D,Graduation,Single,66565.0,0,1,2012-12-05,80,747,M,10,161,65,40,42,4,4,2,9,8,0,0,0,0,0,0,3,11,0
Febrero,891,1951,D,Master,Together,29298.0,1,1,2013-09-07,60,6,M,0,2,2,0,1,1,1,0,2,5,0,0,0,0,0,0,3,11,0
Febrero,10381,1979,D,Graduation,Single,47691.0,0,1,2013-07-05,43,14,M,0,3,0,0,4,1,1,0,2,6,0,0,0,0,0,0,3,11,0
Febrero,3525,1970,D,Graduation,Together,38200.0,1,1,2012-12-07,19,12,M,0,4,0,0,1,1,1,0,2,7,0,0,0,0,0,0,3,11,0
Febrero,6818,1974,D,Graduation,Married,44989.0,0,1,2012-09-12,26,98,M,0,106,49,10,106,5,5,1,5,6,0,0,0,0,0,0,3,11,0
Febrero,3526,1968,D,PhD,Married,38443.0,1,1,2014-01-27,58,32,M,0,5,0,0,1,2,1,0,3,7,0,0,0,0,0,0,3,11,0
Febrero,8181,1978,D,2n Cycle,Single,38593.0,1,0,2013-09-13,42,51,M,12,49,17,24,24,3,4,1,3,8,0,0,0,0,0,0,3,11,0
Febrero,1029,1970,D,PhD,Together,64413.0,0,1,2013-08-01,27,200,M,5,44,0,10,20,1,5,1,5,5,0,0,0,0,0,0,3,11,0
Febrero,7369,1981,D,Master,Married,36959.0,1,0,2013-10-02,56,25,M,6,25,6,0,0,2,2,0,3,8,0,0,0,0,0,0,3,11,0
Febrero,2574,1977,D,PhD,Married,61996.0,0,1,2013-01-31,27,1050,M,12,144,0,0,24,3,6,4,8,5,0,1,0,1,1,0,3,11,1
Febrero,8159,1968,D,Graduation,Married,51287.0,1,1,2014-04-01,10,117,M,0,22,13,0,30,3,4,1,3,7,0,0,0,0,0,0,3,11,0
Febrero,1160,1970,D,Graduation,Married,13260.0,1,1,2013-08-23,48,9,M,4,17,10,2,7,4,3,0,3,8,0,0,0,0,0,0,3,11,0
Febrero,10242,1966,D,PhD,Together,47472.0,1,1,2013-09-16,39,56,M,0,11,0,0,8,2,2,0,4,5,0,0,0,0,0,0,3,11,0
Febrero,5253,1956,D,Master,Together,54603.0,1,1,2013-07-09,85,145,M,13,46,17,2,4,6,4,2,4,7,0,0,0,0,0,0,3,11,0
Febrero,5966,1974,D,PhD,Married,45207.0,1,1,2012-11-10,64,203,M,0,10,0,0,2,5,3,1,6,6,0,1,0,0,0,0,3,11,0
Febrero,5314,1951,D,Graduation,Together,40689.0,0,1,2013-03-18,69,270,M,3,27,39,6,99,7,7,1,5,8,0,0,0,0,0,0,3,11,0
Febrero,5081,1967,D,2n Cycle,Together,47821.0,1,1,2013-10-20,54,9,M,0,16,6,6,10,1,1,0,3,8,0,0,0,0,0,0,3,11,0
Febrero,5123,1951,D,Master,Married,27450.0,0,0,2013-04-15,57,37,M,12,23,8,11,52,1,2,1,3,7,0,0,0,0,0,0,3,11,0
Febrero,5756,1983,D,Graduation,Together,39453.0,1,0,2014-04-03,64,46,M,0,7,0,0,2,2,2,0,3,6,0,0,0,0,0,0,3,11,0
Febrero,8036,1971,D,2n Cycle,Together,26850.0,1,1,2014-04-18,10,31,M,1,13,7,2,9,4,2,1,4,4,0,0,0,0,0,0,3,11,0
Febrero,9058,1955,D,Graduation,Widow,79800.0,0,0,2012-09-23,65,1060,M,21,530,32,0,224,1,5,11,5,3,1,0,1,1,0,0,3,11,1
Febrero,5057,1961,D,Master,Married,61794.0,0,1,2013-09-14,74,264,M,47,188,54,47,11,2,4,4,10,2,0,0,0,0,0,0,3,11,0
Febrero,254,1955,D,Graduation,Together,53863.0,0,1,2014-05-17,4,399,M,4,30,6,4,30,3,7,1,7,7,0,1,0,0,0,0,3,11,0
Febrero,4179,1959,D,Graduation,Together,24221.0,0,0,2013-08-20,94,8,M,9,9,2,5,22,1,1,1,3,4,0,0,0,0,0,0,3,11,0
Febrero,3710,1984,D,PhD,Single,39684.0,1,0,2012-10-12,41,19,M,0,35,6,4,17,2,2,1,2,7,0,0,0,0,0,1,3,11,1
Febrero,7627,1975,D,Master,Married,92163.0,0,0,2012-12-12,25,817,M,183,797,106,163,20,0,5,11,5,2,0,0,1,1,0,0,3,11,1
Febrero,4501,1965,D,Master,Single,69882.0,0,0,2013-11-10,94,292,M,127,635,132,127,165,1,3,7,9,1,0,0,0,0,0,0,3,11,0
Febrero,6424,1977,D,Graduation,Together,33178.0,1,0,2014-01-30,9,12,M,6,2,11,2,16,1,1,0,3,4,0,0,0,0,0,0,3,11,0
Febrero,3075,1972,D,PhD,Married,59973.0,0,0,2013-09-11,47,130,M,30,168,20,34,0,1,3,4,7,1,0,0,0,0,0,0,3,11,0
Febrero,4992,1975,D,Master,Together,17459.0,1,0,2013-09-19,12,6,M,4,16,3,10,30,3,3,1,2,7,0,0,0,0,0,0,3,11,1
Febrero,5252,1969,D,Graduation,Divorced,23910.0,1,0,2012-10-26,80,16,M,12,18,7,1,13,1,2,0,3,7,0,0,0,0,0,0,3,11,0
Febrero,7444,1969,D,Master,Married,42169.0,1,1,2013-10-19,20,19,M,0,9,0,0,2,2,1,0,3,8,0,0,0,0,0,0,3,11,0
Febrero,6919,1978,D,2n Cycle,Married,26224.0,1,0,2013-06-04,39,4,M,7,15,13,9,15,3,2,1,3,6,0,0,0,0,0,0,3,11,0
Febrero,3537,1981,D,Graduation,Together,31089.0,1,0,2012-08-17,57,31,M,3,31,2,8,4,3,3,0,4,8,0,0,0,0,0,0,3,11,0
Febrero,10277,1961,D,Graduation,Single,30081.0,0,1,2013-02-21,27,36,M,0,2,0,0,4,1,1,0,3,7,0,0,0,0,0,0,3,11,0
Febrero,2453,1960,D,Graduation,Together,62807.0,0,1,2012-08-31,83,526,M,28,135,10,21,99,3,5,3,12,5,0,0,0,0,0,0,3,11,0
Febrero,7972,1955,D,Graduation,Single,72906.0,0,0,2013-09-17,79,400,M,32,519,71,75,54,1,3,4,9,1,0,0,0,0,0,0,3,11,0
Febrero,895,1948,D,PhD,Married,61467.0,0,2,2012-12-09,69,410,M,16,114,0,5,49,3,5,2,10,5,0,0,0,0,0,0,3,11,0
Febrero,1177,1966,D,Master,Together,49618.0,1,1,2013-01-26,77,80,M,3,26,4,2,14,4,3,1,3,7,0,0,0,0,0,0,3,11,0
Febrero,7141,1986,D,Master,Single,21888.0,1,0,2012-12-29,15,88,M,10,46,2,3,64,4,5,1,2,10,0,0,0,0,0,0,3,11,1
Febrero,7232,1973,D,Graduation,Widow,42429.0,0,1,2014-02-11,99,55,M,0,6,2,0,4,2,1,1,3,5,0,0,0,0,0,0,3,11,0
Febrero,8477,1956,D,Graduation,Divorced,26150.0,2,1,2013-03-11,61,5,M,1,13,3,5,1,1,1,0,3,7,0,0,0,0,0,0,3,11,0
Febrero,2457,1975,D,Basic,Married,30801.0,0,1,2012-10-26,23,8,M,4,5,15,2,11,2,1,0,3,7,0,0,0,0,0,0,3,11,0
Febrero,988,1965,D,Graduation,Married,81168.0,0,0,2014-05-07,84,410,M,0,592,147,22,22,1,6,4,7,3,0,0,0,1,0,0,3,11,0
Febrero,7930,1969,D,Master,Single,26877.0,0,0,2013-08-19,74,101,M,13,76,20,18,40,2,3,1,6,6,0,0,0,0,0,0,3,11,0
Febrero,4587,1944,D,Master,Widow,45006.0,0,0,2013-07-18,90,162,M,25,53,16,0,10,1,3,1,7,3,0,0,0,0,0,0,3,11,0
Febrero,6682,1973,D,Basic,Married,18978.0,1,0,2012-12-11,41,2,M,8,1,4,7,15,1,1,0,3,8,0,0,0,0,0,0,3,11,0
Febrero,6222,1967,D,Graduation,Married,22574.0,2,1,2013-10-28,28,25,M,0,8,2,0,2,2,2,0,3,7,0,0,0,0,0,0,3,11,0
Febrero,10299,1969,D,PhD,Single,48240.0,0,0,2012-11-09,73,389,M,91,248,64,49,41,3,6,3,13,5,0,0,0,0,0,0,3,11,1
Febrero,3083,1974,D,Graduation,Married,45837.0,1,1,2013-07-26,88,215,M,13,87,17,17,24,5,6,2,5,7,0,0,0,0,0,0,3,11,0
Febrero,8953,1965,D,Master,Single,35791.0,2,1,2013-05-06,94,27,M,0,5,0,0,3,2,1,0,3,8,0,0,0,0,0,0,3,11,0
Febrero,1503,1976,D,PhD,Together,162397.0,1,1,2013-06-03,31,85,M,1,16,2,1,2,0,0,0,1,1,0,0,0,0,0,0,3,11,0
Febrero,8650,1978,D,Graduation,Widow,54162.0,1,1,2013-03-18,31,5,M,6,10,6,5,10,1,1,0,3,4,0,0,0,0,0,0,3,11,0
Febrero,10862,1960,D,Master,Married,30522.0,0,1,2012-08-17,6,179,M,8,83,19,11,26,5,1,2,9,2,0,0,0,0,0,0,3,11,0
Febrero,2782,1961,D,PhD,Married,54456.0,0,1,2013-07-11,23,352,M,0,27,10,0,15,3,6,1,7,6,0,0,0,0,0,0,3,11,0
Febrero,6941,1971,D,Graduation,Single,31632.0,0,0,2013-07-14,92,17,M,8,12,11,15,32,1,2,1,2,7,0,0,0,0,0,0,3,11,0
Febrero,10972,1949,D,Graduation,Widow,72298.0,0,0,2014-03-10,52,625,M,35,169,58,17,35,1,4,3,6,1,0,1,1,0,0,0,3,11,0
Febrero,10708,1978,D,2n Cycle,Single,36975.0,1,0,2013-12-28,50,10,M,6,11,0,4,2,1,1,0,3,7,0,0,0,0,0,0,3,11,0
Febrero,6583,1955,D,2n Cycle,Married,72635.0,0,0,2013-06-03,54,390,M,22,323,104,35,107,1,6,8,6,3,0,0,0,1,0,0,3,11,0
Febrero,3641,1976,D,Graduation,Married,13624.0,1,0,2013-01-20,93,10,M,2,15,2,1,6,2,2,0,3,6,0,0,0,0,0,0,3,11,0
Febrero,10156,1975,D,Graduation,Single,84196.0,0,1,2013-06-03,56,215,M,63,507,231,31,190,1,8,4,7,3,0,0,0,0,0,0,3,11,0
Febrero,4299,1960,D,Graduation,Together,70971.0,0,1,2012-09-21,28,1001,M,17,572,93,125,17,7,11,11,5,7,0,0,0,0,0,0,3,11,1
Febrero,3469,1977,D,PhD,Divorced,34487.0,1,1,2012-09-06,94,19,M,18,33,24,1,8,3,3,0,3,9,0,0,0,0,0,0,3,11,0
Febrero,5063,1977,D,Graduation,Single,28769.0,1,0,2012-12-18,76,41,M,5,129,10,3,3,3,4,1,4,9,0,0,0,0,0,0,3,11,0
Febrero,10727,1970,D,PhD,Married,69084.0,1,0,2013-11-19,43,1181,M,107,199,39,30,30,2,7,3,13,8,0,0,0,0,0,0,3,11,0
Febrero,9624,1958,D,PhD,Together,65488.0,0,0,2014-06-13,46,603,M,45,207,36,18,54,1,3,4,6,1,0,0,0,0,0,0,3,11,0
Febrero,5156,1970,D,2n Cycle,Married,62466.0,0,1,2014-01-15,13,129,M,129,259,168,121,83,5,6,3,12,4,0,0,0,0,0,0,3,11,0
Febrero,4376,1960,D,2n Cycle,Single,32218.0,0,0,2014-02-15,27,10,M,24,15,13,1,30,1,2,1,3,7,1,0,0,0,0,0,3,11,1
Febrero,8923,1973,D,Graduation,Single,83917.0,0,0,2013-04-18,12,514,M,22,732,42,198,79,1,6,7,7,3,0,0,0,0,0,0,3,11,1
Febrero,8461,1962,D,Graduation,Divorced,46102.0,2,1,2014-03-10,3,14,M,0,1,0,0,1,1,1,0,2,7,0,0,0,0,0,0,3,11,0
Febrero,6945,1952,D,Graduation,Single,84574.0,0,0,2013-06-04,72,387,M,20,713,38,54,163,1,9,11,11,5,0,0,0,0,0,0,3,11,0
Febrero,944,1962,D,Graduation,Married,56181.0,0,1,2013-01-08,6,121,M,103,69,8,44,48,1,4,2,7,4,0,0,0,0,0,0,3,11,0
Febrero,1907,1950,D,Master,Divorced,63120.0,0,1,2012-09-28,53,965,M,69,279,54,41,69,5,8,4,9,7,0,0,0,0,0,0,3,11,1
Febrero,701,1971,D,Graduation,Married,73691.0,0,1,2013-11-06,58,707,M,21,250,85,43,73,2,6,2,8,2,1,0,0,0,0,0,3,11,0
Febrero,3856,1960,D,Graduation,Together,63381.0,0,1,2012-10-05,78,571,M,50,142,33,50,159,4,4,5,13,2,0,0,0,0,0,0,3,11,0
Febrero,4149,1948,D,PhD,Together,76140.0,0,0,2014-05-13,57,586,M,66,653,17,0,26,1,5,9,6,2,0,0,0,0,0,0,3,11,0
Febrero,2131,1959,D,PhD,Divorced,62859.0,0,1,2012-12-30,37,1063,M,89,102,16,12,25,4,9,4,6,6,0,0,0,0,0,0,3,11,0
Febrero,2942,1964,D,Graduation,Single,45906.0,0,1,2013-05-07,20,305,M,3,27,4,3,144,2,5,4,4,5,1,0,0,0,0,0,3,11,0
Febrero,1173,1947,D,Master,Together,77632.0,0,0,2013-03-10,73,1200,M,105,758,0,42,147,1,4,2,6,2,0,1,1,0,0,0,3,11,1
Febrero,4381,1971,D,PhD,Married,46463.0,1,1,2013-08-18,56,163,M,2,40,8,11,11,7,3,1,6,6,0,0,0,0,0,0,3,11,0
Febrero,4611,1970,D,Graduation,Together,105471.0,0,0,2013-01-21,36,1009,M,181,104,202,21,207,0,9,8,13,3,0,0,1,1,0,0,3,11,1
Febrero,3376,1970,D,Master,Divorced,55282.0,1,0,2013-12-13,9,125,M,6,73,8,4,19,1,3,1,6,4,0,0,0,0,0,0,3,11,0
Febrero,4679,1977,D,Master,Married,78710.0,0,1,2014-05-23,42,721,M,0,152,119,50,50,3,7,6,12,4,0,0,0,0,0,0,3,11,0
Febrero,10928,1958,D,Graduation,Together,66886.0,0,1,2013-09-16,28,315,M,4,62,41,31,146,2,7,1,7,5,0,0,0,0,0,0,3,11,0
Febrero,4248,1960,D,Master,Single,98777.0,0,0,2014-02-17,23,1000,M,19,711,125,115,38,0,4,6,9,1,0,1,0,0,0,0,3,11,0
Febrero,6728,1985,D,Graduation,Together,29103.0,1,0,2012-08-27,38,16,M,0,17,6,3,6,2,1,0,3,9,0,0,0,0,0,0,3,11,0
Febrero,6661,1974,D,Graduation,Married,67445.0,0,1,2012-08-12,63,757,M,80,217,29,80,11,5,9,6,12,6,0,0,0,0,0,0,3,11,0
Febrero,4725,1950,D,PhD,Together,50616.0,0,1,2014-04-13,71,30,M,2,25,0,1,9,1,1,1,4,2,0,0,0,0,0,0,3,11,0
Febrero,3277,1955,D,Graduation,Divorced,49431.0,0,1,2012-08-03,9,219,M,3,100,26,0,17,2,7,1,5,8,0,0,0,0,0,0,3,11,0
Febrero,5555,1975,D,Graduation,Divorced,153924.0,0,0,2014-02-07,81,1,M,1,1,1,1,1,0,0,0,0,0,0,0,0,0,0,0,3,11,0
Febrero,2564,1953,D,Graduation,Together,61278.0,0,1,2014-01-04,87,111,M,3,28,2,6,15,2,3,1,4,6,0,0,0,0,0,0,3,11,0
Febrero,946,1958,D,2n Cycle,Together,26490.0,0,0,2012-09-22,92,45,M,47,52,21,20,25,2,3,1,5,6,0,0,0,0,0,0,3,11,0
Febrero,3867,1947,D,PhD,Together,73059.0,0,1,2013-08-31,36,410,M,112,420,0,82,71,1,9,3,13,4,0,0,0,0,0,0,3,11,0
Febrero,6940,1966,D,PhD,Single,46734.0,1,2,2013-10-21,86,100,M,1,39,6,1,76,4,3,2,3,6,1,0,0,0,0,0,3,11,0
Febrero,55,1963,D,Graduation,Together,56253.0,0,1,2012-12-07,83,509,M,0,65,7,11,5,4,7,2,9,6,0,0,0,0,0,0,3,11,0
Febrero,7093,1985,D,Graduation,Married,19986.0,1,0,2013-11-14,74,3,M,6,5,0,2,6,1,0,0,3,7,0,0,0,0,0,0,3,11,0
Febrero,5084,1975,D,Graduation,Widow,58330.0,0,1,2013-12-25,87,445,M,53,213,104,98,151,1,6,4,13,4,0,0,0,0,0,0,3,11,0
Febrero,1777,1980,D,Basic,Married,25965.0,0,0,2012-09-07,29,2,M,2,11,41,7,11,1,2,0,3,8,0,0,0,0,0,0,3,11,0
Febrero,8162,1956,D,Master,Together,14661.0,0,0,2013-01-01,88,4,M,1,11,6,2,2,1,1,0,3,6,0,0,0,0,0,0,3,11,0
Febrero,10826,1959,D,Graduation,Married,18690.0,0,0,2012-12-28,77,6,M,1,7,23,4,19,1,1,1,2,8,0,0,0,0,0,0,3,11,0
Febrero,8754,1974,D,PhD,Together,45068.0,0,1,2013-05-16,25,14,M,0,3,0,0,3,1,1,0,2,7,0,0,0,0,0,0,3,11,0
Febrero,1987,1987,D,Basic,Single,21063.0,1,0,2013-09-25,34,1,M,10,11,19,3,15,2,2,0,3,6,0,0,0,0,0,0,3,11,0
Febrero,11007,1968,D,PhD,Married,29187.0,1,0,2013-05-09,43,26,M,0,6,0,0,2,1,1,0,3,8,0,0,0,0,0,0,3,11,0
Febrero,7426,1971,D,2n Cycle,Married,54690.0,1,1,2013-11-07,76,111,M,16,37,7,9,18,3,3,1,5,3,0,0,0,0,0,0,3,11,0
Febrero,9153,1964,D,PhD,Married,59304.0,0,1,2013-07-29,81,418,M,61,428,80,51,10,3,7,8,10,5,0,0,0,0,0,0,3,11,0
Febrero,10379,1962,D,Master,Single,59247.0,0,2,2013-11-08,87,327,M,9,122,19,14,83,5,5,2,9,6,0,0,0,0,0,0,3,11,0
Febrero,9204,1970,D,Graduation,Widow,66731.0,0,1,2012-09-12,33,371,M,159,194,58,106,141,4,4,3,6,3,0,0,0,0,0,0,3,11,0
Febrero,3197,1980,D,Graduation,Married,77353.0,0,1,2013-12-16,38,275,M,59,107,69,101,59,2,6,4,8,4,0,0,0,0,0,0,3,11,0
Febrero,2920,1975,D,PhD,Single,52614.0,0,1,2012-12-01,63,789,M,0,142,12,9,38,2,2,4,8,8,0,0,0,0,0,0,3,11,0
Febrero,6961,1974,D,Graduation,Married,26751.0,2,0,2014-05-22,26,1,M,1,5,0,3,1,1,1,0,2,8,0,0,0,0,0,0,3,11,0
Febrero,4673,1963,D,PhD,Married,81300.0,0,1,2012-10-30,17,1004,M,12,145,32,12,36,3,10,3,5,5,0,0,0,1,0,0,3,11,1
Febrero,9937,1979,D,Graduation,Single,70337.0,0,0,2014-01-02,75,187,M,81,149,25,43,91,1,2,2,12,1,0,0,0,0,0,0,3,11,0
Febrero,8779,1985,D,2n Cycle,Married,36145.0,1,0,2013-06-16,13,56,M,4,76,17,1,18,4,4,1,3,9,1,0,0,0,0,0,3,11,1
Febrero,9596,1980,D,PhD,Single,65295.0,0,0,2013-12-23,19,365,M,32,117,34,110,6,1,3,3,13,2,0,0,0,0,0,0,3,11,0
Febrero,2891,1963,D,Graduation,Divorced,68118.0,0,1,2013-10-18,51,595,M,23,123,10,23,154,2,8,9,4,6,0,0,0,0,0,0,3,11,0
Febrero,4910,1967,D,Graduation,Divorced,68743.0,0,0,2012-08-30,81,1132,M,134,384,175,134,115,1,11,5,13,7,0,0,0,0,0,0,3,11,0
Febrero,75,1982,D,2n Cycle,Together,41039.0,0,0,2013-07-25,32,34,M,11,137,179,61,45,1,8,1,5,8,0,0,0,0,0,0,3,11,0
Febrero,10120,1955,D,Graduation,Together,38946.0,0,1,2013-10-24,84,116,M,6,82,6,6,41,2,3,1,6,5,0,0,0,0,0,0,3,11,0
Febrero,6327,1967,D,Graduation,Together,65777.0,0,0,2013-12-19,87,565,M,32,435,28,32,54,1,2,8,6,1,0,0,0,0,0,0,3,11,0
Febrero,10142,1976,D,PhD,Divorced,66476.0,0,1,2013-03-07,99,372,M,18,126,47,48,78,2,5,2,11,4,0,0,0,0,0,0,3,11,0
Febrero,9826,1972,D,PhD,Single,86857.0,0,0,2012-09-12,96,899,M,102,838,133,102,40,1,5,6,10,2,0,0,0,0,0,0,3,11,1
Febrero,1501,1982,D,PhD,Married,160803.0,0,0,2012-08-04,21,55,M,16,1622,17,3,4,15,0,28,1,0,0,0,0,0,0,0,3,11,0
Febrero,10767,1989,D,PhD,Together,77845.0,0,0,2014-05-16,40,760,M,40,480,0,40,26,1,3,5,12,1,0,0,1,1,0,0,3,11,0
Febrero,7279,1969,D,PhD,Together,69476.0,0,0,2013-09-30,3,260,M,86,559,63,9,67,1,4,6,4,2,0,0,0,0,0,0,3,11,0
Febrero,7230,1960,D,PhD,Divorced,50611.0,0,1,2012-10-04,98,459,M,0,24,6,0,4,6,4,5,7,6,0,1,0,0,0,0,3,11,1
Febrero,143,1970,D,Graduation,Single,61209.0,0,0,2013-08-25,73,466,M,0,224,119,49,99,1,5,3,4,2,0,0,0,0,0,0,3,11,0
Febrero,450,1958,D,Master,Together,42315.0,0,1,2013-07-12,90,67,M,15,80,17,11,80,3,1,4,4,3,0,0,0,0,0,0,3,11,0
Febrero,9316,1952,D,Basic,Together,13084.0,0,0,2013-11-02,29,2,M,0,7,3,7,10,1,1,0,3,6,0,0,0,0,0,0,3,11,0
Febrero,6379,1949,D,Master,Widow,47570.0,1,1,2013-05-29,3,67,M,1,20,0,2,31,3,2,2,2,7,0,0,0,0,0,0,3,11,1
Febrero,9239,1961,D,Master,Married,61923.0,0,2,2013-07-26,94,92,M,4,18,3,3,6,1,2,1,4,3,0,0,0,0,0,0,3,11,0
Febrero,8315,1995,D,Graduation,Single,34824.0,0,0,2014-03-26,65,4,M,2,11,2,0,4,1,1,0,2,6,0,0,0,0,0,0,3,11,0
Febrero,2868,1949,D,PhD,Single,26518.0,1,1,2013-04-08,33,20,M,1,28,3,3,2,3,2,0,3,8,0,0,0,0,0,0,3,11,1
Febrero,10888,1961,D,Graduation,Single,45938.0,0,0,2013-11-03,46,273,M,11,178,62,83,29,2,8,4,6,6,0,0,0,0,0,0,3,11,0
Febrero,1277,1960,D,Graduation,Together,78468.0,0,0,2014-04-09,29,434,M,22,388,104,22,34,1,10,7,10,4,0,0,0,1,0,0,3,11,0
Febrero,9977,1973,D,Graduation,Divorced,78901.0,0,1,2013-09-17,99,321,M,11,309,33,26,34,3,9,3,5,4,0,0,0,0,0,0,3,11,0
Febrero,10196,1978,D,Graduation,Married,71427.0,2,0,2014-03-12,26,212,M,123,177,15,64,23,2,8,2,8,4,0,0,0,0,0,0,3,11,0
Febrero,6384,1978,D,Graduation,Divorced,71022.0,0,1,2014-02-11,30,909,M,12,278,0,12,242,3,5,2,11,8,1,0,0,0,0,0,3,11,0
Febrero,8029,1988,D,Master,Single,90247.0,0,0,2014-04-29,27,1184,M,32,352,21,16,16,1,3,4,7,1,0,1,1,1,0,0,3,11,1
Febrero,968,1968,D,Master,Divorced,41335.0,1,0,2013-12-26,24,112,M,19,21,16,14,5,3,4,1,4,7,0,0,0,0,0,0,3,11,0
Febrero,6988,1986,D,Graduation,Married,71952.0,1,0,2013-01-10,93,656,M,80,455,52,107,93,2,8,4,8,4,1,0,1,0,0,0,3,11,0
Febrero,4472,1970,D,PhD,Divorced,35682.0,1,0,2014-06-27,34,23,M,0,8,6,2,18,1,1,1,3,2,0,0,0,0,0,0,3,11,0
Febrero,6991,1951,D,Graduation,Divorced,43185.0,0,1,2013-04-10,88,537,M,6,42,16,6,30,2,9,3,6,8,0,0,0,0,0,0,3,11,0
Febrero,3336,1948,D,PhD,Together,66375.0,0,1,2013-11-21,96,712,M,0,45,0,0,191,3,2,4,5,7,1,0,0,0,0,0,3,11,0
Febrero,4301,1971,D,Master,Married,35178.0,1,0,2013-01-10,10,23,M,1,13,2,2,18,1,1,1,2,7,1,0,0,0,0,0,3,11,1
Febrero,1940,1986,D,Graduation,Married,25252.0,1,0,2013-07-12,26,1,M,3,4,2,2,6,1,1,0,2,8,0,0,0,0,0,0,3,11,0
Febrero,1272,1965,D,Master,Single,55250.0,0,1,2012-10-21,49,664,M,58,83,32,0,66,4,7,5,10,5,0,0,0,0,0,0,3,11,0
Febrero,1388,1975,D,Graduation,Single,33249.0,1,0,2013-02-20,11,6,M,10,21,19,14,42,2,2,1,3,6,0,0,0,0,0,0,3,11,0
Febrero,1044,1953,D,Graduation,Together,58398.0,0,0,2013-05-14,44,299,M,5,201,21,21,49,3,5,4,8,4,0,0,0,0,0,0,3,11,0
Febrero,6969,1982,D,Graduation,Together,50272.0,1,0,2013-08-07,75,99,M,13,66,43,8,4,3,4,1,5,7,0,0,0,0,0,0,3,11,0
Febrero,10479,1975,D,PhD,Married,76618.0,0,0,2012-12-07,64,749,M,40,294,121,160,147,1,3,2,5,1,0,0,0,0,0,0,3,11,0
Febrero,3619,1960,D,2n Cycle,Divorced,87305.0,0,0,2012-09-23,19,345,M,25,501,63,138,80,1,5,3,8,2,0,0,1,0,0,0,3,11,1
Febrero,1715,1978,D,Graduation,Together,25851.0,1,0,2013-02-11,45,9,M,4,18,7,5,5,2,2,0,3,7,0,0,0,0,0,0,3,11,0
Febrero,10159,1970,D,Graduation,Divorced,58710.0,0,1,2013-03-31,77,440,M,81,368,0,122,174,6,11,5,9,6,0,0,0,0,0,0,3,11,0
Febrero,1463,1958,D,Graduation,Single,45160.0,1,1,2014-03-29,9,8,M,2,5,3,0,3,1,1,0,2,7,0,0,0,0,0,0,3,11,0
Febrero,5114,1965,D,Master,Married,74806.0,0,1,2012-12-19,1,670,M,9,249,0,28,9,2,5,4,5,4,0,0,0,0,0,0,3,11,0
Febrero,4990,1954,D,Graduation,Married,59111.0,0,0,2013-05-02,90,524,M,0,134,28,28,155,1,11,1,8,7,0,0,0,0,0,0,3,11,0
Febrero,4329,1984,D,PhD,Married,18988.0,1,0,2014-05-23,43,6,M,0,6,2,1,1,2,1,0,3,7,0,0,0,0,0,0,3,11,0
Febrero,10936,1965,D,Graduation,Married,72190.0,0,0,2013-02-13,79,597,M,166,597,172,166,249,1,5,6,4,3,0,0,0,0,0,0,3,11,0
Febrero,4692,1976,D,Graduation,Married,7500.0,1,0,2012-08-01,19,7,M,0,12,13,7,32,5,4,1,2,9,1,0,0,0,0,0,3,11,1
Febrero,7212,1966,D,Graduation,Married,44794.0,0,1,2014-06-08,99,54,M,0,7,0,0,4,1,2,0,3,6,0,0,0,0,0,0,3,11,0
Febrero,6086,1955,D,Graduation,Married,80395.0,0,0,2013-11-23,62,445,M,25,706,80,76,48,1,6,5,12,2,0,0,0,1,0,0,3,11,0
Febrero,437,1976,D,Master,Divorced,75012.0,0,0,2014-01-25,41,294,M,142,218,164,58,151,1,3,8,11,1,0,0,0,0,0,0,3,11,0
Febrero,11171,1965,D,Master,Married,56962.0,2,1,2013-10-11,60,292,M,3,77,10,3,26,7,6,3,5,7,0,0,0,0,0,0,3,11,0
Febrero,11101,1991,D,Graduation,Together,89891.0,0,0,2013-04-15,17,412,M,22,132,59,28,183,1,11,6,8,4,0,0,1,0,0,0,3,11,0
Febrero,5329,1949,D,PhD,Divorced,35946.0,1,1,2013-09-27,24,8,M,0,3,0,0,0,1,0,0,3,5,0,0,0,0,0,0,3,11,0
Febrero,610,1953,D,PhD,Together,53593.0,1,1,2012-08-07,60,349,M,4,78,6,0,43,8,7,2,6,8,0,0,0,0,0,0,3,11,0
Febrero,9384,1978,D,Graduation,Married,66373.0,1,1,2013-06-12,57,328,M,9,124,12,24,109,7,4,2,10,3,0,0,0,0,0,0,3,11,0
Febrero,5956,1948,D,PhD,Divorced,45072.0,1,2,2013-10-16,74,144,M,2,99,7,2,30,5,6,1,4,8,0,0,0,0,0,0,3,11,0
Febrero,10430,1973,D,Graduation,Divorced,89694.0,1,1,2013-10-09,22,1126,M,28,211,37,28,42,3,4,3,4,5,0,1,1,1,0,0,3,11,0
Febrero,7875,1949,D,Graduation,Married,72025.0,0,0,2014-04-29,46,967,M,0,617,43,50,0,1,4,8,13,2,0,1,1,1,0,0,3,11,1
Febrero,7072,1973,D,Graduation,Married,67432.0,0,1,2013-03-29,69,432,M,79,341,177,136,170,2,8,5,4,4,0,0,0,0,0,0,3,11,0
Febrero,6255,1952,D,Master,Together,70545.0,0,1,2014-06-03,29,138,M,39,63,55,18,21,1,4,1,7,2,0,0,0,0,0,0,3,11,0
Febrero,6516,1989,D,Basic,Married,17487.0,1,0,2013-03-18,37,0,M,0,1,7,4,6,1,1,0,2,7,0,0,0,0,0,0,3,11,0
Febrero,5564,1969,D,Graduation,Together,62882.0,0,1,2012-08-09,26,509,M,133,497,78,24,97,2,7,5,6,4,0,0,0,0,0,0,3,11,0
Febrero,5682,1953,D,PhD,Single,64108.0,0,1,2013-03-23,8,948,M,10,86,13,21,21,4,6,9,11,5,0,0,0,0,0,0,3,11,0
Febrero,7458,1956,D,Master,Together,34941.0,1,1,2013-03-06,26,39,M,2,25,4,3,24,2,3,0,3,8,0,0,0,0,0,0,3,11,0
Febrero,5237,1950,D,PhD,Single,48767.0,1,2,2014-01-01,79,28,M,1,21,3,0,10,3,2,1,3,5,0,0,0,0,0,0,3,11,0
Febrero,7761,1978,D,2n Cycle,Together,38702.0,1,0,2013-08-01,71,13,M,11,24,13,8,40,2,3,0,4,6,0,0,0,0,0,0,3,11,0
Febrero,5278,1964,D,Graduation,Married,82224.0,0,0,2014-01-25,83,307,M,26,360,138,31,40,1,6,9,5,3,0,0,0,1,0,0,3,11,0
Febrero,3560,1952,D,Graduation,Together,83844.0,0,0,2013-05-12,57,901,M,31,345,75,31,191,1,4,4,11,1,0,0,1,0,0,0,3,11,0
Febrero,7235,1975,D,2n Cycle,Married,17003.0,1,0,2013-12-09,37,2,M,5,12,4,8,7,3,2,0,4,5,0,0,0,0,0,0,3,11,0
Febrero,10548,1995,D,Graduation,Single,71163.0,0,0,2014-03-09,30,283,M,17,372,138,106,44,1,3,8,12,1,0,0,0,0,0,0,3,11,0
Febrero,2281,1970,D,Graduation,Single,33697.0,1,0,2013-09-15,34,4,M,3,7,0,3,11,1,1,0,2,7,1,0,0,0,0,0,3,11,0
Febrero,4073,1954,D,2n Cycle,Married,63564.0,0,0,2014-01-29,0,769,M,80,252,15,34,65,1,10,10,7,6,1,0,0,0,0,0,3,11,1
Febrero,6974,1972,D,PhD,Together,83443.0,0,0,2013-12-31,89,518,M,42,742,55,56,84,1,6,10,5,2,0,0,0,0,0,0,3,11,0
Febrero,7938,1958,D,PhD,Together,51518.0,0,1,2013-10-03,92,350,M,8,66,17,4,4,2,3,2,10,3,0,0,0,0,0,0,3,11,0
Febrero,7094,1975,D,Graduation,Widow,58330.0,0,1,2013-12-25,87,445,M,53,213,104,98,151,1,6,4,13,4,0,0,0,0,0,0,3,11,0
Febrero,3667,1969,D,Graduation,Married,80952.0,0,0,2013-02-28,20,778,M,178,689,41,27,44,1,8,5,11,8,0,1,1,1,0,0,3,11,1
Febrero,7723,1979,D,Graduation,Together,75507.0,0,0,2014-05-02,56,709,M,93,374,104,80,80,1,8,6,6,3,0,0,0,0,0,0,3,11,0
Febrero,3870,1978,D,2n Cycle,Together,63855.0,0,0,2013-02-09,28,359,M,35,314,93,116,89,1,7,3,13,4,0,0,0,0,0,0,3,11,0
Febrero,4012,1972,D,PhD,Together,62220.0,0,1,2012-08-11,55,799,M,12,375,16,12,12,5,7,6,5,6,0,0,0,0,0,0,3,11,1
Febrero,5909,1964,D,Graduation,Married,58512.0,0,1,2013-09-19,25,895,M,10,101,13,0,152,5,3,4,8,8,0,0,0,0,0,0,3,11,0
Febrero,10470,1979,D,Master,Married,40662.0,1,0,2013-03-15,0,40,M,2,23,0,4,23,2,2,1,3,4,0,0,0,0,0,0,3,11,0
Febrero,6488,1959,D,PhD,Married,38829.0,0,1,2014-04-06,86,76,M,0,7,0,0,16,1,3,2,2,5,0,0,0,0,0,0,3,11,0
Febrero,10270,1981,D,2n Cycle,Married,35523.0,1,0,2013-10-03,8,11,M,5,22,12,5,11,2,3,0,3,7,0,0,0,0,0,0,3,11,0
Febrero,6887,1967,D,Graduation,Single,79146.0,1,1,2014-04-24,33,245,M,16,223,21,43,16,2,8,1,8,6,0,0,0,0,0,0,3,11,0
Febrero,6406,1988,D,Master,Married,78285.0,0,0,2013-10-28,13,647,M,107,391,175,67,40,1,6,4,10,3,0,0,0,0,0,0,3,11,0
Febrero,7573,1978,D,PhD,Single,31626.0,1,0,2013-05-10,12,39,M,1,9,2,1,34,1,2,1,2,7,1,0,0,0,0,0,3,11,1
Febrero,4508,1952,D,Graduation,Single,75127.0,0,0,2014-05-22,92,203,M,35,305,46,17,227,1,2,11,5,1,0,0,0,0,0,0,3,11,0
Febrero,221,1955,D,Graduation,Married,48726.0,0,1,2013-04-27,90,138,M,3,38,4,0,59,3,3,2,4,6,0,0,0,0,0,0,3,11,0
Febrero,5331,1977,D,Graduation,Married,74985.0,0,0,2012-09-11,8,587,M,51,898,247,0,86,1,3,6,7,2,0,0,0,0,0,0,3,11,0
Febrero,1911,1987,D,Graduation,Together,67430.0,0,0,2012-09-05,6,595,M,97,291,127,133,121,1,11,5,12,6,0,0,0,0,0,0,3,11,0
Febrero,20,1965,D,2n Cycle,Married,46891.0,0,1,2013-09-01,91,43,M,12,23,29,15,61,1,2,1,4,4,0,0,0,0,0,0,3,11,0
Febrero,8786,1956,D,Master,Married,62058.0,0,1,2013-05-26,52,301,M,7,74,10,0,58,4,6,1,7,6,0,0,0,0,0,0,3,11,0
Febrero,10582,1979,D,Graduation,Married,72063.0,0,1,2013-07-03,3,180,M,32,348,76,32,90,2,5,2,12,2,0,0,0,0,0,0,3,11,0
Febrero,1915,1951,D,PhD,Married,78939.0,0,0,2013-12-12,57,794,M,115,243,150,0,205,1,8,5,6,3,0,0,0,0,0,0,3,11,0
Febrero,8897,1965,D,Graduation,Single,42720.0,1,1,2013-04-24,9,392,M,5,91,28,26,112,8,7,3,7,8,0,0,0,0,0,0,3,11,1
Febrero,2371,1972,D,Graduation,Married,33622.0,1,1,2013-04-13,22,39,M,1,22,3,4,12,3,2,0,4,7,0,0,0,0,0,0,3,11,0
Febrero,4303,1957,D,PhD,Together,6835.0,0,1,2012-12-08,76,107,M,2,12,2,2,12,0,0,0,1,20,0,0,0,0,0,0,3,11,0
Febrero,6825,1953,D,Graduation,Together,41452.0,1,1,2013-03-06,86,13,M,0,3,0,0,0,1,1,0,2,7,0,0,0,0,0,0,3,11,0
Febrero,1072,1965,D,PhD,Single,40760.0,0,1,2013-08-30,64,70,M,0,17,0,0,6,2,2,1,3,6,0,0,0,0,0,0,3,11,0
Febrero,4964,1958,D,PhD,Together,74250.0,0,0,2014-01-26,90,680,M,11,392,75,0,0,1,2,11,4,1,0,0,0,0,0,0,3,11,0
Febrero,2461,1955,D,Master,Single,51124.0,1,1,2013-12-18,79,26,M,1,11,0,1,4,2,1,0,3,3,0,0,0,0,0,0,3,11,0
Febrero,10736,1971,D,Graduation,Single,72258.0,0,1,2013-09-12,28,522,M,0,522,227,120,134,2,6,9,5,2,0,0,0,0,0,0,3,11,0
Febrero,3194,1974,D,PhD,Single,71466.0,0,0,2014-04-05,86,412,M,12,546,78,182,0,1,4,4,10,1,0,0,0,0,0,0,3,11,0
Febrero,10839,1976,D,Graduation,Together,36283.0,1,1,2014-04-14,42,6,M,5,5,8,0,5,2,1,0,3,4,0,0,0,0,0,0,3,11,0
Febrero,49,1970,D,Graduation,Single,20587.0,1,0,2014-05-11,39,2,M,3,6,4,1,9,1,1,1,2,7,0,0,0,0,0,0,3,11,0
Febrero,4290,1972,D,Graduation,Married,30467.0,1,0,2014-03-19,8,1,M,3,8,2,5,5,1,1,0,2,7,0,0,0,0,0,0,3,11,0
Febrero,10219,1972,D,Graduation,Together,31590.0,1,0,2013-06-18,40,6,M,2,15,6,6,3,1,1,0,3,8,0,0,0,0,0,0,3,11,0
Febrero,4211,1986,D,Basic,Married,20425.0,1,0,2012-10-29,5,4,M,12,5,3,16,17,2,2,0,3,7,0,0,0,0,0,0,3,11,0
Febrero,1135,1960,D,Master,Together,17144.0,1,1,2014-02-15,96,18,M,2,19,0,2,6,5,3,0,4,7,0,0,0,0,0,0,3,11,0
Febrero,6299,1968,D,PhD,Divorced,42564.0,0,1,2013-01-02,28,324,M,48,186,39,18,198,6,6,8,4,7,1,0,0,0,0,0,3,11,1
Febrero,10846,1978,D,Master,Married,43783.0,1,0,2014-05-29,22,327,M,9,125,25,4,139,6,7,1,8,7,1,0,0,0,0,0,3,11,0
Febrero,347,1976,D,Graduation,Divorced,40780.0,0,1,2012-09-08,30,229,M,27,71,13,3,34,4,7,1,5,9,0,0,0,0,0,0,3,11,0
Febrero,6543,1945,D,Master,Together,62847.0,0,0,2013-01-15,45,521,M,168,706,80,76,61,1,3,6,4,2,0,0,0,0,0,0,3,11,0
Febrero,10446,1957,D,PhD,Married,82017.0,0,0,2012-11-07,58,184,M,23,446,30,23,23,1,5,4,7,2,0,1,1,1,0,0,3,11,1
Febrero,3479,1950,D,Graduation,Single,16813.0,0,0,2013-07-19,49,4,M,8,11,12,2,13,1,2,0,3,7,1,0,0,0,0,0,3,11,0
Febrero,11075,1978,D,Graduation,Married,51267.0,1,1,2013-10-29,37,183,M,2,64,7,2,12,4,3,3,5,4,0,0,0,0,0,0,3,11,0
Febrero,4442,1961,D,Graduation,Single,46524.0,0,1,2013-04-05,70,31,M,19,35,26,14,52,2,1,1,5,3,0,0,0,0,0,0,3,11,0
Febrero,199,1962,D,Master,Single,45183.0,0,0,2013-01-20,33,219,M,3,60,12,9,12,1,4,1,7,7,0,1,0,0,0,0,3,11,0
Febrero,6722,1954,D,PhD,Married,70421.0,0,1,2014-06-28,98,479,M,28,136,75,14,35,3,10,3,7,6,0,0,0,0,0,0,3,11,0
Febrero,796,1965,D,2n Cycle,Divorced,60161.0,0,1,2012-10-23,17,584,M,44,212,46,8,177,3,11,4,8,8,0,0,0,0,0,0,3,11,0
Febrero,3749,1973,D,Graduation,Together,73926.0,0,0,2013-03-02,54,627,M,91,597,159,91,15,1,6,5,12,3,0,0,0,0,0,0,3,11,0
Febrero,8523,1968,D,Graduation,Married,19329.0,1,0,2013-12-14,39,24,M,1,16,12,2,5,3,4,0,3,8,0,0,0,0,0,0,3,11,0
Febrero,310,1970,D,Master,Married,61872.0,0,1,2013-12-13,81,330,M,5,159,36,27,16,4,4,4,9,4,0,0,0,0,0,0,3,11,0
Febrero,8629,1956,D,Graduation,Widow,46984.0,1,1,2013-03-26,71,19,M,1,10,2,1,8,1,1,0,3,5,0,0,0,0,0,0,3,11,0
Febrero,236,1951,D,Graduation,Married,34838.0,1,1,2013-01-19,62,28,M,23,29,29,14,47,3,2,1,4,6,0,0,0,0,0,0,3,11,0
Febrero,9930,1944,D,PhD,Single,82716.0,0,0,2013-11-05,8,606,M,148,228,15,148,22,1,6,8,13,2,0,0,0,0,0,0,3,11,0
Febrero,3483,1958,D,Graduation,Married,48192.0,0,0,2013-04-06,76,1039,M,43,204,153,58,29,3,2,8,12,8,0,1,0,1,1,0,3,11,1
Febrero,4599,1976,D,Master,Married,49681.0,0,2,2013-11-04,66,411,M,0,26,0,0,21,6,7,1,7,7,0,0,0,0,0,0,3,11,0
Febrero,7326,1971,D,Master,Married,56850.0,0,1,2014-03-23,83,34,M,1,19,2,7,0,1,1,1,3,2,0,0,0,0,0,0,3,11,0
Febrero,7352,1957,D,Graduation,Married,55267.0,0,1,2013-10-21,28,161,M,28,136,32,3,45,4,3,4,6,3,0,0,0,0,0,0,3,11,0
Febrero,2350,1972,D,Graduation,Married,59666.0,1,1,2013-03-22,87,623,M,53,178,23,17,133,7,3,2,8,8,0,1,0,0,0,0,3,11,0
Febrero,9145,1972,D,Graduation,Single,72504.0,0,1,2013-04-06,43,604,M,26,470,123,161,94,2,5,9,6,2,0,0,0,0,0,0,3,11,0
Febrero,2964,1981,D,Graduation,Married,26872.0,0,0,2013-10-16,0,3,M,10,8,3,16,32,1,1,1,2,6,0,0,0,0,0,0,3,11,0
Febrero,5585,1972,D,Graduation,Single,21359.0,1,0,2013-04-20,1,12,M,2,17,6,1,10,2,2,0,3,8,0,0,0,0,0,0,3,11,1
Febrero,9687,1975,D,Graduation,Single,73170.0,0,0,2014-05-31,1,184,M,174,256,50,30,32,1,5,4,6,2,0,0,0,0,0,0,3,11,0
Febrero,3732,1955,D,Master,Married,52750.0,0,1,2013-02-04,72,393,M,0,239,90,69,69,6,5,7,9,4,0,0,0,0,0,0,3,11,0
Febrero,6303,1986,D,PhD,Together,91820.0,0,0,2013-11-23,72,410,M,73,747,76,161,30,0,5,5,12,1,0,0,0,0,0,0,3,11,0
Febrero,11176,1970,D,PhD,Together,65968.0,0,1,2014-05-12,12,376,M,9,83,19,4,4,2,5,4,7,3,0,0,0,0,0,0,3,11,0
Febrero,2986,1976,D,Graduation,Married,30772.0,1,1,2014-03-12,89,7,M,2,4,2,1,4,1,1,0,2,6,0,0,0,0,0,0,3,11,0
Febrero,7462,1954,D,Graduation,Single,22507.0,0,0,2012-11-24,67,68,M,0,226,51,157,68,3,10,2,4,9,0,0,0,0,0,0,3,11,0
Febrero,3900,1972,D,Graduation,Married,65685.0,0,1,2014-03-29,54,642,M,14,49,0,7,57,1,9,2,9,5,0,0,0,0,0,0,3,11,0
Febrero,7034,1978,D,2n Cycle,Married,25804.0,1,0,2013-09-01,34,8,M,7,9,13,6,12,2,2,0,3,8,0,0,0,0,0,0,3,11,0
Febrero,9493,1980,D,PhD,Single,76412.0,0,0,2013-05-05,15,840,M,53,804,23,71,17,1,5,4,8,3,0,0,1,1,0,0,3,11,1
Febrero,1143,1972,D,Graduation,Married,22063.0,1,0,2013-08-08,43,7,M,10,13,3,11,11,2,2,0,3,7,0,0,0,0,0,0,3,11,0
Febrero,1,1961,D,Graduation,Single,57091.0,0,0,2014-06-15,0,464,M,5,64,7,0,37,1,7,3,7,5,0,0,0,0,1,0,3,11,1
Febrero,3855,1963,D,Graduation,Married,22419.0,0,0,2013-04-18,74,30,M,3,47,19,21,42,1,3,2,2,8,0,0,0,0,0,0,3,11,0
Febrero,5536,1959,D,Graduation,Together,87771.0,0,1,2013-05-22,61,1492,M,38,287,50,57,33,1,5,10,4,6,0,1,1,1,1,0,3,11,1
Febrero,5989,1959,D,2n Cycle,Divorced,78353.0,0,1,2013-04-16,51,752,M,122,476,39,153,34,1,10,2,11,8,0,0,0,0,0,0,3,11,0
Febrero,9499,1954,D,Graduation,Married,93404.0,1,2,2013-05-07,97,1279,M,15,287,20,0,15,3,3,4,7,5,0,1,1,0,0,0,3,11,0
Febrero,6768,1962,D,Graduation,Divorced,37859.0,1,2,2013-01-12,75,22,M,1,8,2,1,2,2,1,0,3,8,0,0,0,0,0,0,3,11,0
Febrero,2150,1958,D,PhD,Widow,80995.0,0,1,2013-05-11,83,860,M,28,409,73,56,56,1,8,9,4,4,0,0,0,0,0,0,3,11,0
Febrero,6646,1984,D,Graduation,Together,16529.0,1,0,2014-03-01,23,3,M,0,5,13,0,1,1,1,0,3,6,0,0,0,0,0,0,3,11,0
Febrero,4887,1976,D,PhD,Divorced,55412.0,1,1,2013-11-22,65,10,M,5,28,11,1,8,1,2,0,3,5,0,0,0,0,0,0,3,11,0
Febrero,8560,1992,D,Graduation,Single,48789.0,0,0,2012-09-10,94,351,M,16,156,7,5,145,1,6,4,7,6,0,0,0,0,0,0,3,11,0
Febrero,3321,1967,D,PhD,Together,56575.0,0,2,2013-05-05,42,421,M,5,90,0,16,10,3,7,3,7,5,0,0,0,0,0,0,3,11,0
Febrero,11003,1980,D,2n Cycle,Together,25130.0,1,0,2013-10-02,10,2,M,5,7,0,18,18,2,2,0,3,7,0,0,0,0,0,0,3,11,0
Febrero,10402,1967,D,Graduation,Married,35441.0,1,1,2013-02-14,94,25,M,1,9,2,1,1,2,1,0,3,8,0,0,0,0,0,0,3,11,0
Febrero,9904,1956,D,Graduation,Married,71391.0,0,1,2013-03-29,50,336,M,123,274,46,123,141,5,6,5,12,3,0,0,0,0,0,0,3,11,0
Febrero,6141,1972,D,Master,Single,49494.0,1,0,2013-04-25,46,191,M,9,97,0,6,82,2,6,1,5,7,0,0,0,0,0,0,3,11,0
Febrero,5687,1980,D,Graduation,Divorced,81702.0,0,0,2012-09-23,98,563,M,50,774,28,31,187,1,7,7,12,3,0,0,0,0,0,0,3,11,0
Febrero,10856,1980,D,2n Cycle,Single,45889.0,0,1,2013-07-02,42,31,M,0,6,0,1,8,1,1,0,3,6,0,0,0,0,0,0,3,11,0
Febrero,5121,1977,D,Graduation,Single,56628.0,0,1,2014-03-21,30,479,M,5,82,7,17,171,2,7,6,5,5,1,0,0,0,0,0,3,11,0
Febrero,4186,1950,D,Graduation,Together,34026.0,1,1,2013-08-05,11,18,M,6,15,12,8,17,3,2,1,3,5,0,0,0,0,0,0,3,11,0
Febrero,368,1974,D,Graduation,Married,40049.0,0,1,2012-11-29,61,91,M,65,52,10,44,28,3,3,2,6,5,0,0,0,0,0,0,3,11,0
Febrero,3312,1988,D,Graduation,Single,34176.0,1,0,2014-05-12,12,5,M,7,24,19,14,20,4,3,0,4,6,0,0,0,0,0,0,3,11,0
Febrero,11121,1981,D,Graduation,Married,19419.0,1,0,2012-11-10,76,2,M,14,28,16,3,7,4,4,0,3,9,0,0,0,0,0,0,3,11,0
Febrero,5332,1960,D,2n Cycle,Married,82504.0,0,0,2013-07-27,2,362,M,50,431,134,35,54,1,3,6,7,1,0,0,0,0,0,0,3,11,0
Febrero,5848,1970,D,Graduation,Together,81205.0,0,0,2014-01-13,43,724,M,74,929,97,55,130,1,5,6,7,2,1,0,1,0,1,0,3,11,1
Febrero,10343,1991,D,2n Cycle,Single,61618.0,0,0,2012-09-29,27,605,M,91,399,0,45,205,2,3,6,8,3,0,0,0,0,0,0,3,11,0
Febrero,5935,1956,D,Master,Single,55284.0,0,1,2012-12-24,60,547,M,7,140,0,7,63,3,7,5,8,5,0,0,0,0,0,0,3,11,0
Febrero,2895,1963,D,Graduation,Single,49980.0,0,1,2013-10-23,79,104,M,1,54,13,9,14,2,3,1,5,5,0,0,0,0,0,0,3,11,0
Febrero,10262,1980,D,Graduation,Married,15072.0,2,0,2013-05-10,96,8,M,2,15,0,10,18,4,3,1,3,5,0,0,0,0,0,0,3,11,0
Febrero,7848,1974,D,Graduation,Single,49166.0,0,1,2013-06-13,17,224,M,2,25,7,0,110,2,5,3,3,6,0,0,0,0,0,0,3,11,0
Febrero,9477,1954,D,PhD,Married,65324.0,0,1,2014-01-11,0,384,M,0,102,21,32,5,3,6,2,9,4,0,0,0,0,0,0,3,11,0
Febrero,4856,1957,D,2n Cycle,Married,82347.0,0,0,2012-11-06,38,556,M,54,845,202,133,63,1,7,7,10,3,1,0,0,1,0,0,3,11,0
Febrero,7186,1966,D,PhD,Together,30843.0,1,1,2014-05-26,43,24,M,0,2,0,0,9,2,1,1,2,5,1,0,0,0,0,0,3,11,0
Febrero,5794,1974,D,PhD,Married,46374.0,0,1,2014-03-17,1,408,M,0,21,0,0,17,3,7,1,7,8,0,1,0,1,0,0,3,11,1
Febrero,1456,1979,D,Graduation,Single,60474.0,0,1,2013-04-01,25,265,M,199,303,234,9,170,7,10,2,12,7,0,0,0,0,0,0,3,11,0
Febrero,4877,1973,D,Master,Married,38576.0,0,1,2014-03-04,2,34,M,0,7,0,0,0,1,1,0,3,7,0,0,0,0,0,0,3,11,0
Febrero,425,1985,D,Graduation,Married,55357.0,2,0,2013-02-19,66,374,M,64,116,84,25,64,3,6,2,11,5,0,0,0,0,0,0,3,11,0
Febrero,3007,1966,D,Graduation,Together,37758.0,1,1,2012-10-04,49,27,M,2,10,0,0,1,2,1,0,3,8,0,0,0,0,0,0,3,11,0
Febrero,1031,1989,D,2n Cycle,Married,85710.0,0,0,2013-05-05,5,600,M,20,350,29,30,33,1,6,9,10,2,0,0,1,0,0,0,3,11,0
Febrero,4297,1969,D,Graduation,Together,23228.0,1,0,2014-01-26,71,13,M,2,18,6,1,0,2,2,0,3,8,0,0,0,0,0,0,3,11,0
Febrero,807,1969,D,Master,Together,44602.0,1,1,2014-02-15,35,167,M,2,89,0,0,34,6,6,1,4,8,0,0,0,0,0,0,3,11,0
Febrero,9553,1987,D,Graduation,Married,7500.0,0,0,2013-01-09,94,0,M,2,3,4,1,5,1,0,0,3,6,0,0,0,0,0,0,3,11,0
Febrero,4271,1989,D,2n Cycle,Together,38683.0,1,0,2012-10-04,80,46,M,35,69,84,41,66,6,4,1,6,7,0,0,0,0,0,0,3,11,0
Febrero,4120,1975,D,2n Cycle,Single,49514.0,1,0,2013-12-17,61,88,M,39,78,58,13,93,2,6,1,4,7,0,0,0,0,0,0,3,11,0
Febrero,2036,1973,D,PhD,Together,57906.0,0,1,2013-06-11,29,243,M,11,119,10,3,15,3,4,2,8,4,0,0,0,0,0,0,3,11,0
Febrero,115,1966,D,Master,Single,43456.0,0,1,2013-03-26,0,275,M,11,68,25,7,7,3,5,1,8,5,0,0,0,0,0,0,3,11,0
Febrero,4259,1986,D,Master,Single,19485.0,2,0,2013-09-24,80,6,M,0,4,0,0,0,1,1,0,2,7,0,0,0,0,0,0,3,11,0
Febrero,8687,1978,D,Graduation,Together,53172.0,0,1,2013-05-06,54,121,M,62,90,68,20,125,3,2,3,8,3,0,0,0,0,0,0,3,11,0
Febrero,2447,1979,D,Graduation,Together,30545.0,1,0,2012-10-17,71,4,M,12,15,19,7,12,2,2,0,3,7,0,0,0,0,0,0,3,11,0
Febrero,10140,1983,D,PhD,Together,70123.0,0,0,2013-09-28,27,1308,M,0,396,23,0,0,1,5,7,4,3,0,1,0,0,1,0,3,11,0
Febrero,9353,1959,D,Graduation,Single,62450.0,0,1,2014-01-06,61,515,M,47,267,62,66,38,2,5,5,4,3,0,1,0,0,0,0,3,11,0
Febrero,3623,1976,D,Graduation,Together,21675.0,1,0,2014-06-11,55,4,M,0,16,17,4,4,3,4,0,3,7,0,0,0,0,0,0,3,11,0
Febrero,738,1981,D,2n Cycle,Single,42395.0,1,1,2014-04-04,35,48,M,13,57,24,15,25,4,3,1,4,7,0,0,0,0,0,0,3,11,0
Febrero,7631,1978,D,Master,Together,61346.0,1,0,2013-10-06,34,562,M,58,168,43,16,142,1,5,7,10,3,0,0,0,0,0,0,3,11,0
Febrero,4789,1953,D,Graduation,Together,80812.0,0,0,2013-09-17,95,769,M,22,500,210,143,33,1,4,8,5,2,1,0,1,1,0,0,3,11,0
Febrero,773,1971,D,Master,Divorced,42835.0,1,1,2013-06-30,64,379,M,4,93,12,9,98,7,6,6,4,6,0,0,0,0,0,0,3,11,0
Febrero,10602,1983,D,Graduation,Married,39922.0,1,0,2013-02-14,30,29,M,12,59,19,1,36,2,3,0,4,8,0,0,0,0,0,0,3,11,0
Febrero,1446,1956,D,Master,Single,86424.0,0,0,2014-04-05,12,387,M,68,569,89,45,68,1,6,9,12,1,0,0,0,0,0,0,3,11,0
Febrero,3270,1978,D,2n Cycle,Together,17117.0,1,0,2013-01-17,96,12,M,23,38,30,18,7,4,3,1,3,9,0,0,0,0,0,0,3,11,0
Febrero,8443,1972,D,Graduation,Single,24762.0,1,0,2014-02-10,16,6,M,10,12,3,15,40,3,3,1,2,8,1,0,0,0,0,0,3,11,1
Febrero,9653,1975,D,Graduation,Married,35797.0,0,1,2012-10-16,16,27,M,1,14,4,1,21,2,2,0,3,8,0,0,0,0,0,0,3,11,0
Febrero,8916,1975,D,Graduation,Divorced,36627.0,2,0,2013-07-23,78,9,M,1,5,0,0,1,1,0,0,3,5,0,0,0,0,0,0,3,11,0
Febrero,8017,1981,D,2n Cycle,Married,51111.0,1,1,2014-06-19,83,22,M,0,19,6,5,3,2,2,0,3,6,0,0,0,0,0,0,3,11,0
Febrero,5830,1972,D,PhD,Single,86857.0,0,0,2012-09-12,96,899,M,102,838,133,102,40,1,5,6,10,2,0,0,0,0,0,0,3,11,1
Febrero,4597,1970,D,PhD,Together,82072.0,0,0,2013-07-02,67,889,M,55,685,168,92,129,1,3,2,13,1,0,0,0,0,0,0,3,11,0
Febrero,7023,1953,D,PhD,Single,46231.0,2,1,2012-11-26,87,189,M,2,55,0,5,12,4,6,1,4,9,0,0,0,0,0,0,3,11,0
Febrero,8086,1959,D,Graduation,Married,42243.0,1,1,2013-12-11,34,48,M,0,2,0,0,5,2,2,0,3,7,0,0,0,0,0,0,3,11,0
Febrero,8825,1962,D,Graduation,Together,51195.0,1,1,2013-04-01,46,230,M,14,156,82,24,58,8,9,2,5,8,0,0,0,0,0,0,3,11,0
Febrero,2930,1978,D,Master,Single,68092.0,0,0,2013-12-16,7,852,M,60,207,78,36,48,2,2,6,10,5,0,0,0,0,0,0,3,11,0
Febrero,1928,1973,D,Graduation,Married,31814.0,1,0,2013-02-09,73,35,M,3,20,4,1,20,2,2,0,3,9,1,0,0,0,0,0,3,11,0
Febrero,7108,1965,D,Master,Widow,51390.0,1,1,2012-09-08,54,205,M,20,47,23,2,56,6,5,2,5,5,0,0,0,0,0,0,3,11,0
Febrero,10925,1983,D,Graduation,Married,76630.0,0,0,2014-01-14,93,255,M,31,446,40,56,175,1,3,10,11,1,0,0,0,0,0,0,3,11,0
Febrero,9960,1991,D,Basic,Single,26868.0,1,0,2014-04-30,52,0,M,0,1,8,3,2,1,1,0,2,7,0,0,0,0,0,0,3,11,0
Febrero,8800,1943,D,PhD,Divorced,48948.0,0,0,2013-02-01,53,437,M,8,206,160,49,42,2,7,10,5,6,1,0,0,0,0,0,3,11,1
Febrero,9224,1972,D,PhD,Single,55260.0,0,1,2012-12-12,81,825,M,8,53,11,0,242,2,8,10,5,6,0,0,0,0,0,0,3,11,0
Febrero,5519,1956,D,Graduation,Together,64090.0,0,1,2013-08-07,8,316,M,58,161,76,51,135,1,6,9,4,5,0,0,0,0,0,0,3,11,1
Febrero,5046,1958,D,Graduation,Divorced,78331.0,0,1,2014-01-23,97,756,M,138,354,160,169,61,2,10,6,7,4,0,0,0,0,0,0,3,11,0
Febrero,7037,1974,D,PhD,Married,37087.0,1,0,2013-08-11,50,194,M,55,134,15,0,3,3,4,2,8,6,0,0,0,0,0,0,3,11,0
Febrero,905,1986,D,Graduation,Divorced,21846.0,1,0,2013-10-22,38,7,M,17,18,6,10,26,4,4,0,3,8,0,0,0,0,0,0,3,11,0
Febrero,8624,1958,D,Graduation,Married,81320.0,0,0,2013-02-06,61,183,M,33,493,59,103,57,1,4,3,10,2,0,0,0,0,0,0,3,11,0
Febrero,8945,1970,D,Graduation,Divorced,54137.0,0,1,2013-08-16,46,171,M,0,11,0,1,20,2,4,1,4,6,0,0,0,0,0,0,3,11,0
Febrero,6445,1967,D,Graduation,Together,66825.0,0,0,2013-07-14,73,243,M,101,405,29,40,40,1,4,5,6,2,0,0,0,0,0,0,3,11,0
Febrero,2727,1973,D,Graduation,Together,57100.0,0,0,2013-12-04,19,181,M,21,69,39,3,96,1,3,3,6,3,0,0,0,0,0,0,3,11,0
Febrero,6404,1969,D,Graduation,Together,58917.0,1,2,2013-03-24,10,151,M,7,89,0,7,28,5,4,1,6,5,0,0,0,0,0,0,3,11,0
Febrero,11074,1977,D,Graduation,Single,85072.0,0,0,2014-04-09,94,494,M,92,391,194,11,241,1,3,4,10,0,0,0,0,0,0,0,3,11,0
Febrero,10150,1961,D,Graduation,Single,86429.0,0,0,2013-11-21,10,464,M,28,873,29,18,37,0,7,4,7,2,0,0,0,1,0,0,3,11,1
Febrero,1968,1971,D,Graduation,Widow,45684.0,1,0,2013-12-02,37,5,M,1,5,10,0,7,1,1,0,2,7,0,0,0,0,0,0,3,11,0
Febrero,6534,1974,D,Graduation,Together,47889.0,1,0,2014-01-04,94,29,M,0,29,0,5,4,1,2,0,3,5,0,0,0,0,0,0,3,11,0
Febrero,9485,1986,D,PhD,Married,45921.0,0,0,2014-03-10,23,102,M,9,49,24,3,12,1,2,1,6,4,0,0,0,0,0,0,3,11,0
Febrero,7053,1966,D,PhD,Single,78420.0,0,0,2013-06-29,75,604,M,28,674,91,28,28,1,3,10,8,1,0,0,0,0,0,0,3,11,0
Febrero,4654,1992,D,Graduation,Together,75114.0,0,0,2013-11-07,40,571,M,12,523,63,60,24,1,3,10,5,2,0,0,0,0,0,0,3,11,0
Febrero,9760,1963,D,PhD,Widow,52278.0,0,1,2013-01-25,24,953,M,0,71,0,0,174,6,10,5,10,8,0,0,0,0,0,0,3,11,1
Febrero,1048,1972,D,Master,Married,35641.0,1,0,2013-07-14,11,63,M,3,67,8,9,28,2,3,1,4,7,0,0,0,0,0,0,3,11,1
Febrero,10619,1994,D,Graduation,Single,95529.0,0,0,2012-12-03,29,770,M,29,890,250,27,24,1,7,3,7,3,0,0,1,0,0,0,3,11,1
Febrero,9308,1954,D,Graduation,Married,62820.0,0,0,2013-05-11,51,398,M,61,265,138,61,53,1,3,4,6,1,0,0,0,0,0,0,3,11,0
Febrero,10505,1960,D,Master,Together,73113.0,0,0,2013-12-26,86,741,M,19,154,50,9,28,1,3,4,7,2,0,0,0,0,0,0,3,11,0
Febrero,8362,1982,D,PhD,Married,84169.0,0,0,2013-08-07,9,1478,M,19,403,0,19,0,1,7,6,6,3,0,1,1,0,0,0,3,11,1
Febrero,2625,1954,D,2n Cycle,Single,42607.0,0,1,2013-11-17,30,156,M,29,56,30,32,47,2,3,2,7,3,0,0,0,0,0,0,3,11,0
Febrero,4637,1954,D,PhD,Single,74637.0,0,0,2013-05-18,73,960,M,64,464,146,0,16,1,6,9,9,3,0,0,0,1,0,0,3,11,0
Febrero,9972,1955,D,PhD,Together,46015.0,1,1,2014-04-13,25,38,M,0,2,0,0,6,1,1,0,3,7,1,0,0,0,1,0,3,11,0
Febrero,4483,1993,D,Graduation,Single,72354.0,0,0,2013-04-17,67,315,M,26,473,220,12,182,1,2,10,6,1,0,0,0,0,0,0,3,11,0
Febrero,4487,1969,D,Master,Single,39858.0,1,0,2013-01-24,67,15,M,20,25,2,7,26,1,2,0,4,6,0,0,0,0,0,0,3,11,1
Febrero,4988,1948,D,PhD,Married,34469.0,1,1,2014-05-04,58,19,M,6,20,0,5,12,3,1,1,4,4,0,0,0,0,0,0,3,11,0
Febrero,8931,1986,D,Graduation,Together,83033.0,1,0,2014-05-18,82,812,M,99,431,237,149,33,1,11,4,10,5,0,0,0,1,0,0,3,11,0
Febrero,5871,1979,D,Master,Together,24401.0,0,0,2012-08-31,98,73,M,28,217,10,24,115,3,6,1,6,8,0,0,0,0,0,0,3,11,0
Febrero,2008,1978,D,Graduation,Married,77583.0,0,0,2014-02-10,93,372,M,23,384,250,12,108,1,4,5,9,2,0,0,0,1,0,0,3,11,0
Febrero,3139,1982,D,2n Cycle,Single,74116.0,0,0,2013-12-30,53,871,M,111,704,145,55,166,1,4,4,10,2,0,1,0,0,0,0,3,11,0
Febrero,10037,1993,D,Graduation,Single,74293.0,0,0,2014-05-04,66,375,M,152,335,93,91,81,1,5,4,6,2,0,0,0,0,0,0,3,11,0
Febrero,10673,1976,D,PhD,Married,68397.0,0,1,2013-11-17,6,760,M,80,466,17,13,80,1,6,9,5,3,0,0,0,0,0,0,3,11,0
Febrero,5303,1974,D,PhD,Together,79632.0,0,0,2014-04-08,42,471,M,0,510,99,21,12,1,6,4,9,2,0,0,0,0,0,0,3,11,0
Febrero,538,1989,D,Graduation,Single,46107.0,1,0,2014-02-10,78,31,M,9,27,16,9,33,1,1,1,4,3,0,0,0,0,0,0,3,11,0
Febrero,7922,1951,D,PhD,Single,64950.0,0,1,2012-08-12,29,819,M,0,72,12,0,63,2,11,2,10,7,0,1,0,0,0,0,3,11,0
Febrero,5692,1989,D,Basic,Married,25443.0,1,0,2012-12-22,82,1,M,4,3,8,9,7,1,1,0,3,8,0,0,0,0,0,0,3,11,0
Febrero,4843,1952,D,Graduation,Single,75127.0,0,0,2014-05-22,92,203,M,35,305,46,17,227,1,2,11,5,1,0,0,0,0,0,0,3,11,0
Febrero,6383,1971,D,PhD,Together,32892.0,1,0,2014-05-25,78,26,M,0,15,2,1,2,2,3,0,3,8,0,0,0,0,0,0,3,11,0
Febrero,1628,1971,D,Graduation,Together,71796.0,0,0,2013-10-24,54,354,M,21,311,167,75,32,1,9,3,4,4,0,0,0,0,0,0,3,11,0
Febrero,1204,1970,D,PhD,Married,67536.0,0,1,2013-05-22,45,1253,M,0,447,23,71,35,3,11,5,11,8,0,0,0,1,0,0,3,11,0
Febrero,3673,1971,D,Graduation,Single,55239.0,0,1,2013-07-14,59,371,M,17,238,23,24,106,3,7,5,11,5,0,0,0,0,0,0,3,11,0
Febrero,760,1975,D,PhD,Divorced,60554.0,1,0,2013-08-09,8,588,M,7,76,110,15,15,2,8,4,9,6,0,0,0,0,0,0,3,11,0
Febrero,8957,1952,D,2n Cycle,Single,64831.0,1,1,2013-06-10,51,480,M,86,249,75,86,144,8,6,3,5,6,0,0,0,0,0,0,3,11,0
Febrero,4128,1962,D,PhD,Together,56067.0,0,1,2013-07-20,51,517,M,12,54,16,6,120,2,7,4,7,5,0,0,0,0,0,0,3,11,0
Febrero,6810,1983,D,Graduation,Divorced,82025.0,0,0,2013-05-28,76,267,M,98,606,48,70,98,1,3,2,6,1,0,0,1,0,0,0,3,11,1
Febrero,5386,1953,D,Graduation,Together,94384.0,0,0,2013-03-04,62,1111,M,24,790,160,45,172,0,5,8,5,2,0,1,1,1,0,0,3,11,1
Febrero,8700,1986,D,Basic,Single,14906.0,0,0,2012-12-22,86,7,M,7,14,7,16,15,3,2,1,3,7,0,0,0,0,0,0,3,11,0
Febrero,3202,1987,D,PhD,Married,51563.0,0,0,2012-10-01,60,1166,M,0,48,0,0,36,1,4,4,10,8,0,1,1,0,0,0,3,11,0
Febrero,1328,1982,D,2n Cycle,Married,57937.0,0,1,2014-02-16,56,261,M,42,144,55,48,133,3,4,4,9,3,0,0,0,0,0,0,3,11,0
Febrero,8405,1979,D,Graduation,Divorced,68274.0,1,1,2013-09-30,83,135,M,25,51,23,25,46,2,4,2,5,3,0,0,0,0,0,0,3,11,0
Febrero,6515,1977,D,Graduation,Together,39771.0,1,0,2013-12-06,92,6,M,2,18,2,8,14,1,2,0,3,4,0,0,0,0,0,0,3,11,0
Febrero,2882,1975,D,2n Cycle,Divorced,67893.0,0,1,2012-10-01,31,711,M,28,142,49,18,47,2,3,2,9,8,0,0,0,0,0,0,3,11,0
Febrero,7574,1979,D,PhD,Together,27922.0,1,0,2014-05-10,80,11,M,0,13,2,4,11,1,2,0,3,4,0,0,0,0,0,0,3,11,0
Febrero,6387,1976,D,PhD,Together,52190.0,1,1,2014-05-08,39,42,M,0,17,0,0,18,3,2,1,3,5,1,0,0,0,0,0,3,11,0
Febrero,5320,1973,D,Master,Divorced,44051.0,1,1,2013-01-29,20,79,M,7,58,6,3,18,4,3,1,4,6,0,0,0,0,0,0,3,11,1
Febrero,5048,1971,D,PhD,Single,42767.0,2,0,2013-05-11,53,20,M,6,43,19,5,38,1,3,1,2,8,0,0,0,0,0,0,3,11,0
Febrero,8146,1976,D,Master,Together,46106.0,1,1,2014-05-11,84,30,M,0,8,2,0,14,1,1,1,2,6,0,0,0,0,0,0,3,11,0
Febrero,10031,1976,D,PhD,Married,16927.0,1,1,2013-02-10,50,20,M,2,23,3,1,4,5,3,0,4,8,0,0,0,0,0,0,3,11,0
Febrero,5748,1965,D,Graduation,Married,59754.0,0,1,2012-12-01,96,115,M,27,44,4,146,139,3,5,2,6,5,0,0,0,0,0,0,3,11,1
Febrero,2134,1952,D,Graduation,Single,53700.0,0,1,2012-08-17,94,263,M,5,233,69,41,83,4,5,5,8,5,0,0,0,0,0,0,3,11,0
Febrero,1523,1973,D,Graduation,Married,59041.0,1,1,2014-05-07,25,69,M,2,15,2,2,6,2,2,0,4,5,0,0,0,0,0,0,3,11,0
Febrero,9665,1957,D,PhD,Divorced,54237.0,0,1,2013-04-27,48,267,M,3,30,4,0,57,4,5,2,5,6,0,0,0,0,0,0,3,11,0
Febrero,4640,1967,D,Graduation,Divorced,70647.0,0,1,2012-09-21,65,561,M,85,171,25,123,114,2,4,7,13,2,0,0,0,0,0,0,3,11,0
Febrero,3635,1962,D,PhD,Single,52597.0,0,1,2014-05-07,69,492,M,0,37,7,0,42,3,6,3,8,5,0,0,0,0,0,0,3,11,0
Febrero,3547,1969,D,Master,Together,41021.0,1,0,2012-12-30,12,14,M,7,9,6,16,12,2,2,0,3,6,0,0,0,0,0,0,3,11,1
Febrero,2456,1975,D,PhD,Married,40233.0,0,1,2013-10-14,84,80,M,4,46,0,17,2,5,2,1,5,6,0,0,0,0,0,0,3,11,0
Febrero,5633,1980,D,Graduation,Married,50183.0,1,1,2014-06-25,47,97,M,12,84,13,10,15,7,3,1,6,5,0,0,0,0,0,0,3,11,0
Febrero,7801,1959,D,Graduation,Together,54753.0,0,1,2013-09-12,87,197,M,107,227,7,59,131,3,5,2,11,4,0,0,0,0,0,0,3,11,0
Febrero,10489,1973,D,Graduation,Married,92955.0,0,0,2013-08-19,35,693,M,21,925,31,24,84,1,6,7,9,2,0,0,1,1,0,0,3,11,1
Febrero,7011,1973,D,Graduation,Married,33471.0,1,0,2012-10-12,47,43,M,2,27,0,9,12,3,3,0,4,7,0,0,0,0,0,0,3,11,0
Febrero,2620,1974,D,PhD,Married,34596.0,1,0,2013-04-13,48,14,M,0,2,0,0,7,1,1,0,2,8,0,0,0,0,0,0,3,11,1
Febrero,3933,1980,D,Graduation,Together,44010.0,1,0,2012-10-13,46,186,M,36,234,86,72,48,6,10,2,6,9,0,0,0,0,0,0,3,11,0
Febrero,10981,1988,D,Graduation,Married,84219.0,0,0,2014-02-02,27,434,M,137,400,45,137,45,1,3,4,10,1,0,0,0,0,0,0,3,11,0
Febrero,1734,1968,D,PhD,Together,40706.0,2,1,2013-01-17,37,59,M,0,11,4,2,5,4,3,0,4,7,0,0,0,0,0,0,3,11,0
Febrero,10995,1988,D,2n Cycle,Married,15716.0,1,0,2012-11-12,8,16,M,5,30,8,7,26,3,3,0,4,8,0,0,0,0,0,1,3,11,0
Febrero,6357,1959,D,2n Cycle,Divorced,59052.0,0,1,2013-11-17,29,230,M,35,75,63,57,31,3,7,1,7,5,0,0,0,0,0,0,3,11,0
Febrero,9209,1971,D,Master,Together,80573.0,0,0,2012-10-14,85,829,M,138,430,60,92,15,1,4,6,13,2,0,0,0,0,0,0,3,11,0
Febrero,10286,1962,D,Graduation,Married,83715.0,0,0,2014-02-03,2,318,M,8,407,150,35,8,1,2,8,13,0,0,0,0,0,0,0,3,11,0
Febrero,2611,1959,D,Master,Together,82576.0,0,0,2012-08-01,66,1206,M,55,445,168,18,18,1,2,4,12,1,0,0,1,0,0,0,3,11,0
Febrero,1600,1965,D,Master,Married,56962.0,2,1,2013-10-11,60,292,M,3,77,10,3,26,7,6,3,5,7,0,0,0,0,0,0,3,11,0
Febrero,3308,1952,D,Graduation,Married,35704.0,1,1,2014-01-03,54,30,M,9,12,2,11,30,3,2,0,4,4,0,0,0,0,0,0,3,11,0
Febrero,5407,1954,D,Graduation,Together,53103.0,0,1,2013-09-12,70,729,M,17,133,11,0,195,5,10,6,7,7,1,0,0,0,0,0,3,11,0
Febrero,2166,1960,D,2n Cycle,Widow,46779.0,1,1,2013-07-12,55,12,M,1,3,0,0,7,1,0,1,2,4,0,0,0,0,0,0,3,11,0
Febrero,3955,1965,D,Graduation,Divorced,4861.0,0,0,2014-06-22,20,2,M,1,1,1,0,1,0,0,0,0,14,0,0,0,0,0,0,3,11,0
Febrero,6634,1979,D,Master,Divorced,33462.0,1,0,2013-08-07,78,22,M,3,18,0,0,11,1,2,0,3,7,0,0,0,0,0,0,3,11,0
Febrero,3056,1978,D,Graduation,Divorced,63693.0,0,1,2013-10-14,63,587,M,43,337,42,87,54,3,11,6,9,6,0,0,0,0,0,0,3,11,0
Febrero,5718,1950,D,Graduation,Married,80763.0,0,0,2013-08-15,17,674,M,168,108,192,42,231,1,5,11,6,3,0,0,1,1,0,0,3,11,1
Febrero,6872,1974,D,PhD,Married,65352.0,0,1,2013-08-21,43,284,M,3,84,4,7,23,2,4,2,8,4,0,0,0,0,0,0,3,11,0
Febrero,8164,1978,D,PhD,Married,82170.0,0,0,2013-11-25,13,1023,M,93,651,49,55,37,1,5,6,7,2,0,0,0,0,0,0,3,11,0
Febrero,4580,1969,D,Graduation,Married,75759.0,0,0,2013-10-25,46,1394,M,22,708,89,91,182,1,9,7,9,5,1,0,1,1,0,0,3,11,1
Febrero,9305,1976,D,2n Cycle,Single,79689.0,0,0,2013-05-12,65,311,M,26,640,180,37,121,1,4,9,13,2,0,0,0,0,0,0,3,11,0
Febrero,453,1956,D,PhD,Widow,35340.0,1,1,2014-06-29,1,27,M,0,12,0,1,5,2,2,0,3,5,0,0,0,0,0,0,3,11,0
Febrero,8545,1954,D,Graduation,Divorced,85683.0,0,0,2014-03-21,6,1296,M,17,311,45,69,51,1,2,4,10,1,0,1,1,1,1,0,3,11,1
Febrero,9850,1972,D,2n Cycle,Married,24884.0,1,0,2012-11-29,32,3,M,6,7,0,0,3,1,0,0,3,7,0,0,0,0,0,0,3,11,0
Febrero,7378,1981,D,Master,Together,42021.0,1,0,2012-08-31,34,393,M,5,136,7,5,27,5,10,1,6,9,1,0,0,0,0,0,3,11,0
Febrero,7646,1989,D,Graduation,Single,64449.0,1,0,2014-02-18,70,218,M,63,282,137,35,70,4,5,3,12,4,0,0,0,0,0,0,3,11,0
Febrero,1640,1954,D,Graduation,Divorced,64587.0,1,1,2014-06-22,49,66,M,0,16,0,6,20,2,1,1,4,3,0,0,0,0,0,0,3,11,0
Febrero,5184,1995,D,Graduation,Single,34824.0,0,0,2014-03-26,65,4,M,2,11,2,0,4,1,1,0,2,6,0,0,0,0,0,0,3,11,0
Febrero,8492,1978,D,Graduation,Together,75437.0,0,0,2013-11-09,25,795,M,0,545,95,58,0,1,8,4,10,6,0,0,0,1,0,0,3,11,0
Febrero,11188,1957,D,Graduation,Together,26091.0,1,1,2014-02-25,84,15,M,10,19,8,17,20,3,2,1,3,5,0,0,0,0,0,0,3,11,0
Febrero,1212,1973,D,Graduation,Married,52845.0,1,0,2013-08-13,7,384,M,25,292,130,41,64,3,8,8,6,6,1,0,0,0,0,0,3,11,0
Febrero,9097,1956,D,Graduation,Divorced,46086.0,0,1,2013-11-03,34,244,M,8,32,7,2,50,4,3,1,8,4,0,0,0,0,0,0,3,11,0
Febrero,10473,1956,D,PhD,Widow,78028.0,0,1,2012-09-10,38,158,M,19,288,25,0,38,1,6,4,9,7,0,1,1,0,0,0,3,11,1
Febrero,7962,1987,D,PhD,Single,95169.0,0,0,2013-10-09,1,1285,M,21,449,106,20,20,1,4,3,4,1,0,0,1,1,0,0,3,11,1
Febrero,9984,1981,D,2n Cycle,Married,56337.0,1,1,2013-03-27,25,349,M,16,144,28,5,182,5,8,5,4,8,1,0,0,1,0,0,3,11,1
Febrero,5527,1987,D,Graduation,Together,22434.0,1,0,2013-02-13,25,4,M,12,11,3,13,15,2,2,0,3,8,0,0,0,0,0,0,3,11,0
Febrero,6374,1954,D,PhD,Married,36930.0,0,1,2013-05-17,50,223,M,2,31,0,2,39,5,5,2,4,8,0,0,0,0,0,0,3,11,0
Febrero,7453,1954,D,Graduation,Single,36130.0,0,1,2013-02-02,46,157,M,43,127,68,56,37,6,3,8,4,4,1,0,0,0,0,0,3,11,1
Febrero,8952,1953,D,Master,Married,65569.0,0,1,2012-11-05,96,397,M,46,288,20,38,70,2,6,5,10,3,0,0,0,0,0,0,3,11,0
Febrero,241,1952,D,Graduation,Together,83844.0,0,0,2013-05-12,57,901,M,31,345,75,31,191,1,4,4,11,1,0,0,1,0,0,0,3,11,0
Febrero,8975,1968,D,Graduation,Married,19514.0,1,1,2014-01-26,47,14,M,3,21,2,1,28,4,3,1,2,8,1,0,0,0,0,0,3,11,0
Febrero,6119,1963,D,PhD,Single,36736.0,1,1,2013-05-10,52,10,M,0,3,0,0,4,1,1,0,2,6,0,0,0,0,0,0,3,11,0
Febrero,5236,1979,D,Graduation,Together,77568.0,0,1,2012-08-25,30,1230,M,0,396,232,178,158,1,10,2,8,5,0,1,1,1,0,0,3,11,0
Febrero,5723,1976,D,PhD,Together,49187.0,0,1,2014-01-11,63,81,M,1,31,2,1,0,1,1,1,5,2,0,0,0,0,0,0,3,11,0
Febrero,1710,1978,D,Graduation,Single,30168.0,1,0,2013-03-07,51,154,M,20,66,0,12,27,7,6,1,4,9,0,0,0,0,0,0,3,11,0
Febrero,1970,1968,D,Master,Together,34053.0,0,1,2012-09-10,14,63,M,0,21,7,0,12,1,3,0,3,8,0,0,0,0,0,0,3,11,0
Febrero,5313,1971,D,Master,Married,38196.0,1,1,2014-04-18,20,30,M,0,11,0,0,3,3,2,0,4,5,0,0,0,0,0,0,3,11,0
Febrero,10634,1951,D,Master,Married,59412.0,0,0,2014-04-19,56,90,M,67,165,30,43,11,1,4,2,8,3,0,0,0,0,0,0,3,11,0
Febrero,7010,1965,D,2n Cycle,Married,70924.0,0,0,2014-04-07,41,635,M,114,254,132,152,76,1,6,6,7,3,0,0,1,0,0,0,3,11,0
Febrero,8562,1969,D,Graduation,Together,54165.0,0,0,2013-05-28,72,127,M,4,73,15,6,11,1,2,1,7,2,0,0,0,0,0,0,3,11,0
Febrero,3158,1973,D,Graduation,Married,32300.0,1,0,2013-01-03,1,13,M,3,6,6,5,6,1,1,0,3,8,0,0,0,0,0,0,3,11,0
Febrero,4436,1976,D,Graduation,Single,20180.0,0,0,2013-02-20,27,18,M,42,24,15,20,18,1,2,1,4,7,0,0,0,0,0,0,3,11,0
Febrero,5287,1973,D,Graduation,Married,34961.0,1,0,2014-06-19,77,45,M,2,26,4,1,1,3,3,1,3,7,0,0,0,0,0,0,3,11,0
Febrero,2445,1974,D,PhD,Together,28440.0,1,0,2013-07-07,87,38,M,1,24,0,0,0,1,2,0,3,8,0,0,0,0,0,0,3,11,0
Febrero,6059,1953,D,PhD,Together,64504.0,1,2,2013-03-04,81,986,M,36,168,16,0,108,7,11,3,4,7,0,0,0,0,0,0,3,11,1
Febrero,4550,1966,D,Master,Together,33564.0,0,1,2014-06-24,51,61,M,0,3,0,0,7,1,1,1,3,5,0,0,0,0,0,0,3,11,0
Febrero,4240,1978,D,Graduation,Married,17345.0,1,0,2012-11-03,79,4,M,9,16,17,0,12,2,2,1,2,8,0,0,0,0,0,0,3,11,0
Febrero,8911,1967,D,PhD,Married,56320.0,0,1,2013-04-08,11,201,M,53,172,116,77,83,3,5,4,9,4,0,0,0,0,0,0,3,11,0
Febrero,3706,1978,D,Graduation,Single,28647.0,1,0,2013-08-21,54,19,M,8,29,0,12,26,1,2,2,2,7,1,0,0,0,0,0,3,11,1
Febrero,3628,1987,D,Basic,Single,15038.0,1,0,2013-01-29,93,4,M,8,11,19,12,26,2,2,1,2,9,0,0,0,0,0,0,3,11,0
Febrero,10175,1958,D,PhD,Divorced,32173.0,0,1,2013-08-01,0,18,M,0,2,0,0,2,1,1,0,3,4,0,0,0,0,0,0,3,11,0
Febrero,8985,1964,D,2n Cycle,Together,68316.0,0,1,2012-11-04,54,806,M,80,161,120,11,33,5,10,7,10,6,0,0,0,0,0,0,3,11,0
Febrero,5204,1971,D,Graduation,Together,74538.0,0,0,2013-06-29,21,380,M,98,733,110,112,28,1,8,8,5,3,0,0,1,0,0,0,3,11,1
Febrero,9220,1971,D,Graduation,Single,91700.0,0,0,2013-01-17,58,576,M,172,961,125,115,19,1,8,6,5,3,0,0,0,0,0,0,3,11,1
Febrero,9888,1969,D,Graduation,Together,68695.0,0,0,2014-06-25,3,458,M,81,356,106,50,40,1,4,4,7,2,0,0,0,0,0,0,3,11,0
Febrero,5263,1977,D,2n Cycle,Married,31056.0,1,0,2013-01-22,99,5,M,10,13,3,8,16,1,1,0,3,8,0,0,0,0,0,0,3,11,0
Febrero,1020,1973,D,Graduation,Married,79593.0,0,0,2014-05-12,70,350,M,60,568,110,133,145,1,5,6,7,2,0,0,1,0,0,0,3,11,0
Febrero,9503,1980,D,Graduation,Single,28071.0,0,0,2012-08-29,65,39,M,33,130,41,26,44,2,5,1,5,8,0,0,0,0,0,0,3,11,0
Febrero,10613,1958,D,PhD,Together,37334.0,1,1,2014-02-26,44,26,M,1,16,2,2,15,4,3,0,4,4,0,0,0,0,0,0,3,11,0
Febrero,67,1972,D,Master,Single,46423.0,1,1,2013-09-18,6,68,M,0,16,0,0,8,3,2,0,4,7,0,0,0,0,0,0,3,11,0
Febrero,6019,1971,D,PhD,Married,37126.0,1,0,2014-03-30,9,45,M,3,9,4,4,7,1,1,2,2,6,1,0,0,0,0,0,3,11,1
Febrero,5863,1953,D,Graduation,Married,47703.0,0,1,2013-05-29,95,359,M,0,134,13,26,123,4,6,3,8,5,0,0,0,0,0,0,3,11,0
Febrero,3717,1959,D,Graduation,Married,61180.0,0,1,2014-04-23,70,403,M,24,29,6,24,218,2,5,5,6,3,1,0,0,0,0,0,3,11,0
Febrero,6730,1954,D,Graduation,Married,38998.0,1,1,2012-11-03,92,34,M,1,14,0,0,5,3,2,0,3,8,0,0,0,0,0,1,3,11,0
Febrero,10749,1991,D,Graduation,Single,8028.0,0,0,2012-09-18,62,73,M,18,66,7,12,2,15,0,1,0,19,0,0,0,0,0,0,3,11,0
Febrero,4998,1962,D,Graduation,Together,76081.0,0,0,2014-05-23,85,292,M,30,415,63,33,200,1,4,5,4,2,0,0,0,1,0,0,3,11,0
Febrero,6287,1986,D,Graduation,Together,34728.0,1,0,2013-07-30,2,14,M,0,16,0,0,6,1,1,1,2,6,0,0,0,0,0,0,3,11,1
Febrero,5985,1965,D,Master,Single,33168.0,0,1,2012-10-13,0,80,M,1,37,0,1,3,3,2,1,4,7,0,0,0,0,0,0,3,11,0
Febrero,4754,1966,D,Master,Married,33585.0,0,1,2013-09-25,91,30,M,11,33,13,6,29,1,2,0,4,4,0,0,0,0,0,0,3,11,0
Febrero,4002,1960,D,PhD,Married,77037.0,0,1,2013-10-13,3,463,M,96,333,168,53,10,1,7,7,12,3,0,0,0,0,0,0,3,11,0
Febrero,8870,1984,D,Graduation,Together,35196.0,1,0,2012-11-13,68,75,M,12,141,43,39,187,6,6,1,5,8,0,0,0,0,0,0,3,11,1
Febrero,966,1966,D,Graduation,Married,44529.0,0,1,2013-07-05,98,538,M,13,91,17,6,26,6,6,2,11,5,0,1,0,0,0,0,3,11,0
Febrero,4767,1965,D,2n Cycle,Married,70924.0,0,0,2014-04-07,41,635,M,114,254,132,152,76,1,6,6,7,3,0,0,1,0,0,0,3,11,0
Febrero,9725,1966,D,PhD,Together,28764.0,1,1,2014-06-05,16,8,M,0,3,0,0,1,1,1,0,2,8,1,0,0,0,0,0,3,11,0
Febrero,4475,1949,D,PhD,Married,69098.0,0,0,2013-02-16,82,1315,M,22,780,145,0,178,1,7,8,9,5,0,0,0,0,0,0,3,11,0
Febrero,5740,1970,D,2n Cycle,Divorced,25959.0,1,1,2013-02-14,1,4,M,2,12,7,5,26,2,1,2,2,6,0,0,0,0,0,0,3,11,1
Febrero,5731,1983,D,Master,Married,27100.0,1,0,2013-04-05,64,12,M,0,13,2,0,10,1,1,0,3,7,0,0,0,0,0,0,3,11,0
Febrero,7290,1985,D,Graduation,Single,70596.0,0,0,2012-10-05,68,347,M,44,534,17,0,26,1,3,5,12,2,0,0,0,0,0,0,3,11,0
Febrero,3846,1974,D,Graduation,Married,42557.0,0,1,2012-08-29,98,192,M,5,53,0,5,15,4,6,1,4,8,0,0,0,0,0,0,3,11,0
Febrero,8104,1951,D,PhD,Married,53312.0,0,0,2013-08-09,32,241,M,0,12,0,0,25,1,5,1,5,7,0,0,0,0,0,0,3,11,0
Febrero,4507,1952,D,Graduation,Single,72228.0,0,0,2012-11-27,87,631,M,28,491,30,14,56,1,6,7,8,3,0,0,0,0,0,0,3,11,0
Febrero,11013,1987,D,Graduation,Together,67605.0,0,0,2013-03-31,84,336,M,28,282,184,54,54,1,2,8,6,1,0,0,0,0,0,0,3,11,0
Febrero,4491,1949,D,Master,Married,62845.0,1,1,2012-10-01,3,1099,M,0,45,0,0,34,11,3,4,10,8,0,1,0,0,0,0,3,11,0
Febrero,3759,1958,D,Graduation,Together,65196.0,0,2,2013-07-25,34,743,M,19,181,12,0,200,2,7,6,11,5,1,0,0,0,0,0,3,11,0
Febrero,1162,1987,D,PhD,Single,42000.0,0,0,2013-01-10,23,124,M,83,267,85,59,35,2,5,2,11,5,0,0,0,0,0,0,3,11,1
Febrero,2055,1973,D,PhD,Divorced,35860.0,1,1,2014-05-19,37,15,M,0,8,4,2,20,2,1,1,2,5,1,0,0,0,0,0,3,11,0
Febrero,10766,1964,D,PhD,Married,65526.0,0,1,2014-04-11,22,397,M,19,69,12,0,9,1,4,4,8,2,0,0,0,0,0,0,3,11,0
Febrero,4415,1961,D,Graduation,Married,16860.0,1,1,2012-09-12,19,10,M,4,4,3,3,14,3,1,1,3,7,0,0,0,0,0,0,3,11,0
Febrero,3005,1992,D,Graduation,Single,83528.0,0,0,2014-05-01,7,530,M,117,678,134,44,147,1,4,10,8,1,1,0,0,1,0,0,3,11,1
Febrero,2223,1965,D,2n Cycle,Divorced,64176.0,0,1,2012-08-03,52,1215,M,33,249,64,116,149,8,8,9,8,6,0,0,0,0,0,0,3,11,0
Febrero,4817,1956,D,Graduation,Divorced,22304.0,0,0,2012-08-04,91,3,M,2,7,0,4,2,1,1,0,2,8,0,0,0,0,0,0,3,11,0
Febrero,2875,1978,D,Graduation,Married,67023.0,0,0,2014-03-04,93,444,M,44,382,11,8,17,1,3,7,13,2,0,0,0,0,0,1,3,11,0
Febrero,10536,1971,D,PhD,Together,32892.0,1,0,2014-05-25,78,26,M,0,15,2,1,2,2,3,0,3,8,0,0,0,0,0,0,3,11,0
Febrero,11112,1966,D,Graduation,Together,70713.0,0,1,2012-12-03,23,736,M,114,279,82,76,190,6,5,6,8,3,0,0,0,0,0,0,3,11,0
Febrero,3807,1955,D,Graduation,Together,59925.0,0,1,2012-11-30,83,473,M,21,176,19,21,56,3,9,2,9,6,0,0,0,0,0,0,3,11,0
Febrero,9197,1953,D,Graduation,Married,39722.0,0,1,2014-02-24,92,32,M,0,5,2,0,8,2,2,0,3,5,0,0,0,0,0,0,3,11,0
Febrero,10832,1958,D,Graduation,Together,46610.0,0,0,2013-07-18,4,288,M,10,30,4,10,125,1,6,1,6,6,0,0,0,0,0,0,3,11,0
Febrero,6421,1961,D,Graduation,Together,88347.0,0,0,2013-07-03,32,1050,M,178,555,77,138,118,1,4,7,9,1,0,0,0,1,0,0,3,11,0
Febrero,4207,1981,D,PhD,Married,87171.0,0,0,2013-05-01,27,1001,M,44,107,58,44,44,1,6,7,11,2,1,0,1,0,0,0,3,11,0
Febrero,577,1976,D,2n Cycle,Together,26907.0,1,1,2013-08-20,10,9,M,1,7,0,3,2,2,1,0,3,7,0,0,0,0,0,0,3,11,0
Febrero,10855,1968,D,Master,Single,50014.0,1,0,2014-01-22,9,234,M,14,77,19,10,42,2,4,1,8,5,0,0,0,0,0,0,3,11,0
Febrero,3081,1978,D,PhD,Married,41014.0,1,0,2013-04-22,65,7,M,2,6,2,0,3,1,1,0,2,7,0,0,0,0,0,0,3,11,0
Febrero,3535,1965,D,Graduation,Single,66294.0,0,0,2014-03-17,68,251,M,108,334,65,92,117,1,4,3,5,2,0,0,0,0,0,0,3,11,0
Febrero,247,1971,D,Graduation,Married,36715.0,1,0,2012-11-17,16,172,M,10,125,21,13,16,6,7,2,4,9,0,0,0,0,0,0,3,11,1
Febrero,8707,1956,D,Graduation,Married,79456.0,0,0,2012-08-22,12,565,M,42,548,64,83,99,1,5,6,4,3,0,0,0,0,0,0,3,11,1
Febrero,9523,1982,D,Graduation,Together,40479.0,1,0,2013-08-17,95,5,M,0,8,2,0,0,1,0,0,3,4,0,0,0,0,0,0,3,11,0
Febrero,6072,1970,D,Master,Single,75345.0,0,0,2013-02-02,16,918,M,57,842,99,38,133,1,5,8,6,3,0,0,0,1,0,0,3,11,1
Febrero,6295,1977,D,Graduation,Married,54233.0,0,1,2013-02-04,46,652,M,8,158,21,0,142,4,11,6,5,8,0,0,0,0,0,0,3,11,0
Febrero,10914,1970,D,Graduation,Single,24163.0,1,1,2013-10-12,3,4,M,1,7,2,1,2,2,1,0,3,4,0,0,0,0,0,0,3,11,0
Febrero,1509,1958,D,PhD,Together,84460.0,0,0,2013-01-04,80,152,M,27,103,106,54,81,0,9,9,4,5,0,1,1,1,1,0,3,11,1
Febrero,5577,1983,D,Graduation,Together,43776.0,1,0,2014-05-03,77,8,M,0,9,2,1,3,1,1,0,2,6,0,0,0,0,0,0,3,11,0
Febrero,7348,1958,D,PhD,Single,71691.0,0,0,2014-03-17,0,336,M,130,411,240,32,43,1,4,7,5,2,0,0,0,0,0,0,3,11,1
Febrero,1127,1973,D,PhD,Married,85844.0,0,0,2014-05-29,62,938,M,19,843,25,95,38,1,6,6,7,2,0,0,1,0,0,0,3,11,0
Febrero,1833,1974,D,PhD,Single,39190.0,1,0,2014-04-26,91,68,M,8,18,19,8,12,2,2,1,4,5,0,0,0,0,0,0,3,11,0
Febrero,4944,1959,D,Graduation,Together,71367.0,0,0,2013-08-23,24,227,M,23,389,42,21,75,1,4,5,7,2,0,0,0,0,0,0,3,11,0
Febrero,9080,1972,D,PhD,Single,38578.0,1,1,2013-06-22,2,38,M,4,22,3,3,3,3,3,0,3,8,0,0,0,0,0,0,3,11,0
Febrero,6466,1965,D,PhD,Married,57236.0,1,1,2014-03-12,22,105,M,0,9,2,1,4,3,2,1,4,3,0,0,0,0,0,0,3,11,0
Febrero,9964,1979,D,Graduation,Single,61825.0,0,1,2013-08-07,56,162,M,50,100,55,30,27,1,4,2,8,4,0,0,0,0,0,0,3,11,0
Febrero,4790,1958,D,Graduation,Divorced,79803.0,0,1,2014-06-02,54,574,M,8,216,21,16,33,1,4,3,5,1,0,0,0,0,0,0,3,11,0
Febrero,10245,1986,D,2n Cycle,Single,80910.0,0,0,2012-10-31,71,160,M,80,369,67,39,41,1,3,3,8,1,0,0,0,0,0,0,3,11,0
Febrero,1109,1982,D,Master,Together,27590.0,1,0,2013-04-23,38,6,M,0,5,0,0,1,1,1,0,2,7,0,0,0,0,0,0,3,11,0
Febrero,6001,1979,D,Graduation,Married,56775.0,0,1,2013-01-02,62,614,M,35,160,58,35,35,2,5,8,10,5,0,0,0,0,0,0,3,11,0
Febrero,5538,1975,D,Graduation,Divorced,83829.0,0,0,2013-10-08,78,897,M,161,430,186,161,27,0,4,7,6,1,1,0,1,1,0,0,3,11,1
Febrero,10552,1979,D,2n Cycle,Married,54210.0,0,1,2013-05-20,18,70,M,54,109,80,9,45,2,4,1,7,5,0,0,0,0,0,0,3,11,0
Febrero,1545,1986,D,Graduation,Married,38508.0,1,0,2013-08-02,95,120,M,19,206,25,19,54,6,7,2,5,8,0,0,0,0,0,0,3,11,0
Febrero,7409,1970,D,Graduation,Together,53187.0,1,0,2013-10-26,66,211,M,2,30,7,7,10,2,4,1,6,5,0,0,0,0,0,0,3,11,0
Febrero,4444,1972,D,Graduation,Married,30023.0,1,0,2014-03-24,28,11,M,0,16,7,6,21,1,2,0,3,8,0,0,0,0,0,0,3,11,0
Febrero,146,1960,D,PhD,Single,76045.0,0,0,2013-11-15,78,760,M,53,400,17,93,0,1,4,5,11,2,0,0,0,1,0,0,3,11,0
Febrero,6271,1952,D,PhD,Married,50870.0,0,1,2014-06-19,13,53,M,0,8,0,0,2,1,2,0,3,5,0,0,0,0,0,0,3,11,0
Febrero,10065,1970,D,2n Cycle,Married,15315.0,0,0,2013-08-03,27,7,M,4,13,15,8,17,2,2,0,4,5,0,0,0,0,0,0,3,11,0
Febrero,4741,1974,D,2n Cycle,Married,65463.0,1,0,2014-01-30,17,391,M,32,70,21,32,16,2,6,2,9,5,0,1,0,0,0,0,3,11,0
Febrero,246,1965,D,Graduation,Married,66480.0,1,1,2014-05-31,71,199,M,9,57,20,21,6,7,4,1,7,4,0,0,0,0,0,0,3,11,0
Febrero,375,1954,D,Graduation,Divorced,76773.0,0,0,2013-02-25,79,516,M,56,449,86,33,16,1,2,2,11,1,0,0,0,0,0,0,3,11,0
Febrero,1524,1983,D,2n Cycle,Single,81698.0,0,0,2013-03-01,1,709,M,45,115,30,160,45,1,8,2,5,5,0,0,0,1,0,0,3,11,1
Febrero,10022,1973,D,PhD,Single,54466.0,1,1,2014-02-09,78,12,M,0,4,0,0,0,1,1,0,2,5,0,0,0,0,0,0,3,11,0
Febrero,7451,1960,D,Master,Single,98777.0,0,0,2014-02-17,23,1000,M,19,711,125,115,38,0,4,6,9,1,0,1,0,0,0,0,3,11,0
Febrero,11010,1984,D,PhD,Single,16269.0,1,0,2013-08-30,75,19,M,3,18,3,1,0,3,3,0,3,8,0,0,0,0,0,0,3,11,0
Febrero,4356,1971,D,Graduation,Together,71819.0,0,1,2013-08-28,70,1224,M,28,140,0,14,168,3,3,3,5,6,0,1,1,0,0,0,3,11,0
Febrero,3885,1983,D,PhD,Married,33569.0,1,0,2013-10-16,10,16,M,2,18,3,0,24,1,1,1,2,8,1,0,0,0,0,0,3,11,1
Febrero,1175,1983,D,Master,Married,36262.0,0,0,2013-09-20,24,88,M,39,54,64,28,153,1,3,5,3,6,1,0,0,0,0,0,3,11,1
Febrero,880,1966,D,Basic,Together,22634.0,0,0,2013-01-16,47,2,M,23,11,8,6,46,1,2,1,2,8,0,0,0,0,0,0,3,11,0
Febrero,2320,1978,D,2n Cycle,Married,47025.0,0,1,2013-09-12,98,508,M,11,59,23,5,29,5,11,1,6,9,0,0,0,0,0,0,3,11,0
Febrero,850,1968,D,Graduation,Single,70566.0,0,1,2013-10-06,4,381,M,28,215,84,28,21,2,6,5,9,3,0,0,0,0,0,0,3,11,0
Febrero,4713,1979,D,PhD,Married,31605.0,1,0,2012-11-22,15,74,M,0,42,2,1,6,2,2,1,4,7,0,0,0,0,0,0,3,11,0
Febrero,675,1973,D,Master,Divorced,52034.0,1,1,2013-05-17,67,146,M,0,93,7,13,73,5,4,2,5,7,0,0,0,0,0,0,3,11,0
Febrero,5025,1979,D,Graduation,Single,48526.0,1,0,2013-12-24,32,23,M,17,23,43,20,9,1,2,1,4,3,0,0,0,0,0,0,3,11,0
Febrero,2308,1954,D,Graduation,Married,46734.0,0,1,2012-11-18,40,110,M,5,137,26,23,29,2,6,1,5,7,0,0,0,0,0,0,3,11,0
Febrero,5995,1962,D,Graduation,Divorced,39552.0,1,1,2012-12-18,54,165,M,3,147,4,24,41,7,6,2,5,8,0,0,0,0,0,0,3,11,1
Febrero,6749,1966,D,Graduation,Single,86358.0,1,1,2012-08-08,78,957,M,47,494,82,47,95,4,5,3,6,8,0,0,0,0,0,0,3,11,0
Febrero,1010,1977,D,Graduation,Together,46931.0,2,1,2014-04-24,94,41,M,0,17,3,1,16,2,1,1,3,3,0,0,0,0,0,0,3,11,0
Febrero,8977,1985,D,Basic,Single,16581.0,0,0,2013-01-12,51,1,M,3,4,2,3,11,1,0,0,3,4,0,0,0,0,0,0,3,11,0
Febrero,4756,1952,D,2n Cycle,Divorced,63998.0,0,0,2013-12-20,42,176,M,29,818,0,33,112,1,7,6,11,4,0,0,0,0,0,0,3,11,1
Febrero,3412,1951,D,Master,Married,67381.0,0,1,2013-01-15,67,815,M,8,53,11,0,70,4,2,2,9,7,0,1,0,0,0,0,3,11,0
Febrero,606,1967,D,Graduation,Single,25930.0,1,1,2013-10-10,87,6,M,1,2,2,0,4,1,1,0,2,7,0,0,0,0,0,0,3,11,0
Febrero,5961,1978,D,Graduation,Married,42693.0,1,0,2014-06-07,29,8,M,4,20,6,3,16,1,1,0,3,5,0,0,0,0,0,0,3,11,0
Febrero,2975,1976,D,Graduation,Together,85606.0,0,1,2012-11-12,89,717,M,42,864,219,30,84,2,6,7,9,3,0,0,0,1,0,0,3,11,0
Febrero,2894,1985,D,Graduation,Single,72903.0,0,0,2013-10-29,74,1067,M,138,750,0,19,39,1,7,5,8,4,0,1,1,1,0,0,3,11,1
Febrero,7613,1974,D,2n Cycle,Together,49669.0,1,0,2014-05-24,97,166,M,5,107,11,8,29,2,5,1,6,6,0,0,0,0,0,0,3,11,0
Febrero,10542,1968,D,PhD,Married,36778.0,1,1,2012-08-05,63,29,M,4,34,2,4,4,3,3,0,3,9,0,0,0,0,0,0,3,11,0
Febrero,8015,1962,D,PhD,Divorced,85696.0,0,0,2013-05-03,88,714,M,76,395,116,0,12,1,4,6,9,1,0,0,0,0,0,0,3,11,1
Febrero,10617,1989,D,Master,Divorced,10979.0,0,0,2014-05-22,34,8,M,4,10,2,2,4,2,3,0,3,5,0,0,0,0,0,0,3,11,0
Febrero,11166,1961,D,Graduation,Married,49678.0,0,1,2013-02-02,81,229,M,5,56,3,2,20,2,6,2,4,7,0,0,0,0,0,0,3,11,0
Febrero,849,1953,D,Master,Together,56129.0,0,1,2013-06-20,65,320,M,48,133,39,72,48,4,6,2,10,4,0,0,0,0,0,0,3,11,0
Febrero,523,1989,D,Graduation,Married,37155.0,1,0,2013-01-31,51,23,M,0,26,7,15,3,1,2,0,4,5,0,0,0,0,0,0,3,11,0
Febrero,4066,1978,D,2n Cycle,Divorced,21282.0,1,0,2014-05-11,76,1,M,5,8,4,8,20,2,2,1,2,6,0,0,0,0,0,0,3,11,0
Febrero,8414,1962,D,PhD,Single,33419.0,0,1,2013-08-17,76,56,M,0,12,0,0,18,2,2,0,4,7,0,0,0,0,0,0,3,11,0
Febrero,819,1945,D,Graduation,Widow,63285.0,0,0,2013-11-05,84,508,M,124,249,50,38,134,1,6,5,13,3,0,0,0,0,0,0,3,11,0
Febrero,4961,1974,D,Master,Together,21255.0,1,0,2014-01-21,56,29,M,0,25,2,2,3,4,2,1,4,4,0,0,0,0,0,0,3,11,0
Febrero,749,1981,D,Graduation,Together,42162.0,1,0,2013-11-19,31,46,M,7,59,2,4,27,2,3,1,3,6,1,0,0,0,0,0,3,11,1
Febrero,5430,1956,D,Graduation,Together,54450.0,1,1,2012-09-14,0,454,M,0,171,8,19,32,12,9,2,8,8,0,0,0,0,0,0,3,11,0
Febrero,7755,1954,D,PhD,Married,57744.0,0,1,2013-11-12,91,350,M,3,39,0,0,19,2,9,1,4,8,0,0,0,0,0,0,3,11,0
Febrero,10525,1986,D,Graduation,Single,26576.0,1,0,2012-10-13,40,10,M,0,8,0,0,9,1,1,0,2,9,1,0,0,0,0,0,3,11,1
Febrero,1453,1943,D,PhD,Widow,57513.0,0,0,2013-07-06,59,735,M,40,183,52,20,30,2,9,3,13,6,0,0,0,0,0,0,3,11,0
Febrero,8310,1964,D,Graduation,Together,68142.0,0,1,2012-08-29,96,897,M,126,196,91,112,37,3,10,4,7,6,0,0,0,0,0,0,3,11,0
Febrero,10710,1979,D,Graduation,Married,7500.0,0,1,2012-08-29,61,5,M,2,3,3,0,5,1,1,0,2,8,0,0,0,0,0,0,3,11,0
Febrero,5031,1974,D,Graduation,Together,83145.0,0,0,2012-09-22,14,777,M,35,731,39,137,114,1,5,9,11,2,0,0,1,0,0,0,3,11,1
Febrero,2613,1960,D,Master,Married,54197.0,0,1,2014-04-03,16,162,M,6,37,6,13,13,2,1,3,6,1,0,0,0,0,0,0,3,11,0
Febrero,213,1963,D,PhD,Single,23091.0,1,1,2014-05-28,98,35,M,0,11,0,0,2,4,2,1,3,7,0,0,0,0,0,0,3,11,0
Febrero,967,1976,D,Graduation,Married,46049.0,1,1,2013-07-21,11,342,M,9,112,19,14,19,10,5,2,9,7,0,0,0,0,0,0,3,11,1
Febrero,1077,1974,D,Graduation,Together,56715.0,0,0,2012-12-05,52,258,M,105,239,237,172,9,1,7,3,4,4,0,0,0,0,0,0,3,11,0
Febrero,7959,1961,D,Graduation,Married,79410.0,0,0,2014-05-29,19,658,M,80,483,123,13,13,1,3,2,5,1,0,0,0,0,0,0,3,11,0
Febrero,640,1951,D,Graduation,Married,57304.0,0,1,2013-03-11,61,356,M,80,329,138,17,106,2,7,6,10,5,0,0,0,0,0,0,3,11,0
Febrero,4252,1965,D,Graduation,Married,44375.0,0,1,2014-03-23,73,213,M,5,28,7,7,41,1,4,1,6,5,0,0,0,0,0,0,3,11,0
Febrero,8432,1956,D,Graduation,Together,54450.0,1,1,2012-09-14,0,454,M,0,171,8,19,32,12,9,2,8,8,0,0,0,0,0,0,3,11,0
Febrero,6218,1965,D,Graduation,Married,59594.0,0,1,2012-10-20,74,457,M,4,29,0,0,9,1,8,1,7,7,0,1,0,0,0,0,3,11,0
Febrero,6905,1994,D,Graduation,Together,80685.0,0,0,2012-08-22,55,241,M,45,604,34,26,54,1,6,4,10,2,0,0,0,0,0,0,3,11,0
Febrero,5922,1974,D,PhD,Married,40344.0,0,1,2013-10-13,48,210,M,0,6,0,0,2,2,4,1,5,7,0,0,0,0,0,0,3,11,0
Febrero,3598,1972,D,Graduation,Married,62710.0,0,1,2013-05-23,53,441,M,35,83,7,29,11,4,4,2,12,4,0,0,0,0,0,0,3,11,0
Febrero,6116,1968,D,2n Cycle,Married,48985.0,0,1,2013-07-05,13,19,M,13,18,10,7,8,1,1,1,3,3,0,0,0,0,0,0,3,11,0
Febrero,6263,1968,D,Graduation,Together,35322.0,1,2,2012-08-22,34,28,M,9,37,12,7,13,3,2,0,4,8,0,0,0,0,0,0,3,11,0
Febrero,10486,1948,D,Graduation,Married,77142.0,0,0,2013-05-29,54,476,M,75,162,29,151,97,1,4,4,8,2,0,0,0,0,0,0,3,11,0
Febrero,2410,1969,D,Graduation,Single,81657.0,0,0,2014-01-22,69,364,M,40,425,158,60,50,1,3,4,8,1,0,0,0,0,0,0,3,11,0
Febrero,193,1996,D,Basic,Married,14421.0,0,0,2014-02-17,81,0,M,0,2,3,3,8,1,1,0,2,5,1,0,0,0,0,0,3,11,0
Febrero,3363,1974,D,2n Cycle,Married,20130.0,0,0,2014-03-17,99,0,M,6,3,7,6,12,1,1,0,3,8,0,0,0,0,0,0,3,11,0
Febrero,8278,1990,D,PhD,Married,74214.0,0,0,2012-08-26,3,863,M,83,547,86,99,33,1,8,2,5,5,0,0,0,0,0,0,3,11,0
Febrero,10660,1957,D,Master,Married,66726.0,1,1,2014-01-12,61,349,M,7,35,0,0,47,3,8,2,4,7,0,1,0,0,0,0,3,11,0
Febrero,8686,1979,D,Basic,Together,23724.0,1,0,2013-01-08,65,5,M,23,15,0,18,14,2,2,0,3,8,0,0,0,0,0,0,3,11,0
Febrero,1604,1960,D,Master,Married,47353.0,0,1,2013-11-13,93,184,M,2,19,8,8,4,3,2,2,6,5,0,0,0,0,0,0,3,11,0
Febrero,5907,1952,D,Master,Married,33444.0,1,1,2012-11-03,24,8,M,0,8,0,0,2,1,1,0,2,8,0,0,0,0,0,0,3,11,0
Febrero,10669,1981,D,Graduation,Married,54386.0,0,1,2013-05-17,8,277,M,21,64,62,21,25,2,3,2,10,3,0,0,0,0,0,0,3,11,0
Febrero,2918,1981,D,Graduation,Divorced,28510.0,1,1,2013-04-13,72,44,M,5,19,0,4,19,3,2,0,4,5,0,0,0,0,0,0,3,11,0
Febrero,5735,1991,D,Master,Single,90638.0,0,0,2014-02-13,29,1156,M,120,915,94,144,96,1,3,4,10,1,0,0,1,0,0,0,3,11,0
Febrero,359,1950,D,Graduation,Together,48070.0,0,1,2013-01-13,33,373,M,14,83,6,9,19,3,8,2,6,7,0,0,0,0,0,1,3,11,0
Febrero,8387,1957,D,Graduation,Married,43140.0,0,1,2013-01-05,68,134,M,8,76,6,0,11,1,4,1,5,6,0,0,0,0,0,0,3,11,0
Febrero,1829,1961,D,PhD,Divorced,54959.0,0,1,2013-01-19,55,1148,M,0,60,0,0,24,3,9,5,4,7,0,1,0,0,0,0,3,11,1
Febrero,3839,1958,D,Basic,Single,15056.0,1,1,2013-05-03,76,6,M,12,3,21,6,40,5,2,2,3,5,0,0,0,0,0,0,3,11,0
Febrero,9392,1971,D,Graduation,Single,26954.0,1,0,2014-05-08,17,4,M,1,11,0,0,1,1,1,0,2,7,0,0,0,0,0,0,3,11,0
Febrero,2292,1985,D,Graduation,Single,22327.0,1,0,2013-08-02,94,5,M,4,8,2,0,5,1,1,0,3,5,0,0,0,0,0,0,3,11,0
Febrero,10466,1965,D,Graduation,Married,44393.0,1,1,2013-08-22,86,24,M,2,20,2,2,10,2,1,0,4,4,0,0,0,0,0,0,3,11,0
Febrero,9855,1952,D,PhD,Single,62000.0,0,1,2013-08-25,25,899,M,0,101,0,0,20,1,6,6,13,4,0,0,0,1,0,0,3,11,0
Febrero,4088,1962,D,PhD,Together,31497.0,0,1,2012-12-06,22,108,M,1,28,13,1,4,2,3,1,4,8,0,0,0,0,0,0,3,11,0
Febrero,5231,1974,D,2n Cycle,Married,45894.0,0,2,2014-02-27,15,27,M,2,7,0,2,13,1,1,0,3,5,0,0,0,0,0,0,3,11,0
Febrero,590,1970,D,Master,Divorced,78579.0,0,0,2012-12-22,35,816,M,66,549,216,66,99,1,5,6,4,3,0,0,0,0,0,0,3,11,1
Febrero,8732,1969,D,Master,Widow,67369.0,0,1,2012-11-17,81,1298,M,0,70,37,14,42,4,7,4,10,4,0,1,1,0,0,0,3,11,1
Febrero,2315,1960,D,Graduation,Divorced,58401.0,0,1,2014-04-20,55,10,M,0,11,17,29,29,1,1,2,2,4,0,0,0,0,0,0,3,11,0
Febrero,3515,1952,D,Graduation,Single,62307.0,0,1,2014-02-17,94,87,M,13,34,10,6,10,1,4,0,4,5,0,0,0,0,0,0,3,11,0
Febrero,2245,1969,D,Master,Married,43641.0,1,1,2013-04-22,50,57,M,2,51,4,2,23,3,2,1,4,6,0,0,0,0,0,0,3,11,0
Febrero,6283,1968,D,Master,Divorced,63841.0,0,1,2013-04-21,64,635,M,15,100,20,7,131,1,9,3,9,6,0,0,0,0,0,0,3,11,0
Febrero,2246,1965,D,2n Cycle,Married,46891.0,0,1,2013-09-01,91,43,M,12,23,29,15,61,1,2,1,4,4,0,0,0,0,0,0,3,11,0
Febrero,6606,1969,D,Master,Married,70091.0,1,0,2013-03-31,11,964,M,34,137,15,0,11,2,5,2,10,8,0,1,0,0,0,0,3,11,0
Febrero,5545,1972,D,PhD,Married,78075.0,0,0,2014-04-05,72,572,M,8,259,34,35,80,1,3,5,5,1,0,0,0,0,0,0,3,11,0
Febrero,7342,1961,D,2n Cycle,Widow,59184.0,0,1,2012-09-09,6,341,M,142,113,259,151,66,3,6,6,12,5,0,0,0,0,0,0,3,11,0
Febrero,837,1977,D,Graduation,Married,54809.0,1,1,2013-09-11,0,63,M,6,57,13,13,22,4,2,1,5,4,0,0,0,0,0,0,3,11,0
Febrero,9500,1959,D,Graduation,Married,58113.0,0,1,2013-01-25,66,221,M,104,169,102,78,84,3,9,2,8,7,0,0,0,0,0,1,3,11,0
Febrero,3602,1958,D,Master,Married,51412.0,0,1,2013-12-31,42,140,M,3,29,4,5,14,2,3,2,4,4,0,0,0,0,0,0,3,11,0
Febrero,234,1979,D,Graduation,Divorced,15287.0,1,0,2012-10-10,60,1,M,2,8,4,3,13,2,1,1,2,7,1,0,0,0,0,0,3,11,1
Febrero,2995,1957,D,Master,Together,66636.0,0,0,2013-08-17,64,291,M,10,689,84,10,0,1,3,4,9,1,0,0,0,0,0,0,3,11,0
Febrero,1118,1956,D,Master,Married,50965.0,0,1,2013-02-20,87,544,M,13,85,8,6,29,3,10,4,5,8,1,0,0,0,0,0,3,11,0
Febrero,7789,1965,D,PhD,Married,84618.0,0,0,2013-11-22,96,684,M,100,801,21,66,0,1,6,9,10,2,0,0,1,0,0,0,3,11,0
Febrero,3068,1990,D,Graduation,Married,18351.0,0,0,2013-10-29,1,1,M,12,9,0,14,7,1,2,0,3,7,0,0,0,0,0,0,3,11,0
Febrero,8955,1957,D,PhD,Together,40451.0,0,2,2014-02-16,54,35,M,0,4,0,0,10,1,1,1,2,5,1,0,0,0,0,0,3,11,0
Febrero,945,1965,D,Graduation,Together,36317.0,0,1,2013-05-22,53,87,M,3,25,3,2,13,2,3,0,4,7,0,0,0,0,0,0,3,11,0
Febrero,5644,1957,D,Graduation,Together,42213.0,0,1,2013-10-12,96,309,M,3,24,4,3,20,2,5,1,7,7,0,1,0,0,0,0,3,11,0
Febrero,7192,1955,D,Graduation,Together,65748.0,0,1,2013-04-15,58,172,M,73,93,95,78,34,2,2,4,10,1,0,0,0,0,0,1,3,11,0
Febrero,2324,1972,D,Graduation,Together,77044.0,0,1,2013-10-27,12,625,M,38,242,50,34,76,2,7,11,11,4,1,0,0,0,0,0,3,11,0
Febrero,697,1969,D,Graduation,Together,74918.0,0,0,2013-03-12,78,972,M,59,913,25,19,59,1,5,9,6,3,0,0,1,0,0,0,3,11,0
Febrero,3439,1972,D,Graduation,Married,56721.0,1,1,2012-10-31,64,157,M,6,39,6,13,75,5,4,1,5,6,0,0,0,0,0,0,3,11,0
Febrero,1506,1975,D,Graduation,Single,42160.0,1,1,2013-06-28,26,48,M,9,45,3,15,20,4,2,1,4,6,0,0,0,0,0,0,3,11,1
Febrero,232,1965,D,Graduation,Single,61559.0,0,1,2013-07-17,8,279,M,83,88,32,14,34,1,4,2,10,3,0,0,0,0,0,0,3,11,0
Febrero,8876,1963,D,PhD,Together,33629.0,1,1,2012-08-08,49,132,M,0,16,0,0,4,5,3,1,4,9,0,0,0,0,0,0,3,11,0
Febrero,4500,1991,D,PhD,Together,68682.0,0,0,2013-10-06,56,919,M,0,505,99,30,45,1,4,9,10,2,0,0,0,0,0,0,3,11,0
Febrero,9739,1963,D,Graduation,Single,34377.0,0,1,2013-01-19,55,62,M,0,22,3,1,26,2,2,2,2,7,0,0,0,0,0,0,3,11,0
Febrero,10395,1986,D,Basic,Single,8940.0,1,0,2012-08-22,25,1,M,45,3,4,6,42,3,3,1,3,8,0,0,0,0,0,0,3,11,0
Febrero,1176,1973,D,Graduation,Married,26228.0,1,0,2013-09-22,50,2,M,6,4,3,1,9,1,1,0,2,8,0,0,0,0,0,0,3,11,0
Febrero,1627,1957,D,2n Cycle,Divorced,77297.0,0,0,2013-01-26,84,408,M,61,109,48,122,41,1,5,7,9,4,0,0,0,1,0,0,3,11,0
Febrero,938,1981,D,Graduation,Married,40211.0,1,1,2013-07-30,30,51,M,1,7,2,1,25,2,2,1,2,8,1,0,0,0,0,0,3,11,0
Febrero,2740,1958,D,PhD,Widow,33438.0,1,1,2013-09-22,81,62,M,1,16,3,2,6,4,2,1,4,5,0,0,0,0,0,0,3,11,0
Febrero,257,1959,D,PhD,Married,75032.0,0,1,2013-04-28,74,952,M,12,180,47,12,12,2,5,4,9,3,0,0,0,0,0,0,3,11,0
Febrero,4058,1955,D,PhD,Single,61284.0,0,0,2013-10-12,76,618,M,15,106,20,7,45,1,11,2,8,6,0,1,0,0,0,0,3,11,0
Febrero,7736,1986,D,Graduation,Married,22518.0,1,0,2012-10-22,36,11,M,7,12,2,2,27,2,2,1,2,5,1,0,0,0,0,0,3,11,1
Febrero,8210,1975,D,Master,Married,54730.0,0,1,2013-08-15,64,318,M,3,17,4,7,56,5,4,1,8,4,0,0,0,0,0,0,3,11,0
Febrero,833,1955,D,Master,Married,38452.0,1,1,2014-03-30,62,56,M,0,14,0,0,2,3,3,0,3,7,0,0,0,0,0,0,3,11,0
Febrero,6230,1971,D,Graduation,Divorced,44421.0,1,1,2013-02-15,53,110,M,5,59,7,1,7,5,5,0,4,8,0,0,0,0,0,0,3,11,0
Febrero,7325,1986,D,PhD,Together,38197.0,1,0,2013-06-29,86,23,M,0,11,2,1,3,1,1,0,3,5,0,0,0,0,0,0,3,11,0
Febrero,1307,1978,D,Graduation,Divorced,41986.0,0,1,2014-02-09,15,27,M,5,8,8,3,12,3,3,0,4,4,0,0,0,0,0,0,3,11,0
Febrero,1502,1983,D,Graduation,Together,28427.0,1,0,2013-03-21,67,18,M,3,19,3,3,6,2,2,0,3,8,0,0,0,0,0,0,3,11,0
Febrero,6211,1976,D,PhD,Together,37395.0,1,0,2014-05-02,47,18,M,0,9,0,1,11,1,1,0,3,6,0,0,0,0,0,0,3,11,0
Febrero,843,1971,D,Graduation,Married,64722.0,1,0,2014-05-26,47,303,M,0,280,60,147,15,4,8,2,11,6,0,0,0,0,0,0,3,11,0
Febrero,4174,1956,D,Master,Together,55249.0,0,1,2014-04-17,81,97,M,1,19,2,0,11,1,2,1,4,3,0,0,0,0,0,0,3,11,0
Febrero,9757,1972,D,Graduation,Together,84906.0,0,0,2013-10-04,98,997,M,15,414,99,30,76,1,5,6,12,2,0,1,1,0,1,0,3,11,0
Febrero,6918,1989,D,Graduation,Married,28691.0,1,0,2013-07-04,56,5,M,4,13,8,0,4,1,1,0,3,8,0,0,0,0,0,0,3,11,0
Febrero,286,1952,D,Graduation,Single,44213.0,1,1,2013-11-29,48,95,M,11,35,0,4,7,4,2,1,5,6,0,0,0,0,0,0,3,11,0
Febrero,11086,1984,D,Basic,Single,25707.0,1,0,2014-01-18,18,1,M,6,2,3,6,3,1,1,0,3,7,0,0,0,0,0,0,3,11,0
Febrero,1921,1967,D,PhD,Married,59062.0,2,1,2013-10-03,74,46,M,1,12,3,0,9,2,2,0,3,4,0,0,0,0,0,0,3,11,0
Febrero,4138,1962,D,Graduation,Single,76624.0,0,1,2014-05-24,68,411,M,106,147,54,115,66,1,5,10,7,1,1,0,0,0,0,0,3,11,0
Febrero,7718,1947,D,Master,Together,66000.0,0,0,2014-04-20,36,244,M,51,270,101,0,45,1,1,3,5,1,0,0,0,0,0,0,3,11,0
Febrero,1291,1978,D,PhD,Together,27683.0,1,0,2012-08-04,90,152,M,9,121,12,12,45,4,6,2,4,8,0,0,0,0,0,0,3,11,0
Febrero,6862,1971,D,Graduation,Divorced,1730.0,0,0,2014-05-18,65,1,M,1,3,1,1,1,15,0,0,0,20,0,0,0,0,0,0,3,11,0
Febrero,4136,1992,D,Basic,Single,7500.0,1,0,2012-12-03,63,10,M,17,18,8,26,40,4,3,2,2,9,0,0,0,0,0,0,3,11,0
Febrero,803,1968,D,Graduation,Together,40521.0,1,1,2013-04-05,82,12,M,0,5,0,0,4,1,0,1,2,5,0,0,0,0,0,0,3,11,0
Febrero,4298,1973,D,PhD,Together,20427.0,1,0,2014-03-24,63,5,M,0,4,0,0,1,1,1,0,2,8,0,0,0,0,0,0,3,11,0
Febrero,10833,1975,D,Graduation,Married,65106.0,0,1,2014-05-24,55,790,M,19,133,12,0,19,3,8,3,13,6,0,1,0,0,0,0,3,11,0
Febrero,9606,1965,D,PhD,Married,69969.0,0,0,2013-08-27,64,882,M,29,514,38,29,44,1,4,2,6,3,0,0,1,1,0,0,3,11,1
Febrero,8534,1952,D,Graduation,Married,67433.0,0,2,2013-07-16,51,615,M,28,259,12,48,30,4,6,5,13,4,0,1,0,0,0,0,3,11,0
Febrero,5153,1967,D,PhD,Married,77766.0,0,1,2013-02-22,97,1004,M,59,265,115,59,27,2,11,10,11,6,1,0,0,0,0,0,3,11,1
Febrero,961,1972,D,Graduation,Married,74716.0,0,1,2013-09-12,92,133,M,27,421,13,195,71,2,7,3,5,4,0,0,0,0,0,0,3,11,0
Febrero,5011,1963,D,Graduation,Divorced,68118.0,0,1,2013-10-18,51,595,M,23,123,10,23,154,2,8,9,4,6,0,0,0,0,0,0,3,11,0
Febrero,6653,1970,D,PhD,Married,55158.0,1,1,2012-07-30,72,293,M,0,87,4,11,23,4,7,2,5,7,0,0,0,0,0,0,3,11,1
Febrero,9094,1955,D,2n Cycle,Married,62972.0,0,1,2012-08-03,39,313,M,15,47,20,0,192,2,7,4,3,6,0,0,0,0,0,0,3,11,1
Febrero,810,1975,D,Graduation,Married,74190.0,0,1,2014-05-12,49,151,M,81,86,168,91,64,2,4,2,11,2,0,0,0,0,0,0,3,11,0
Febrero,5493,1976,D,Graduation,Married,39356.0,1,1,2014-03-19,21,15,M,0,2,0,0,6,1,1,0,2,6,1,0,0,0,0,0,3,11,0
Febrero,2147,1969,D,Graduation,Together,76653.0,0,0,2013-08-16,91,736,M,63,946,219,189,126,1,4,7,11,2,0,0,1,1,0,0,3,11,0
Febrero,5107,1973,D,PhD,Divorced,35860.0,1,1,2014-05-19,37,15,M,0,8,4,2,20,2,1,1,2,5,1,0,0,0,0,0,3,11,0
Febrero,3979,1983,D,PhD,Divorced,90687.0,0,0,2013-05-22,98,982,M,17,672,23,34,51,1,6,2,8,2,0,0,1,0,0,0,3,11,1
Febrero,6049,1982,D,Master,Together,73450.0,0,0,2013-12-05,85,1142,M,51,415,90,69,37,1,7,8,11,3,1,0,0,1,0,0,3,11,0
Febrero,8147,1960,D,Graduation,Married,31454.0,1,1,2013-07-06,40,28,M,0,11,0,0,9,3,2,0,3,8,0,0,0,0,0,0,3,11,0
Febrero,1857,1952,D,Graduation,Single,47139.0,1,1,2014-03-06,2,46,M,0,12,0,2,23,2,2,1,2,7,0,0,0,0,0,0,3,11,1
Febrero,3910,1975,D,Graduation,Divorced,83829.0,0,0,2013-10-08,78,897,M,161,430,186,161,27,0,4,7,6,1,1,0,1,1,0,0,3,11,1
Febrero,5207,1963,D,PhD,Married,53378.0,1,1,2012-09-24,41,489,M,6,152,8,6,132,10,9,4,6,8,0,0,0,0,0,0,3,11,1
Febrero,11114,1970,D,Graduation,Together,19656.0,1,0,2013-02-08,94,25,M,4,9,6,8,32,3,2,1,3,7,0,0,0,0,0,0,3,11,0
Febrero,5429,1948,D,PhD,Married,45579.0,0,1,2013-08-20,10,145,M,1,33,2,1,1,1,4,1,4,6,0,0,0,0,0,0,3,11,0
Febrero,9400,1958,D,2n Cycle,Single,85485.0,0,0,2014-06-21,73,630,M,26,611,44,18,54,1,6,6,6,2,0,0,0,0,0,0,3,11,0
Febrero,1740,1944,D,Graduation,Married,55956.0,0,0,2014-04-07,22,760,M,38,104,50,9,38,2,7,3,4,4,0,1,0,0,0,0,3,11,0
Febrero,7488,1963,D,Master,Single,64191.0,0,1,2013-01-22,30,420,M,15,186,151,38,15,3,5,3,13,3,0,0,0,0,0,0,3,11,0
Febrero,195,1972,D,Graduation,Single,38808.0,1,0,2012-08-26,21,125,M,17,52,3,19,30,4,5,1,4,8,1,0,0,0,0,0,3,11,1
Febrero,635,1966,D,Master,Married,57183.0,1,1,2013-03-19,51,464,M,5,64,7,0,70,8,9,1,7,8,0,0,0,0,0,0,3,11,0
Febrero,7527,1968,D,Master,Divorced,23748.0,1,0,2012-11-21,97,6,M,6,29,12,15,8,3,2,1,3,8,0,0,0,0,0,0,3,11,0
Febrero,10319,1971,D,Graduation,Married,66303.0,0,1,2013-02-26,56,1090,M,12,96,16,12,60,4,3,4,11,8,0,1,0,0,0,0,3,11,0
Febrero,2296,1975,D,Master,Married,37368.0,1,0,2013-12-16,4,3,M,2,11,2,2,10,1,1,0,2,6,1,0,0,0,0,0,3,11,0
Febrero,10637,1964,D,Graduation,Married,40800.0,1,2,2013-01-01,77,24,M,0,27,8,30,10,2,3,0,3,7,0,0,0,0,0,1,3,11,0
Febrero,2931,1978,D,Graduation,Divorced,71847.0,0,0,2012-09-21,95,737,M,21,106,55,63,210,0,6,7,9,3,0,0,0,1,0,0,3,11,0
Febrero,907,1975,D,Graduation,Married,46149.0,0,1,2013-11-29,36,254,M,6,71,4,0,27,5,5,1,7,5,0,0,0,0,0,0,3,11,0
Febrero,3698,1983,D,Graduation,Together,78687.0,0,0,2012-08-09,13,817,M,185,687,145,55,241,1,4,6,8,2,0,0,1,0,0,0,3,11,1
Febrero,9516,1971,D,2n Cycle,Divorced,49118.0,0,0,2012-08-18,90,620,M,54,239,99,98,119,2,9,7,10,7,0,1,0,0,1,0,3,11,1
Febrero,679,1957,D,PhD,Married,37633.0,1,1,2012-09-20,49,13,M,4,20,0,0,1,2,1,0,3,9,0,0,0,0,0,0,3,11,0
Febrero,7384,1951,D,Master,Together,39767.0,0,0,2013-07-21,18,113,M,61,204,34,26,47,2,7,1,7,8,0,0,0,0,0,0,3,11,0
Febrero,5043,1951,D,Basic,Married,26997.0,0,0,2012-11-05,89,7,M,23,78,133,49,144,2,4,2,5,7,0,0,0,0,0,0,3,11,0
Febrero,5267,1970,D,Graduation,Divorced,33986.0,1,0,2013-03-14,43,16,M,2,18,2,1,5,1,1,0,3,7,0,0,0,0,0,0,3,11,0
Febrero,339,1972,D,PhD,Married,57091.0,0,1,2012-11-23,82,462,M,0,24,6,0,4,2,9,2,5,7,0,1,0,0,0,0,3,11,1
Febrero,2516,1969,D,2n Cycle,Married,46831.0,1,1,2013-06-08,84,22,M,2,10,6,4,34,2,1,2,2,4,0,0,0,0,0,0,3,11,0
Febrero,9010,1972,D,Master,Married,83151.0,0,0,2013-02-10,80,968,M,147,842,137,42,210,1,5,7,10,2,1,0,1,1,0,0,3,11,1
Febrero,378,1971,D,Graduation,Married,52531.0,0,0,2012-12-30,68,283,M,112,151,51,72,125,2,7,2,10,6,0,0,0,0,0,0,3,11,0
Febrero,4808,1956,D,Graduation,Married,15759.0,0,0,2013-09-05,12,1,M,2,5,6,0,3,1,1,0,2,7,0,0,0,0,0,0,3,11,0
Febrero,5068,1971,D,Graduation,Single,22804.0,1,0,2013-07-31,75,14,M,1,7,2,1,1,1,2,0,2,9,0,0,0,0,0,0,3,11,0
Febrero,7628,1973,D,2n Cycle,Married,43050.0,1,0,2014-03-18,10,30,M,5,24,6,3,8,2,2,0,4,5,0,0,0,0,0,0,3,11,0
Febrero,7128,1977,D,PhD,Single,42997.0,1,1,2013-12-07,91,4,M,0,5,0,1,5,1,1,0,2,7,0,0,0,0,0,0,3,11,0
Febrero,2811,1963,D,PhD,Single,48918.0,1,1,2014-04-12,21,52,M,0,9,0,0,1,2,1,0,4,4,0,0,0,0,0,0,3,11,0
Febrero,3551,1954,D,Master,Together,60033.0,0,1,2014-03-29,28,62,M,1,57,19,11,48,2,2,1,5,2,0,0,0,0,0,0,3,11,0
Febrero,1663,1978,D,PhD,Together,34043.0,1,0,2013-10-25,97,20,M,2,14,3,0,10,1,2,0,2,9,0,0,0,0,0,0,3,11,0
Febrero,5543,1966,D,Graduation,Together,57811.0,0,1,2013-06-24,49,545,M,7,114,37,21,78,5,7,2,11,5,0,1,0,0,0,0,3,11,0
Febrero,1577,1946,D,Graduation,Married,78569.0,0,0,2014-02-19,14,558,M,79,622,207,175,95,1,4,6,4,1,0,0,1,0,0,0,3,11,1
Febrero,10641,1978,D,Graduation,Single,7500.0,1,1,2012-12-27,5,6,M,5,4,13,4,25,4,2,1,3,6,0,0,0,0,0,0,3,11,0
Febrero,5336,1971,D,Master,Together,157733.0,1,0,2013-06-04,37,39,M,1,9,2,0,8,0,1,0,1,1,0,0,0,0,0,0,3,11,0
Febrero,6024,1953,D,Graduation,Together,94384.0,0,0,2013-03-04,62,1111,M,24,790,160,45,172,0,5,8,5,2,0,1,1,1,0,0,3,11,1
Febrero,1878,1985,D,2n Cycle,Married,23148.0,0,0,2014-02-18,83,4,M,6,8,6,3,10,1,2,0,3,7,0,0,0,0,0,0,3,11,0
Febrero,3099,1970,D,Graduation,Divorced,44267.0,1,1,2013-02-25,48,183,M,5,65,3,5,49,5,5,2,4,9,0,0,0,0,0,0,3,11,0
Febrero,6055,1979,D,Graduation,Married,71626.0,0,0,2012-11-01,94,546,M,72,376,94,145,72,1,5,5,8,3,0,1,0,0,0,0,3,11,0
Febrero,5841,1966,D,Graduation,Together,60894.0,0,1,2013-06-28,61,606,M,7,155,10,0,54,5,10,3,8,7,0,0,0,0,0,0,3,11,0
Febrero,3972,1976,D,Graduation,Together,50200.0,1,1,2013-04-03,70,266,M,6,51,8,6,64,6,7,1,5,8,0,0,0,0,0,0,3,11,0
Febrero,4394,1965,D,PhD,Married,81051.0,0,0,2014-05-23,43,1142,M,29,249,38,29,14,1,5,5,12,2,0,1,1,0,0,0,3,11,0
Febrero,5758,1982,D,Graduation,Married,65169.0,0,0,2014-01-14,23,1074,M,0,69,0,0,46,1,10,4,13,6,1,0,1,1,1,0,3,11,1
Febrero,6658,1972,D,Graduation,Together,59868.0,0,1,2013-07-22,37,771,M,51,154,54,10,154,7,11,2,12,6,0,0,0,0,0,0,3,11,0
Febrero,4603,1960,D,PhD,Married,65695.0,0,1,2014-01-31,50,371,M,32,189,0,58,6,2,5,4,10,4,0,0,0,0,0,0,3,11,0
Febrero,8427,1956,D,Master,Single,64857.0,0,0,2012-11-23,78,556,M,14,717,210,0,43,1,7,5,10,4,0,0,0,0,0,0,3,11,0
Febrero,10260,1965,D,Master,Together,45143.0,0,1,2013-08-26,74,202,M,5,74,11,5,14,3,6,1,5,7,0,0,0,0,0,0,3,11,0
Febrero,7143,1955,D,2n Cycle,Together,74805.0,0,1,2013-11-06,14,209,M,162,209,41,162,37,5,4,7,10,2,0,0,0,0,0,0,3,11,0
Febrero,8789,1989,D,2n Cycle,Married,59060.0,1,0,2014-01-11,77,35,M,40,111,36,40,12,3,3,1,7,4,0,0,0,0,0,0,3,11,0
Febrero,6197,1962,D,PhD,Single,27238.0,1,1,2013-04-20,39,37,M,0,17,0,0,3,3,3,0,3,9,0,0,0,0,0,0,3,11,0
Febrero,4554,1965,D,Graduation,Together,47009.0,0,1,2013-10-01,89,171,M,45,73,59,10,90,4,3,2,8,4,0,0,0,0,0,0,3,11,0
Febrero,4937,1973,D,2n Cycle,Married,46094.0,1,1,2014-06-10,62,12,M,2,20,3,2,5,1,1,0,3,7,0,0,0,0,0,0,3,11,0
Febrero,1920,1972,D,Graduation,Married,40321.0,1,1,2013-07-29,59,44,M,4,21,6,0,27,2,3,0,3,7,0,0,0,0,0,0,3,11,0
Febrero,8749,1984,D,Graduation,Together,37235.0,1,0,2014-02-01,68,20,M,2,9,4,6,20,1,1,1,2,4,0,0,0,0,0,0,3,11,0
Febrero,1650,1960,D,Master,Married,81843.0,0,0,2013-04-22,13,779,M,86,537,34,69,138,1,5,9,12,3,0,0,0,0,0,0,3,11,0
Febrero,10377,1958,D,Master,Together,46692.0,0,1,2013-06-06,37,170,M,6,97,24,12,88,3,6,1,5,6,0,0,0,0,0,0,3,11,0
Febrero,9206,1968,D,Graduation,Together,77382.0,0,1,2014-01-07,36,491,M,48,231,112,105,134,2,5,7,12,1,0,0,1,0,0,0,3,11,0
Febrero,10971,1977,D,Graduation,Single,37774.0,2,0,2012-09-03,28,173,M,8,107,7,2,176,4,7,2,3,9,1,0,0,0,0,1,3,11,1
Febrero,6398,1974,D,Basic,Married,18393.0,1,0,2014-03-29,2,7,M,10,13,16,0,4,2,3,0,3,8,0,0,0,0,0,0,3,11,0
Febrero,9212,1962,D,Master,Married,72828.0,0,1,2013-02-14,17,1205,M,0,235,19,14,205,6,6,3,13,7,0,0,0,0,0,0,3,11,0
Febrero,7937,1982,D,Graduation,Married,24711.0,0,0,2014-04-18,86,10,M,7,25,6,3,7,1,3,0,3,7,0,0,0,0,0,0,3,11,0
Febrero,839,1975,D,PhD,Married,45503.0,1,0,2013-09-25,54,97,M,4,44,6,1,18,1,3,1,4,5,0,0,0,0,0,0,3,11,0
Febrero,4246,1982,D,Master,Single,6560.0,0,0,2013-12-12,2,67,M,11,26,4,3,262,0,1,0,1,17,0,0,0,0,0,0,3,11,0
Febrero,158,1945,D,PhD,Together,71604.0,0,0,2013-11-17,3,345,M,53,528,98,75,97,1,8,3,5,4,1,0,0,0,0,0,3,11,1
Febrero,4832,1979,D,Graduation,Married,27244.0,1,0,2014-03-07,84,6,M,5,17,3,24,46,2,2,2,2,7,0,0,0,0,0,0,3,11,0
Febrero,5621,1969,D,Graduation,Married,48752.0,1,1,2012-12-12,8,73,M,57,100,71,15,0,5,6,1,5,9,0,0,0,0,0,0,3,11,1
Febrero,1945,1962,D,Graduation,Married,71434.0,0,1,2013-09-18,4,711,M,36,217,172,96,168,3,7,4,7,4,0,1,0,1,0,0,3,11,0
Febrero,5147,1948,D,Graduation,Single,90842.0,0,0,2013-07-29,57,774,M,70,118,182,187,93,1,4,9,13,1,0,0,0,0,0,0,3,11,0
Febrero,2535,1978,D,Master,Married,88097.0,1,0,2012-08-18,24,163,M,0,480,0,126,75,1,6,5,8,9,0,1,1,1,0,0,3,11,1
Febrero,11039,1975,D,Graduation,Married,51948.0,0,1,2013-09-17,51,82,M,33,54,71,30,41,2,5,2,4,5,0,0,0,0,0,0,3,11,0
Febrero,9495,1982,D,Graduation,Together,71853.0,0,0,2013-05-08,29,358,M,108,413,141,97,32,1,2,8,6,1,0,0,0,0,0,0,3,11,0
Febrero,9635,1983,D,Master,Married,35876.0,0,0,2014-04-20,13,66,M,2,40,4,3,14,1,3,1,3,6,0,0,0,0,0,0,3,11,0
Febrero,2173,1952,D,Graduation,Widow,40049.0,0,1,2013-10-16,23,13,M,6,7,0,3,3,1,1,0,3,6,0,0,0,0,0,0,3,11,0
Febrero,942,1982,D,Graduation,Single,39660.0,1,0,2012-08-08,36,139,M,13,78,20,13,36,3,7,1,3,9,0,0,0,0,0,0,3,11,1
Febrero,9386,1962,D,Graduation,Together,50127.0,0,1,2014-05-29,88,274,M,0,21,4,6,15,1,5,1,6,6,0,1,0,0,0,0,3,11,0
Febrero,5510,1977,D,Master,Married,43263.0,0,1,2012-11-21,2,262,M,6,61,0,10,102,3,5,2,6,5,0,0,0,0,0,0,3,11,0
Febrero,873,1949,D,Master,Married,62845.0,1,1,2012-10-01,3,1099,M,0,45,0,0,34,11,3,4,10,8,0,1,0,0,0,0,3,11,1
Febrero,2253,1990,D,Graduation,Married,18929.0,0,0,2013-02-16,15,32,M,0,8,23,4,18,1,1,0,4,6,0,0,0,0,0,0,3,11,0
Febrero,5181,1982,D,Basic,Single,24367.0,1,0,2013-03-20,58,2,M,4,2,0,11,5,1,1,0,2,9,0,0,0,0,0,0,3,11,0
Febrero,979,1975,D,Graduation,Single,33249.0,1,0,2013-02-20,11,6,M,10,21,19,14,42,2,2,1,3,6,0,0,0,0,0,0,3,11,0
Febrero,10390,1959,D,2n Cycle,Married,26887.0,0,1,2013-02-10,27,6,M,7,4,3,4,6,1,1,0,3,6,0,0,0,0,0,0,3,11,0
Febrero,4698,1983,D,PhD,Married,50150.0,0,0,2013-06-20,32,135,M,46,92,65,61,11,2,5,2,7,5,0,0,0,0,0,0,3,11,0
Febrero,7793,1976,D,Graduation,Together,62061.0,0,1,2013-08-31,12,641,M,7,84,0,30,38,3,10,4,7,6,0,1,0,0,0,0,3,11,0
Febrero,1745,1962,D,PhD,Divorced,85696.0,0,0,2013-05-03,88,714,M,76,395,116,0,12,1,4,6,9,1,0,0,0,0,0,0,3,11,1
Febrero,10590,1956,D,PhD,Together,76542.0,0,0,2013-03-30,91,794,M,73,573,0,29,14,1,4,8,10,2,0,0,0,0,0,0,3,11,0
Febrero,5080,1993,D,Graduation,Single,70515.0,0,0,2013-10-21,12,420,M,0,452,182,64,140,1,6,6,4,2,0,0,0,0,0,0,3,11,1
Febrero,8369,1987,D,Graduation,Together,18227.0,1,0,2012-11-08,21,1,M,2,7,4,3,11,1,0,1,2,8,0,0,0,0,0,0,3,11,0
Febrero,5232,1965,D,Graduation,Married,69139.0,0,1,2014-01-27,23,86,M,12,75,33,15,6,1,4,1,5,4,0,0,0,0,0,0,3,11,0
Febrero,2407,1982,D,Graduation,Married,69109.0,0,0,2012-11-09,10,823,M,25,459,124,29,95,1,6,6,7,4,0,0,1,0,0,0,3,11,1
Febrero,3834,1962,D,Graduation,Single,69627.0,0,1,2013-03-17,35,231,M,161,215,171,30,53,2,8,2,11,5,0,0,0,0,0,0,3,11,0
Febrero,7912,1978,D,Graduation,Married,38136.0,1,0,2013-04-22,69,8,M,15,27,0,20,33,2,3,1,2,8,1,0,0,0,0,0,3,11,0
Febrero,7712,1946,D,PhD,Single,62159.0,0,0,2014-04-28,68,182,M,17,259,77,70,29,1,6,2,10,4,0,0,0,0,0,0,3,11,0
Febrero,1065,1963,D,Graduation,Single,80695.0,0,0,2013-12-29,85,557,M,129,984,193,37,18,1,5,8,5,2,0,0,0,0,0,0,3,11,0
Febrero,7275,1971,D,Master,Single,33316.0,1,1,2013-10-04,34,79,M,1,31,4,4,12,3,2,1,4,6,0,0,0,0,0,0,3,11,0
Febrero,1343,1968,D,Graduation,Together,58554.0,1,1,2012-09-26,55,368,M,24,68,38,0,88,6,8,2,6,7,0,0,0,0,0,0,3,11,0
Febrero,1384,1992,D,Basic,Married,17256.0,1,0,2013-11-23,10,6,M,4,14,8,8,22,2,2,1,2,8,1,0,0,0,0,0,3,11,0
Febrero,9967,1974,D,Graduation,Divorced,53034.0,1,1,2013-05-30,30,160,M,15,196,15,11,50,8,6,1,7,8,0,0,0,0,0,0,3,11,0
Febrero,6181,1950,D,2n Cycle,Together,52203.0,0,0,2012-07-31,36,488,M,21,238,56,108,28,1,8,7,11,6,0,0,0,0,0,0,3,11,0
Febrero,10507,1977,D,2n Cycle,Divorced,59601.0,0,1,2013-07-25,14,691,M,7,69,0,7,23,4,2,2,7,8,0,1,0,0,0,0,3,11,0
Febrero,2674,1958,D,Master,Single,75154.0,0,1,2012-09-04,79,543,M,10,205,160,143,82,1,6,3,6,3,0,0,0,0,0,0,3,11,1
Febrero,2698,1976,D,Graduation,Single,47025.0,0,1,2013-11-07,52,254,M,7,108,20,0,26,3,6,3,5,6,0,0,0,0,0,0,3,11,0
Febrero,3231,1973,D,Graduation,Married,37971.0,1,0,2013-11-25,97,5,M,4,10,2,2,7,1,1,0,3,8,0,0,0,0,0,0,3,11,0
Febrero,4096,1968,D,Master,Divorced,41335.0,1,0,2013-12-26,24,112,M,19,21,16,14,5,3,4,1,4,7,0,0,0,0,0,0,3,11,0
Febrero,10476,1958,D,Graduation,Married,67267.0,0,1,2014-05-13,0,134,M,11,59,15,2,30,1,3,2,5,2,0,0,0,0,0,0,3,11,0
Febrero,5948,1975,D,Graduation,Single,57338.0,0,1,2014-04-29,96,143,M,6,52,11,8,17,2,4,1,5,5,0,0,0,0,0,0,3,11,0
Febrero,9140,1960,D,2n Cycle,Together,50523.0,1,1,2013-12-25,89,51,M,4,24,4,7,1,2,2,0,4,6,0,0,0,0,0,0,3,11,0
Febrero,10258,1965,D,Master,Single,35791.0,2,1,2013-05-06,94,27,M,0,5,0,0,3,2,1,0,3,8,0,0,0,0,0,0,3,11,0
Febrero,5675,1960,D,PhD,Divorced,50611.0,0,1,2012-10-04,98,459,M,0,24,6,0,4,6,4,5,7,6,0,1,0,0,0,0,3,11,0
Febrero,4743,1969,D,PhD,Married,56242.0,0,1,2013-03-03,72,689,M,8,167,11,8,88,5,8,4,11,6,0,0,0,0,0,0,3,11,0
Febrero,8805,1960,D,Graduation,Single,48904.0,0,1,2012-12-02,1,283,M,10,38,0,13,27,4,7,2,4,8,0,0,0,0,0,0,3,11,0
Febrero,1542,1975,D,Graduation,Single,56243.0,1,2,2013-12-30,26,347,M,0,35,4,3,7,6,4,2,8,5,0,0,0,0,0,0,3,11,0
Febrero,6770,1985,D,Graduation,Married,21355.0,1,0,2013-08-20,5,5,M,13,14,0,5,31,2,2,1,2,6,1,0,0,0,0,0,3,11,1
Febrero,8773,1971,D,Master,Together,57420.0,0,1,2013-06-25,22,280,M,0,18,0,0,24,3,5,1,6,7,0,1,0,0,0,0,3,11,0
Febrero,10475,1970,D,Master,Together,,0,1,2013-04-01,39,187,M,5,65,26,20,14,2,4,2,6,5,0,0,0,0,0,0,3,11,0
Febrero,10420,1955,D,Master,Divorced,46390.0,0,1,2014-05-05,56,95,M,14,64,2,9,38,1,4,2,3,7,0,0,0,0,0,0,3,11,0
Febrero,7514,1956,D,2n Cycle,Together,54342.0,1,1,2013-07-03,74,84,M,10,34,11,10,28,4,3,1,4,6,0,0,0,0,0,0,3,11,0
Febrero,2902,1958,D,Graduation,Together,,1,1,2012-09-03,87,19,M,4,12,2,2,6,1,1,0,3,5,0,0,0,0,0,0,3,11,0
Febrero,4345,1964,D,2n Cycle,Single,,1,1,2014-01-12,49,5,M,1,9,2,0,4,1,1,0,2,7,0,0,0,0,0,0,3,11,0
Febrero,793,1973,D,Graduation,Married,20895.0,1,0,2012-10-06,24,18,M,3,17,3,0,4,1,2,0,3,9,0,0,0,0,0,0,3,11,0
Febrero,10909,1948,D,Graduation,Married,92344.0,0,0,2014-01-15,9,992,M,24,694,51,19,119,0,5,10,5,1,1,0,1,0,0,0,3,11,0
Febrero,3769,1972,D,PhD,Together,,1,0,2014-03-02,17,25,M,1,13,0,0,3,1,1,0,3,7,0,0,0,0,0,0,3,11,0
Febrero,8702,1976,D,2n Cycle,Together,26907.0,1,1,2013-08-20,10,9,M,1,7,0,3,2,2,1,0,3,7,0,0,0,0,0,0,3,11,0
Febrero,4791,1980,D,Graduation,Together,44964.0,1,1,2012-12-16,35,19,M,1,17,2,0,2,1,1,0,3,8,0,0,0,0,0,0,3,11,0
Febrero,2963,1979,D,Graduation,Together,75507.0,0,0,2014-05-02,56,709,M,93,374,104,80,80,1,8,6,6,3,0,0,0,0,0,0,3,11,0
Febrero,8216,1972,D,Master,Married,53761.0,1,1,2013-10-11,7,158,M,0,76,13,7,71,6,4,4,3,5,0,0,0,0,0,0,3,11,0
Febrero,8140,1973,D,Graduation,Together,22682.0,1,0,2013-10-03,51,10,M,14,29,4,2,36,3,2,1,4,4,0,0,0,0,0,0,3,11,0
Febrero,10146,1972,D,PhD,Together,38887.0,1,0,2014-03-02,17,25,M,1,13,0,0,3,1,1,0,3,7,0,0,0,0,0,0,3,11,0
Febrero,5289,1975,D,2n Cycle,Single,41658.0,1,1,2012-11-09,30,8,M,4,12,15,4,29,2,1,1,2,4,0,0,0,0,0,0,3,11,0
Febrero,2587,1972,D,PhD,Married,29791.0,1,0,2014-05-15,21,14,M,0,6,0,0,0,2,2,0,3,5,0,0,0,0,0,0,3,11,0
Febrero,4405,1956,D,Master,Married,63915.0,0,2,2013-07-30,2,622,M,7,115,30,0,15,2,6,3,12,5,0,0,0,0,0,0,3,11,0
Febrero,8663,1974,D,Graduation,Divorced,39996.0,1,1,2014-05-22,85,11,M,0,3,0,0,1,1,1,0,2,6,0,0,0,0,0,0,3,11,0
Febrero,2589,1972,D,Graduation,Divorced,26759.0,1,0,2014-02-07,65,25,M,3,16,8,5,2,2,2,1,3,6,0,0,0,0,0,0,3,11,0
Febrero,3421,1968,D,Master,Divorced,63841.0,0,1,2013-04-21,64,635,M,15,100,20,7,131,1,9,3,9,6,0,0,0,0,0,0,3,11,0
Febrero,10490,1969,D,PhD,Married,51039.0,1,1,2012-12-10,11,100,M,64,79,65,0,109,2,6,2,4,7,0,0,0,0,0,0,3,11,0
Febrero,4094,1961,D,Graduation,Married,60544.0,1,1,2012-08-25,92,201,M,2,43,3,5,35,4,5,1,5,6,0,0,0,0,0,0,3,11,0
Febrero,9958,1972,D,Graduation,Married,65685.0,0,1,2014-03-29,54,642,M,14,49,0,7,57,1,9,2,9,5,0,0,0,0,0,0,3,11,0
Febrero,2534,1953,D,Graduation,Married,37716.0,0,1,2014-04-21,4,97,M,1,41,6,2,41,2,4,1,3,7,0,0,0,0,0,0,3,11,0
Febrero,4188,1957,D,Graduation,Single,36864.0,0,1,2012-08-13,53,204,M,5,39,17,0,89,3,5,2,4,8,0,0,0,0,0,0,3,11,1
Febrero,6613,1970,D,Master,Married,44511.0,1,0,2012-10-12,39,513,M,7,133,46,14,14,6,8,4,8,8,0,0,0,0,0,0,3,11,0
Febrero,10827,1967,D,PhD,Married,36947.0,1,1,2012-08-07,49,88,M,3,21,4,1,29,4,3,0,4,9,0,0,0,0,0,0,3,11,0
Febrero,5491,1951,D,Master,Together,47352.0,0,1,2013-04-11,70,172,M,12,112,8,0,15,4,6,1,5,7,0,0,0,0,0,0,3,11,0
Febrero,8402,1953,D,Master,Married,67087.0,0,1,2013-12-17,40,329,M,35,222,130,35,43,2,7,5,8,4,0,0,0,0,0,0,3,11,0
Febrero,8783,1950,D,Graduation,Married,57045.0,0,1,2012-09-08,40,296,M,13,104,11,13,17,3,4,2,9,3,0,0,0,0,0,0,3,11,0
Febrero,10010,1953,D,PhD,Divorced,36957.0,1,1,2012-09-06,43,100,M,2,16,2,1,31,4,3,2,2,9,0,0,0,0,0,0,3,11,1
Febrero,618,1977,D,PhD,Married,69389.0,0,1,2012-09-28,17,422,M,7,238,69,46,15,1,7,2,12,4,0,0,0,0,0,0,3,11,0
Febrero,9121,1972,D,Graduation,Married,80134.0,1,0,2013-05-20,40,1218,M,16,272,104,0,80,2,5,3,6,6,0,1,1,1,0,0,3,11,1
Febrero,361,1969,D,Master,Married,43142.0,1,1,2014-02-18,84,5,M,1,7,2,1,4,1,1,0,2,7,0,0,0,0,0,0,3,11,0
Febrero,4310,1944,D,Graduation,Married,80589.0,0,0,2014-01-22,25,507,M,93,520,242,40,26,1,5,10,5,1,0,0,0,1,0,0,3,11,1
Febrero,2678,1990,D,Graduation,Single,34412.0,1,0,2013-02-13,62,52,M,12,50,4,36,55,3,5,0,3,9,0,0,0,0,0,0,3,11,0
Febrero,6376,1979,D,Graduation,Single,57537.0,1,0,2013-06-10,83,191,M,56,139,51,8,100,4,4,3,8,4,0,0,0,0,0,0,3,11,0
Febrero,524,1966,D,Basic,Together,22634.0,0,0,2013-01-16,47,2,M,23,11,8,6,46,1,2,1,2,8,0,0,0,0,0,0,3,11,0
Febrero,10341,1948,D,Graduation,Together,51315.0,0,0,2014-02-23,45,68,M,28,39,16,30,41,1,2,2,5,2,0,0,0,0,0,0,3,11,0
Febrero,5654,1972,D,Graduation,Married,36026.0,2,1,2014-03-16,34,20,M,4,10,6,4,17,2,2,0,3,6,0,0,0,0,0,0,3,11,0
Febrero,4098,1973,D,Graduation,Married,24639.0,1,1,2014-01-28,3,20,M,3,16,0,4,1,3,2,0,4,6,0,0,0,0,0,0,3,11,0
Febrero,5824,1972,D,PhD,Together,34578.0,2,1,2014-04-11,1,7,M,0,1,0,0,0,1,1,0,2,6,0,0,0,0,0,0,3,11,0
Febrero,7000,1972,D,2n Cycle,Single,65704.0,0,0,2013-10-13,18,279,M,172,74,38,8,246,1,2,10,10,1,0,0,0,0,0,0,3,11,0
Febrero,2561,1966,D,Graduation,Single,63810.0,0,1,2012-11-11,45,977,M,12,253,16,12,101,4,4,3,12,8,0,1,0,0,0,0,3,11,0
Febrero,5229,1969,D,PhD,Together,54132.0,0,1,2014-02-16,81,30,M,1,8,0,0,3,1,1,0,3,7,0,0,0,0,0,0,3,11,0
Febrero,4086,1959,D,Graduation,Married,18690.0,0,0,2012-12-28,77,6,M,1,7,23,4,19,1,1,1,2,8,0,0,0,0,0,0,3,11,0
Febrero,2428,1970,D,Graduation,Married,28164.0,1,0,2013-05-04,23,3,M,18,26,11,8,12,3,2,0,4,7,0,0,0,0,0,0,3,11,0
Febrero,8254,1974,D,PhD,Married,34596.0,1,0,2013-04-13,48,14,M,0,2,0,0,7,1,1,0,2,8,0,0,0,0,0,0,3,11,0
Febrero,2836,1972,D,PhD,Married,43269.0,1,0,2013-09-16,61,10,M,1,7,0,0,1,1,1,0,2,8,0,0,0,0,0,0,3,11,0
Febrero,8418,1958,D,2n Cycle,Single,38741.0,1,1,2014-03-30,60,7,M,10,17,8,6,13,2,2,0,3,7,0,0,0,0,0,0,3,11,0
Febrero,1362,1972,D,Graduation,Single,31907.0,0,0,2013-03-04,75,33,M,87,64,175,16,74,1,6,1,6,7,0,0,0,0,0,0,3,11,0
Febrero,7152,1983,D,Master,Married,27100.0,1,0,2013-04-05,64,12,M,0,13,2,0,10,1,1,0,3,7,0,0,0,0,0,0,3,11,0
Febrero,10033,1973,D,2n Cycle,Divorced,31163.0,1,0,2014-02-13,54,2,M,3,10,11,2,10,1,1,0,3,6,0,0,0,0,0,0,3,11,0
Febrero,9349,1985,D,Graduation,Married,92533.0,0,0,2013-12-19,84,693,M,21,118,110,147,42,1,6,5,11,2,0,0,1,1,0,0,3,11,0
Febrero,274,1973,D,Graduation,Single,34853.0,1,1,2013-12-23,75,9,M,3,15,2,3,2,2,2,0,3,6,0,0,0,0,0,0,3,11,0
Febrero,3388,1967,D,Graduation,Divorced,70844.0,1,1,2013-10-30,16,129,M,26,67,3,67,2,5,6,1,5,7,0,0,0,0,0,0,3,11,0
Febrero,922,1979,D,2n Cycle,Married,31086.0,1,1,2013-05-04,79,16,M,2,11,3,0,16,2,1,1,2,8,1,0,0,0,0,0,3,11,0
Febrero,8588,1961,D,Graduation,Married,60544.0,1,1,2012-08-25,92,201,M,2,43,3,5,35,4,5,1,5,6,0,0,0,0,0,0,3,11,0
Febrero,2518,1986,D,2n Cycle,Together,20491.0,0,0,2013-01-25,16,5,M,4,5,4,2,10,1,0,1,2,7,0,0,0,0,0,0,3,11,0
Febrero,574,1964,D,Graduation,Married,42523.0,0,0,2014-04-23,96,14,M,36,11,3,26,35,1,1,1,4,2,0,0,0,0,0,0,3,11,0
Febrero,3220,1983,D,Graduation,Married,39922.0,1,0,2013-02-14,30,29,M,12,59,19,1,36,2,3,0,4,8,0,0,0,0,0,0,3,11,0
Febrero,5967,1952,D,Graduation,Together,33402.0,1,1,2013-07-18,60,26,M,2,19,10,5,8,3,2,1,3,8,0,0,0,0,0,0,3,11,0
Febrero,1183,1949,D,Master,Married,36408.0,1,1,2013-09-21,11,9,M,1,4,3,2,3,1,1,0,2,6,0,0,0,0,0,0,3,11,0
Febrero,6856,1979,D,Graduation,Together,21645.0,1,0,2012-09-03,75,14,M,0,23,4,5,19,3,3,0,3,9,0,0,0,0,0,0,3,11,1
Febrero,4530,1948,D,Master,Widow,78427.0,0,0,2012-10-24,36,972,M,19,595,180,26,138,3,3,7,10,3,0,0,0,1,0,0,3,11,1
Febrero,1553,1946,D,Graduation,Together,82657.0,0,0,2013-09-27,71,966,M,168,672,246,105,126,1,7,5,10,4,0,1,0,1,0,0,3,11,0
Febrero,4682,1958,D,Graduation,Married,51876.0,0,0,2013-10-15,88,99,M,27,102,28,48,6,1,2,2,8,1,0,0,0,0,0,0,3,11,0
Febrero,8204,1971,D,2n Cycle,Married,78041.0,0,0,2012-12-16,93,482,M,35,553,72,160,17,1,4,4,9,2,0,0,0,0,0,0,3,11,0
Febrero,5221,1957,D,Graduation,Married,52852.0,0,1,2012-12-01,93,714,M,8,99,11,0,47,4,10,7,5,8,1,0,0,0,0,0,3,11,0
Febrero,1232,1982,D,PhD,Together,70038.0,0,0,2013-10-25,54,587,M,54,348,71,54,130,1,4,4,8,2,0,0,0,0,0,0,3,11,0
Febrero,1927,1973,D,2n Cycle,Together,69401.0,0,1,2014-03-23,41,399,M,27,159,58,8,39,4,4,4,5,2,0,0,0,0,0,0,3,11,0
Febrero,5788,1972,D,Graduation,Together,46053.0,1,0,2013-02-17,46,56,M,10,92,19,7,25,3,3,2,4,5,0,0,0,0,0,0,3,11,0
Febrero,6652,1965,D,Graduation,Married,77343.0,0,0,2014-06-09,28,227,M,151,573,98,54,31,1,3,4,9,1,0,0,0,0,0,0,3,11,0
Febrero,6246,1953,D,Graduation,Single,73892.0,0,0,2013-11-13,40,703,M,102,601,0,58,43,1,3,11,8,1,0,0,0,0,0,0,3,11,1
Febrero,5975,1967,D,PhD,Single,40304.0,1,0,2013-09-30,82,37,M,0,17,0,0,3,1,2,0,3,7,0,0,0,0,0,0,3,11,0
Febrero,6875,1965,D,PhD,Together,32727.0,0,0,2012-08-28,38,167,M,13,180,86,13,70,2,7,3,5,8,0,0,0,0,0,0,3,11,0
Febrero,4399,1969,D,Graduation,Together,68695.0,0,0,2014-06-25,3,458,M,81,356,106,50,40,1,4,4,7,2,0,0,0,0,0,0,3,11,0
Febrero,4042,1971,D,Graduation,Divorced,43300.0,0,1,2012-10-13,87,91,M,3,52,2,1,31,3,4,0,4,8,0,0,0,0,0,0,3,11,1
Febrero,2157,1972,D,Graduation,Together,26290.0,1,1,2013-01-12,49,15,M,8,16,11,5,22,4,2,0,4,6,0,0,0,0,0,0,3,11,0
Febrero,10133,1970,D,Graduation,Single,93790.0,0,0,2014-02-12,16,1302,M,68,731,89,114,45,0,6,7,12,2,0,1,1,1,0,0,3,11,1
Febrero,2525,1974,D,PhD,Married,38410.0,0,0,2012-09-14,65,153,M,64,123,116,64,14,2,5,2,9,6,0,0,0,0,0,0,3,11,1
Febrero,8233,1950,D,Master,Widow,64866.0,0,1,2014-01-26,9,508,M,5,21,7,5,10,4,7,3,7,5,0,1,0,0,0,0,3,11,0
Febrero,9483,1959,D,Graduation,Together,57957.0,0,1,2013-08-19,24,290,M,59,177,77,5,29,7,4,6,8,3,0,0,0,0,0,1,3,11,0
Febrero,2945,1955,D,PhD,Together,46015.0,1,1,2014-04-13,25,38,M,0,2,0,0,6,1,1,0,3,7,1,0,0,0,1,0,3,11,0
Febrero,10403,1978,D,Graduation,Together,16531.0,1,0,2014-06-18,43,2,M,13,6,7,5,11,3,3,0,3,7,0,0,0,0,0,0,3,11,0
Febrero,5074,1986,D,Master,Married,28072.0,1,0,2013-07-08,10,30,M,0,10,2,0,5,1,1,0,3,7,0,0,0,0,0,0,3,11,0
Febrero,10524,1963,D,Master,Divorced,49476.0,0,1,2013-06-20,29,386,M,23,95,54,41,196,4,2,11,5,2,0,0,0,0,0,0,3,11,0
Febrero,4690,1953,D,Graduation,Married,50725.0,0,1,2013-02-13,45,443,M,10,75,0,10,48,4,8,1,8,8,0,0,0,0,0,0,3,11,0
Febrero,7521,1952,D,Graduation,Together,83844.0,0,0,2013-05-12,57,901,M,31,345,75,31,191,1,4,4,11,1,0,0,1,0,0,0,3,11,0
Febrero,7196,1950,D,PhD,Married,41145.0,1,1,2014-02-08,20,9,M,0,3,0,0,1,1,0,0,3,3,0,0,0,0,0,0,3,11,0
Febrero,4406,1970,D,Graduation,Together,67419.0,0,1,2013-01-16,29,846,M,84,352,91,56,42,4,9,4,8,5,0,0,0,0,0,0,3,11,0
Febrero,9672,1970,D,2n Cycle,Married,23162.0,1,1,2013-12-21,82,8,M,3,9,19,4,22,3,1,1,3,6,0,0,0,0,0,0,3,11,0
Febrero,4864,1977,D,Graduation,Married,34380.0,1,0,2013-05-02,68,72,M,7,58,13,1,24,4,4,1,3,8,0,0,0,0,0,0,3,11,0
Febrero,4706,1966,D,Graduation,Single,34704.0,0,1,2013-04-27,65,29,M,0,5,0,1,5,1,1,0,3,5,0,0,0,0,0,0,3,11,0
Febrero,4070,1969,D,PhD,Married,94871.0,0,2,2012-09-01,99,169,M,24,553,188,0,144,1,8,5,4,7,0,1,1,0,0,0,3,11,1
Febrero,25,1958,D,Graduation,Married,65148.0,0,1,2012-11-16,9,460,M,35,422,33,12,153,2,6,6,7,4,0,0,0,0,0,0,3,11,0
Febrero,3697,1954,D,Graduation,Together,39898.0,0,1,2013-02-12,20,69,M,8,26,12,7,12,2,3,0,4,7,0,0,0,0,0,0,3,11,0
Febrero,217,1956,D,Master,Single,64857.0,0,0,2012-11-23,78,556,M,14,717,210,0,43,1,7,5,10,4,0,0,0,0,0,0,3,11,0
Febrero,4220,1970,D,PhD,Married,59892.0,0,1,2013-11-02,26,73,M,0,13,0,1,0,1,2,1,3,3,0,0,0,0,0,0,3,11,0
Febrero,5286,1987,D,Master,Single,41020.0,0,0,2013-10-28,68,112,M,1,54,7,7,36,1,3,2,4,3,0,0,0,0,0,0,3,11,0
Febrero,9559,1961,D,PhD,Married,57072.0,0,1,2014-01-24,79,944,M,0,60,0,0,30,2,7,5,13,5,1,0,0,0,0,0,3,11,0
Febrero,2849,1979,D,Graduation,Single,60474.0,0,1,2013-04-01,25,265,M,199,303,234,9,170,7,10,2,12,7,0,0,0,0,0,0,3,11,0
Febrero,7787,1960,D,Graduation,Together,62807.0,0,1,2012-08-31,83,526,M,28,135,10,21,99,3,5,3,12,5,0,0,0,0,0,0,3,11,0
Febrero,3102,1981,D,2n Cycle,Together,19414.0,1,0,2013-10-16,32,2,M,3,12,3,5,7,1,1,0,3,8,0,0,0,0,0,0,3,11,0
Febrero,5868,1980,D,Graduation,Married,19107.0,1,0,2013-08-22,49,2,M,4,9,10,5,16,2,1,0,3,7,0,0,0,0,0,0,3,11,0
Febrero,8370,1976,D,2n Cycle,Together,75484.0,0,1,2012-08-02,50,378,M,97,259,197,194,34,2,7,3,6,4,0,0,0,0,0,0,3,11,0
Febrero,9988,1976,D,Master,Single,70379.0,0,1,2013-03-03,84,553,M,25,142,65,67,8,3,6,3,13,4,0,0,0,0,0,0,3,11,0
Febrero,2939,1970,D,Master,Together,79419.0,0,0,2014-06-22,96,751,M,127,687,20,15,31,1,4,6,4,2,0,0,0,0,0,0,3,11,0
Febrero,5529,1946,D,PhD,Together,64014.0,2,1,2014-06-10,56,406,M,0,30,0,0,8,7,8,2,5,7,0,0,0,1,0,0,3,11,0
Febrero,9743,1955,D,Graduation,Married,76998.0,0,1,2013-01-11,85,1449,M,89,161,69,35,107,2,11,8,8,6,0,0,1,0,0,0,3,11,0
Febrero,5763,1972,D,Master,Together,49854.0,1,0,2013-11-10,63,123,M,17,171,39,0,30,5,6,2,5,6,0,0,0,0,0,0,3,11,0
Febrero,3478,1971,D,PhD,Married,60585.0,1,1,2013-06-24,17,267,M,42,309,55,42,21,10,7,4,9,5,0,0,0,0,0,0,3,11,1
Febrero,7494,1950,D,PhD,Divorced,42873.0,1,1,2013-01-21,11,209,M,0,40,3,2,15,4,6,1,4,8,0,0,0,0,0,0,3,11,0
Febrero,1763,1988,D,Graduation,Together,87679.0,0,0,2013-07-27,62,1259,M,172,815,97,148,33,1,7,11,10,4,1,0,1,1,0,0,3,11,1
Febrero,7250,1978,D,Graduation,Together,57867.0,1,0,2013-10-01,48,344,M,35,178,15,23,17,7,7,2,9,6,0,0,0,0,0,0,3,11,0
Febrero,2005,1990,D,Graduation,Married,35765.0,1,0,2013-12-11,86,22,M,3,30,0,5,15,2,2,0,4,6,0,0,0,0,0,0,3,11,0
Febrero,10770,1959,D,Graduation,Married,65492.0,0,0,2014-01-26,73,247,M,161,295,210,85,47,2,4,7,13,2,0,0,0,0,0,0,3,11,0
Febrero,6885,1977,D,Graduation,Divorced,32952.0,1,0,2013-12-01,36,38,M,0,12,3,1,1,1,2,0,3,7,0,0,0,0,0,0,3,11,0
Febrero,2072,1969,D,PhD,Together,53374.0,0,1,2012-08-16,34,896,M,10,101,13,10,34,6,4,2,9,9,1,0,0,0,0,0,3,11,1
Febrero,9463,1959,D,Graduation,Together,71706.0,0,1,2012-11-13,16,931,M,56,253,91,98,14,4,9,5,7,5,0,0,0,0,0,0,3,11,0
Febrero,6318,1988,D,Graduation,Married,68487.0,0,0,2013-01-13,48,758,M,12,385,33,89,89,1,9,7,13,4,0,0,0,0,0,0,3,11,0
Febrero,4093,1975,D,Master,Together,53253.0,1,1,2013-02-11,61,216,M,9,57,20,9,125,7,4,3,5,5,0,0,0,0,0,0,3,11,0
Febrero,5751,1973,D,2n Cycle,Divorced,31163.0,1,0,2014-02-13,54,2,M,3,10,11,2,10,1,1,0,3,6,0,0,0,0,0,0,3,11,0
Febrero,3340,1977,D,Graduation,Married,42014.0,1,0,2012-08-17,56,244,M,15,108,4,15,50,6,7,1,6,8,0,0,0,0,0,0,3,11,1
Febrero,3594,1973,D,Master,Married,54108.0,1,1,2012-11-05,74,539,M,6,91,8,6,97,13,8,2,9,8,0,0,0,0,0,0,3,11,0
Febrero,3584,1955,D,PhD,Single,49667.0,0,0,2012-08-20,35,1181,M,26,120,17,13,39,2,5,10,5,8,1,0,0,0,0,0,3,11,1
Febrero,3643,1974,D,Master,Married,63206.0,0,0,2014-03-20,65,750,M,8,125,11,8,26,1,4,3,6,2,0,0,1,0,0,0,3,11,0
Febrero,851,1972,D,Master,Married,57136.0,1,1,2013-07-09,48,306,M,5,109,21,109,92,9,5,2,10,6,0,0,0,0,0,0,3,11,0
Febrero,7706,1975,D,2n Cycle,Together,46772.0,0,1,2012-11-07,88,350,M,104,189,197,151,57,6,11,8,5,8,1,0,0,0,0,0,3,11,0
Febrero,3967,1971,D,PhD,Married,78931.0,0,0,2013-10-25,19,331,M,197,170,58,152,35,1,2,8,13,1,0,0,0,0,0,0,3,11,0
Febrero,10128,1958,D,Graduation,Together,53977.0,0,1,2013-06-08,21,620,M,16,165,0,24,82,5,5,5,12,5,0,0,0,0,0,0,3,11,0
Febrero,486,1988,D,Graduation,Married,84219.0,0,0,2014-02-02,27,434,M,137,400,45,137,45,1,3,4,10,1,0,0,0,0,0,0,3,11,0
Febrero,9,1975,D,Master,Single,46098.0,1,1,2012-08-18,86,57,M,0,27,0,0,36,4,3,2,2,8,0,0,0,0,0,0,3,11,0
Febrero,9451,1965,D,Graduation,Married,73538.0,0,1,2012-11-25,92,811,M,76,428,99,137,107,3,10,4,9,7,0,0,0,0,0,0,3,11,0
Febrero,9264,1986,D,Graduation,Married,79529.0,0,0,2014-04-27,1,423,M,42,706,73,197,197,1,4,8,9,2,0,0,0,0,0,0,3,11,0
Febrero,3865,1977,D,2n Cycle,Together,20981.0,0,0,2013-04-30,14,2,M,12,10,6,13,30,1,3,1,2,8,0,0,0,0,0,0,3,11,1
Febrero,2853,1980,D,Graduation,Single,51766.0,1,0,2014-03-11,74,60,M,51,87,6,20,51,2,4,2,4,5,0,0,0,0,0,0,3,11,0
Febrero,1490,1962,D,Graduation,Married,55759.0,0,1,2012-11-28,84,675,M,0,85,10,7,77,5,10,3,8,8,0,0,0,0,0,0,3,11,0
Febrero,6310,1978,D,Graduation,Married,33039.0,1,0,2013-09-09,4,30,M,8,12,8,8,12,1,2,0,4,5,0,0,0,0,0,0,3,11,0
Febrero,10380,1972,D,Master,Married,37787.0,1,0,2013-09-20,50,40,M,1,40,4,3,18,1,3,0,3,8,0,0,0,0,0,0,3,11,0
Febrero,3887,1970,D,Graduation,Single,27242.0,1,0,2012-11-11,2,3,M,17,26,20,1,39,2,2,0,3,9,0,0,0,0,0,0,3,11,1
Febrero,4278,1983,D,PhD,Single,87188.0,0,0,2013-06-03,73,910,M,111,724,49,74,55,1,10,2,6,3,0,0,0,0,0,0,3,11,1
Febrero,8643,1971,D,Graduation,Together,69930.0,0,0,2013-05-26,21,252,M,98,827,219,70,196,1,4,5,12,3,0,0,0,0,0,0,3,11,0
Febrero,1998,1976,D,Graduation,Single,37697.0,1,0,2014-02-07,82,34,M,6,21,11,4,8,1,2,1,3,6,0,0,0,0,0,0,3,11,0
Febrero,10795,1973,D,PhD,Married,37401.0,1,0,2014-05-06,14,19,M,3,19,3,1,3,2,2,0,3,7,0,0,0,0,0,0,3,11,0
Febrero,11110,1973,D,Graduation,Single,3502.0,1,0,2013-04-13,56,2,M,1,1,0,0,1,0,0,0,0,14,0,0,0,0,0,0,3,11,0
Febrero,2408,1976,D,Graduation,Married,58597.0,1,1,2012-11-20,20,490,M,0,184,10,28,21,12,7,4,9,7,0,0,0,0,0,0,3,11,0
Febrero,202,1948,D,PhD,Widow,82032.0,0,0,2014-04-05,54,332,M,194,377,149,125,57,0,4,6,7,1,0,0,0,0,0,0,3,11,0
Febrero,7998,1958,D,Graduation,Together,28087.0,1,1,2012-12-11,77,53,M,8,17,13,0,21,3,2,2,2,7,0,0,0,0,0,0,3,11,0
Febrero,830,1987,D,PhD,Single,74004.0,0,0,2014-02-24,5,784,M,48,560,42,176,48,1,4,6,4,3,0,0,1,1,0,0,3,11,1
Febrero,3536,1960,D,Graduation,Together,19740.0,0,1,2013-03-24,65,7,M,11,3,10,4,20,2,1,1,3,5,0,0,0,0,0,0,3,11,0
Febrero,6050,1975,D,2n Cycle,Married,57036.0,0,1,2012-12-11,33,1171,M,43,219,19,14,47,4,6,3,13,9,1,0,0,0,0,0,3,11,0
Febrero,125,1958,D,2n Cycle,Together,53083.0,1,1,2013-05-15,65,215,M,7,33,3,0,13,6,5,1,5,7,0,1,0,0,0,0,3,11,0
Febrero,3463,1975,D,PhD,Married,69283.0,0,1,2014-06-14,41,674,M,62,134,0,26,8,4,7,3,13,5,0,0,0,0,0,0,3,11,0
Febrero,2804,1975,D,Master,Single,46098.0,1,1,2012-08-18,86,57,M,0,27,0,0,36,4,3,2,2,8,0,0,0,0,0,0,3,11,1
Febrero,3745,1988,D,2n Cycle,Married,23331.0,1,0,2012-09-04,92,5,M,36,7,0,10,45,2,3,0,3,8,0,0,0,0,0,0,3,11,0
Febrero,9771,1988,D,2n Cycle,Single,23331.0,1,0,2012-10-05,97,104,M,20,101,24,15,5,6,5,1,5,9,0,0,0,0,0,0,3,11,0
Febrero,451,1989,D,Graduation,Single,9255.0,1,0,2013-12-20,91,9,M,0,7,2,0,4,1,1,1,2,8,0,0,0,0,0,0,3,11,0
Febrero,10530,1959,D,PhD,Widow,67786.0,0,0,2013-12-07,0,431,M,82,441,80,20,102,1,3,6,6,1,0,0,0,0,0,0,3,11,1
Febrero,1079,1971,D,PhD,Married,71969.0,0,1,2012-10-16,59,1000,M,0,76,0,0,10,3,3,4,9,8,0,1,0,0,0,0,3,11,0
Febrero,8920,1967,D,Master,Single,59235.0,1,0,2013-01-12,4,448,M,40,469,80,0,91,3,11,2,12,7,0,0,0,0,0,0,3,11,0
Febrero,6678,1989,D,Graduation,Together,31928.0,1,0,2014-03-28,5,33,M,4,24,4,2,5,2,3,0,4,7,0,0,0,0,0,0,3,11,0
Febrero,3852,1961,D,Master,Together,74881.0,1,1,2013-03-08,48,505,M,72,270,36,27,54,4,9,2,12,5,0,0,0,0,0,0,3,11,0
Febrero,528,1978,D,Graduation,Married,65819.0,0,0,2012-11-29,99,267,M,38,701,149,165,63,1,5,4,10,3,0,0,0,0,0,0,3,11,0
Febrero,73,1953,D,PhD,Single,51411.0,1,2,2013-05-26,81,14,M,0,3,0,0,1,1,0,0,3,5,0,0,0,0,0,0,3,11,0
Febrero,5589,1964,D,Graduation,Divorced,51983.0,0,1,2012-08-31,95,631,M,0,115,10,7,30,3,9,2,10,7,0,0,0,0,0,0,3,11,0
Febrero,10212,1986,D,Master,Together,42386.0,1,0,2013-01-13,43,65,M,4,16,0,4,11,1,3,0,3,8,0,0,0,0,0,0,3,11,0
Febrero,6365,1987,D,2n Cycle,Married,30390.0,0,0,2013-09-02,5,10,M,12,12,25,1,20,1,2,0,3,6,0,0,0,0,0,0,3,11,0
Febrero,5636,1963,D,Graduation,Single,30983.0,0,0,2012-11-09,50,51,M,4,50,12,1,49,1,4,0,3,8,0,0,0,0,0,0,3,11,1
Febrero,591,1957,D,Graduation,Widow,66033.0,0,1,2013-01-20,76,293,M,35,179,46,59,65,2,8,3,7,7,0,0,0,0,0,0,3,11,0
Febrero,2217,1975,D,2n Cycle,Married,37284.0,1,1,2013-03-29,46,11,M,1,2,2,1,6,1,0,0,3,6,0,0,0,0,0,0,3,11,0
Febrero,2544,1951,D,Master,Divorced,57530.0,0,1,2013-10-12,68,50,M,1,27,6,7,1,1,1,1,4,1,0,0,0,0,0,0,3,11,0
Febrero,7725,1965,D,2n Cycle,Married,76800.0,0,0,2014-03-08,33,173,M,26,255,35,71,81,1,4,4,7,1,0,0,0,0,0,0,3,11,0
Febrero,8091,1956,D,Graduation,Married,63943.0,0,1,2012-09-02,50,423,M,184,368,13,97,21,1,6,4,6,5,0,0,0,0,0,0,3,11,0
Febrero,7321,1962,D,Graduation,Together,76081.0,0,0,2014-05-23,85,292,M,30,415,63,33,200,1,4,5,4,2,0,0,0,1,0,0,3,11,0
Febrero,5462,1974,D,Graduation,Married,67445.0,0,1,2012-08-12,63,757,M,80,217,29,80,11,5,9,6,12,6,0,0,0,0,0,0,3,11,0
Febrero,7791,1967,D,Master,Married,37054.0,1,1,2013-09-15,89,12,M,1,6,0,1,5,2,1,0,3,7,0,0,0,0,0,0,3,11,0
Febrero,955,1962,D,Master,Together,47175.0,1,1,2012-10-28,81,167,M,2,44,6,2,19,7,4,2,4,8,1,0,0,0,0,0,3,11,1
Febrero,4037,1976,D,Graduation,Divorced,31859.0,1,0,2013-06-14,77,3,M,1,3,8,0,5,1,1,0,2,7,0,0,0,0,0,0,3,11,0
Febrero,6642,1961,D,Graduation,Divorced,27215.0,2,1,2013-01-23,50,30,M,5,22,8,9,28,4,2,1,4,6,0,0,0,0,0,0,3,11,0
Febrero,2793,1976,D,PhD,Divorced,70179.0,0,1,2013-07-21,10,532,M,88,168,69,44,133,3,7,3,13,5,0,0,0,0,0,0,3,11,0
Febrero,5424,1983,D,Graduation,Married,39922.0,1,0,2013-02-14,30,29,M,12,59,19,1,36,2,3,0,4,8,0,0,0,0,0,0,3,11,0
Febrero,879,1976,D,Master,Married,49681.0,0,2,2013-11-04,66,411,M,0,26,0,0,21,6,7,1,7,7,0,0,0,0,0,0,3,11,0
Febrero,9530,1988,D,Graduation,Married,24645.0,1,0,2012-11-01,16,5,M,3,4,4,1,0,1,1,0,2,8,0,0,0,0,0,0,3,11,0
Febrero,4828,1954,D,Graduation,Divorced,79865.0,0,1,2014-06-18,12,71,M,99,278,185,121,38,1,5,10,5,1,0,0,0,0,0,0,3,11,0
Febrero,10699,1985,D,Graduation,Married,44322.0,1,0,2014-06-16,30,46,M,0,40,3,0,3,2,3,0,3,8,0,0,0,0,0,0,3,11,0
Febrero,1497,1952,D,Graduation,Single,47958.0,0,1,2013-01-19,8,268,M,11,88,15,3,22,2,6,3,5,5,0,0,0,0,0,0,3,11,0
Febrero,7476,1964,D,Master,Single,63972.0,0,1,2012-12-02,93,928,M,63,254,0,12,12,4,5,4,10,4,0,1,0,0,0,0,3,11,0
Febrero,4390,1954,D,Graduation,Together,75315.0,0,1,2014-04-15,14,459,M,15,171,142,23,31,2,5,4,12,2,0,0,0,0,0,0,3,11,0
Febrero,10478,1950,D,PhD,Married,55517.0,1,1,2012-09-27,53,483,M,0,108,0,6,36,5,11,1,6,9,0,0,0,0,0,0,3,11,1
Febrero,1081,1957,D,PhD,Married,75283.0,1,2,2013-03-27,26,733,M,9,180,12,19,66,11,6,3,5,4,0,0,0,0,0,0,3,11,0
Febrero,4261,1946,D,PhD,Single,82800.0,0,0,2012-11-24,23,1006,M,22,115,59,68,45,1,7,6,12,3,0,0,1,1,0,0,3,11,1
Febrero,9916,1954,D,Graduation,Married,38998.0,1,1,2012-11-03,92,34,M,1,14,0,0,5,3,2,0,3,8,0,0,0,0,0,1,3,11,0
Febrero,5350,1991,D,Master,Single,90638.0,0,0,2014-02-13,29,1156,M,120,915,94,144,96,1,3,4,10,1,0,0,1,0,0,0,3,11,1
Febrero,8135,1986,D,Master,Married,27161.0,1,0,2013-10-28,41,7,M,4,23,7,0,11,1,1,0,3,7,0,0,0,0,0,0,3,11,0
Febrero,8685,1977,D,Graduation,Married,42014.0,1,0,2012-08-17,56,244,M,15,108,4,15,50,6,7,1,6,8,0,0,0,0,0,0,3,11,1
Febrero,4967,1960,D,PhD,Together,38201.0,0,1,2013-03-29,19,233,M,0,23,0,0,12,4,5,1,5,8,0,0,0,0,0,0,3,11,0
Febrero,2130,1982,D,Graduation,Together,45203.0,2,0,2014-03-23,4,35,M,3,67,10,8,24,1,3,1,3,6,0,0,0,0,0,0,3,11,1
Febrero,9298,1947,D,PhD,Together,81574.0,0,0,2014-04-28,89,1252,M,0,465,46,35,0,1,4,5,8,1,0,1,1,0,0,0,3,11,0
Febrero,8175,1992,D,Graduation,Married,34935.0,0,0,2013-06-21,71,34,M,4,66,3,10,20,1,2,1,4,7,0,0,0,0,0,0,3,11,0
Febrero,6257,1976,D,Master,Single,60482.0,0,1,2013-01-23,81,255,M,43,134,37,14,24,1,7,2,7,7,0,0,0,0,0,0,3,11,0
Febrero,3790,1956,D,Graduation,Together,34633.0,2,1,2014-01-23,31,8,M,1,5,0,0,1,1,1,0,2,6,0,0,0,0,0,0,3,11,0
Febrero,9952,1947,D,Master,Together,78093.0,0,0,2013-12-11,53,368,M,32,639,13,43,10,1,4,7,5,1,0,0,0,0,0,0,3,11,0
Febrero,3503,1950,D,Graduation,Divorced,82460.0,0,0,2013-12-02,78,255,M,47,573,52,32,15,1,5,3,6,1,0,0,0,0,0,0,3,11,0
Febrero,5223,1966,D,Master,Together,45903.0,0,1,2014-04-23,80,33,M,8,10,2,10,3,2,2,1,3,4,0,0,0,0,0,0,3,11,0
Febrero,4608,1987,D,Graduation,Divorced,81361.0,0,0,2014-02-25,18,163,M,23,424,27,65,76,1,3,10,13,1,0,0,0,0,0,0,3,11,1
Febrero,1626,1973,D,PhD,Divorced,35860.0,1,1,2014-05-19,37,15,M,0,8,4,2,20,2,1,1,2,5,1,0,0,0,0,0,3,11,1
Febrero,4764,1952,D,Master,Together,40442.0,1,1,2012-08-19,52,45,M,12,52,25,22,13,4,3,1,4,7,0,0,0,0,0,0,3,11,1
Febrero,2471,1965,D,Graduation,Married,61482.0,0,0,2014-06-27,39,48,M,58,68,16,66,43,1,3,2,6,2,0,0,0,0,0,0,3,11,0
Febrero,5892,1980,D,Graduation,Married,34968.0,1,0,2013-04-10,11,158,M,6,45,8,2,2,7,3,2,5,7,0,0,0,0,0,0,3,11,0
Febrero,2612,1987,D,Graduation,Married,75794.0,0,0,2013-12-24,33,754,M,160,625,63,32,48,1,7,5,12,3,0,0,0,1,0,0,3,11,0
Febrero,4971,1962,D,PhD,Together,31497.0,0,1,2012-12-06,22,108,M,1,28,13,1,4,2,3,1,4,8,0,0,0,0,0,0,3,11,0
Febrero,5185,1955,D,Graduation,Married,74268.0,0,0,2013-02-14,83,199,M,66,315,97,174,41,1,4,3,5,2,0,0,0,0,0,0,3,11,0
Febrero,10069,1988,D,Basic,Together,13724.0,1,0,2012-08-31,43,2,M,7,5,2,15,27,1,2,0,2,9,1,0,0,0,0,0,3,11,0
Febrero,2262,1965,D,Master,Together,45143.0,0,1,2013-08-26,74,202,M,5,74,11,5,14,3,6,1,5,7,0,0,0,0,0,0,3,11,0
Febrero,1131,1967,D,PhD,Single,52569.0,0,1,2014-04-05,54,85,M,0,3,0,0,7,1,2,0,4,3,0,0,0,0,0,0,3,11,0
Febrero,1041,1973,D,PhD,Single,48432.0,0,1,2012-10-18,3,322,M,3,50,4,3,42,5,7,1,6,8,0,0,0,0,0,0,3,11,1
Febrero,24,1960,D,Master,Together,17144.0,1,1,2014-02-15,96,18,M,2,19,0,2,6,5,3,0,4,7,0,0,0,0,0,0,3,11,0
Febrero,3409,1984,D,Graduation,Single,36108.0,1,0,2013-10-15,68,141,M,8,129,3,11,47,3,7,1,4,9,1,0,0,0,0,0,3,11,0
Febrero,7022,1971,D,Graduation,Married,76445.0,1,0,2012-09-28,2,739,M,107,309,140,80,35,1,2,5,13,6,0,0,0,0,0,0,3,11,0
Febrero,7943,1975,D,PhD,Married,36663.0,1,0,2014-04-25,40,18,M,0,6,3,3,5,1,1,1,3,2,0,0,0,0,0,0,3,11,0
Febrero,5272,1965,D,Master,Married,53843.0,0,1,2013-06-27,64,378,M,0,88,19,4,73,4,8,5,3,7,0,0,0,0,0,0,3,11,0
Febrero,5453,1956,D,Master,Married,90226.0,0,0,2012-09-26,26,1083,M,108,649,253,151,108,1,4,7,12,2,0,0,0,1,0,0,3,11,0
Febrero,2565,1955,D,Master,Divorced,70638.0,0,0,2013-06-01,69,1016,M,12,215,16,12,63,1,4,5,10,3,0,1,0,0,0,0,3,11,0
Febrero,800,1960,D,Graduation,Together,44512.0,1,1,2013-08-30,57,23,M,1,6,0,0,2,2,1,0,3,4,0,0,0,0,0,0,3,11,0
Febrero,11092,1961,D,Graduation,Married,27116.0,1,1,2014-03-02,78,12,M,1,21,2,2,3,2,2,0,3,7,0,0,0,0,0,0,3,11,0
Febrero,5062,1963,D,PhD,Married,54072.0,1,1,2013-07-27,71,35,M,0,4,0,0,0,1,2,0,2,8,0,0,0,0,0,0,3,11,0
Febrero,8969,1977,D,Graduation,Married,71855.0,0,1,2013-01-16,59,548,M,31,422,0,112,28,4,5,5,11,3,0,0,0,0,0,0,3,11,0
Febrero,4656,1990,D,2n Cycle,Single,51250.0,1,0,2013-03-30,28,342,M,32,230,34,32,40,5,10,5,4,9,1,0,0,0,0,0,3,11,0
Febrero,4480,1973,D,Master,Married,60432.0,0,1,2014-03-09,61,365,M,3,15,4,3,11,5,7,2,5,6,0,0,0,0,0,0,3,11,0
Febrero,9971,1964,D,PhD,Married,65526.0,0,1,2014-04-11,22,397,M,19,69,12,0,9,1,4,4,8,2,0,0,0,0,0,0,3,11,0
Febrero,6729,1988,D,Graduation,Single,68655.0,0,0,2012-08-10,95,456,M,19,832,75,118,38,1,4,5,11,3,0,0,0,0,0,0,3,11,0
Febrero,1773,1978,D,2n Cycle,Married,12393.0,0,0,2012-12-04,38,5,M,6,15,11,7,13,1,2,0,3,9,0,0,0,0,0,0,3,11,0
Febrero,9242,1990,D,Graduation,Single,64509.0,0,0,2013-08-17,19,836,M,185,575,24,25,77,1,6,3,9,4,1,0,0,0,0,0,3,11,1
Febrero,1764,1975,D,Graduation,Single,33955.0,1,0,2013-08-09,92,100,M,2,128,23,7,10,4,5,1,5,8,0,0,0,0,0,0,3,11,0
Febrero,6215,1977,D,Graduation,Married,31353.0,1,1,2013-12-29,24,10,M,0,10,3,1,7,2,1,1,2,8,0,0,0,0,0,0,3,11,1
Febrero,10099,1984,D,Graduation,Married,55434.0,1,0,2013-10-05,21,238,M,115,215,169,69,76,3,5,3,13,4,0,0,0,0,0,0,3,11,0
Febrero,5423,1983,D,Graduation,Together,28359.0,1,0,2013-10-27,35,6,M,0,5,2,1,2,1,1,0,2,7,0,0,0,0,0,0,3,11,0
Febrero,940,1987,D,Graduation,Single,57100.0,1,0,2014-05-18,9,158,M,11,99,15,11,17,2,3,2,7,3,0,0,0,0,0,0,3,11,0
Febrero,3011,1965,D,Graduation,Married,69139.0,0,1,2014-01-27,23,86,M,12,75,33,15,6,1,4,1,5,4,0,0,0,0,0,0,3,11,0
Febrero,3298,1956,D,Master,Married,52973.0,0,1,2012-11-08,92,856,M,0,76,12,9,199,7,9,6,9,8,0,0,0,0,0,0,3,11,0
Febrero,8286,1965,D,PhD,Together,51717.0,0,1,2013-08-20,55,98,M,1,17,0,1,5,1,3,0,4,7,0,1,0,0,0,0,3,11,0
Febrero,9668,1971,D,Graduation,Married,18793.0,1,0,2013-01-12,14,4,M,16,20,0,17,20,3,2,0,4,8,0,0,0,0,0,0,3,11,0
Febrero,5120,1982,D,2n Cycle,Together,66664.0,0,0,2012-09-25,78,398,M,96,447,220,96,32,1,5,7,6,3,0,0,0,0,0,0,3,11,0
Febrero,6097,1959,D,Graduation,Single,50664.0,1,1,2013-01-16,64,313,M,8,104,6,4,126,9,8,1,6,9,0,0,0,0,0,0,3,11,0
Febrero,7019,1963,D,Graduation,Together,54414.0,1,1,2013-01-23,49,109,M,18,16,24,26,18,4,3,1,5,4,0,0,0,0,0,0,3,11,0
Febrero,7408,1952,D,PhD,Married,54549.0,0,1,2014-03-03,8,216,M,2,6,0,0,9,2,5,1,4,7,0,0,0,0,0,0,3,11,0
Febrero,8041,1971,D,PhD,Widow,47111.0,0,1,2012-09-08,35,595,M,71,153,120,112,41,6,3,2,10,9,0,0,0,0,0,0,3,11,0
Febrero,252,1963,D,PhD,Divorced,41003.0,0,0,2013-03-17,11,123,M,133,142,71,44,88,1,6,2,8,6,0,0,0,0,0,0,3,11,0
Febrero,9986,1982,D,Graduation,Together,19444.0,1,0,2014-02-22,8,16,M,0,23,3,2,10,3,4,1,2,7,0,0,0,0,0,0,3,11,1
Febrero,3276,1976,D,2n Cycle,Together,36301.0,1,0,2013-10-25,53,11,M,12,35,3,5,12,1,3,0,3,7,0,0,0,0,0,0,3,11,0
Febrero,3859,1947,D,PhD,Together,73059.0,0,1,2013-08-31,36,410,M,112,420,0,82,71,1,9,3,13,4,0,0,0,0,0,0,3,11,0
Febrero,3570,1969,D,PhD,Together,42731.0,1,0,2013-10-21,64,159,M,2,51,6,2,24,3,4,1,5,5,0,0,0,0,0,0,3,11,0
Febrero,3783,1959,D,PhD,Married,52854.0,1,1,2014-03-24,43,105,M,0,10,0,1,0,2,2,1,4,5,0,0,0,0,0,0,3,11,0
Febrero,10207,1978,D,Graduation,Together,22775.0,1,0,2013-06-19,40,5,M,1,8,0,0,1,1,1,0,2,8,0,0,0,0,0,0,3,11,0
Febrero,10906,1948,D,PhD,Together,46681.0,0,2,2013-10-08,52,269,M,15,69,15,19,38,2,4,6,4,5,0,0,0,0,0,0,3,11,0
Febrero,3427,1955,D,PhD,Married,59821.0,0,1,2013-04-12,11,629,M,0,70,0,0,35,6,11,2,7,8,0,0,0,0,0,0,3,11,0
Febrero,5209,1954,D,Graduation,Divorced,50002.0,0,1,2013-06-17,21,443,M,5,71,21,16,82,2,8,2,7,7,0,0,0,0,0,0,3,11,0
Febrero,10711,1945,D,Graduation,Married,69755.0,0,0,2013-10-02,23,217,M,77,373,111,23,93,1,3,6,12,1,0,0,0,0,0,0,3,11,0
Febrero,10785,1969,D,Graduation,Married,44078.0,1,1,2014-06-19,17,24,M,1,10,2,0,4,2,2,0,3,5,0,0,0,0,0,0,3,11,0
Febrero,2814,1976,D,Master,Together,30560.0,1,0,2013-06-27,6,9,M,1,5,4,5,7,1,1,0,3,7,0,0,0,0,0,0,3,11,0
Febrero,6866,1969,D,Master,Together,35924.0,1,1,2014-03-23,56,8,M,0,14,2,3,7,1,1,0,3,5,0,0,0,0,0,0,3,11,0
Febrero,1665,1964,D,PhD,Divorced,64140.0,0,2,2013-09-23,71,1459,M,0,61,0,15,215,5,2,5,6,5,1,0,1,0,1,0,3,11,1
Febrero,6575,1981,D,Graduation,Together,56386.0,1,1,2012-10-27,51,230,M,48,214,13,32,75,8,9,1,7,9,0,0,0,0,0,0,3,11,0
Febrero,3829,1979,D,Basic,Together,24594.0,1,0,2013-12-10,94,1,M,3,6,10,0,9,1,1,0,3,5,0,0,0,0,0,0,3,11,0
Febrero,3091,1981,D,2n Cycle,Together,75774.0,1,0,2014-05-02,27,340,M,21,134,258,14,56,1,7,5,8,4,0,0,0,0,0,0,3,11,0
Febrero,10141,1960,D,Master,Divorced,39228.0,0,0,2013-05-10,1,7,M,1,6,0,3,3,1,0,0,3,4,0,0,0,0,0,0,3,11,0
Febrero,5177,1974,D,Master,Married,58494.0,0,1,2013-12-12,56,298,M,7,68,4,0,19,2,6,2,6,6,0,0,0,0,0,0,3,11,0
Febrero,7005,1981,D,Graduation,Single,58684.0,0,0,2014-06-16,71,479,M,35,179,28,7,85,1,5,3,12,2,0,1,0,0,0,0,3,11,0
Febrero,6409,1967,D,Graduation,Divorced,57136.0,0,0,2013-05-18,18,267,M,140,599,34,12,127,1,7,5,7,6,0,0,0,0,0,0,3,11,1
Febrero,7485,1950,D,PhD,Widow,56551.0,1,1,2014-05-07,48,67,M,4,32,17,2,16,3,2,1,4,4,0,0,0,0,0,0,3,11,0
Febrero,8079,1982,D,Graduation,Married,22448.0,1,0,2014-02-26,86,3,M,1,8,23,2,18,3,2,1,3,3,0,0,0,0,0,0,3,11,0
Febrero,8395,1961,D,Graduation,Single,82014.0,0,0,2012-08-20,48,980,M,37,265,35,163,31,1,3,6,12,6,0,0,0,0,0,0,3,11,1
Febrero,10352,1963,D,Graduation,Widow,34213.0,1,1,2012-09-07,2,50,M,4,28,6,3,26,3,3,1,2,9,0,0,0,0,0,0,3,11,1
Febrero,4931,1977,D,Graduation,Together,157146.0,0,0,2013-04-29,13,1,M,0,1725,2,1,1,0,0,28,0,1,0,0,0,0,0,0,3,11,0
Febrero,13,1947,D,PhD,Widow,25358.0,0,1,2013-07-22,57,19,M,0,5,0,0,8,2,1,0,3,6,0,0,0,0,0,0,3,11,0
Febrero,1834,1978,D,Master,Single,35544.0,1,0,2014-03-08,77,30,M,5,23,4,1,4,1,2,0,3,7,0,0,0,0,0,0,3,11,0
Febrero,2285,1954,D,Master,Together,36634.0,0,1,2013-05-28,0,213,M,9,76,4,3,30,3,5,2,5,7,0,0,0,0,0,0,3,11,0
Febrero,2295,1954,D,PhD,Married,62670.0,0,1,2014-02-02,57,539,M,30,92,80,46,38,1,5,3,13,3,0,0,0,0,0,0,3,11,0
Febrero,1378,1972,D,2n Cycle,Together,50334.0,0,1,2013-07-24,24,284,M,16,160,84,16,134,6,7,4,6,6,0,0,0,0,0,0,3,11,0
Febrero,2781,1981,D,Graduation,Single,72066.0,0,0,2014-06-23,55,1003,M,34,536,134,51,34,1,4,6,6,2,0,0,1,1,0,0,3,11,1
Febrero,1165,1958,D,PhD,Single,50729.0,1,1,2013-05-02,62,239,M,13,143,45,4,52,9,6,2,7,6,0,0,0,0,0,0,3,11,0
Febrero,1404,1968,D,Graduation,Together,34916.0,2,0,2013-05-15,89,51,M,23,82,33,0,42,4,5,1,3,9,0,0,0,0,0,0,3,11,0
Febrero,6457,1976,D,Graduation,Divorced,64892.0,0,1,2014-05-29,77,527,M,24,230,32,24,65,2,6,4,12,4,0,0,0,0,0,0,3,11,0
Febrero,2639,1966,D,Graduation,Single,43602.0,1,1,2014-01-10,45,19,M,5,12,10,3,19,3,3,1,2,6,0,0,0,0,0,0,3,11,0
Febrero,8299,1989,D,PhD,Single,33996.0,0,0,2013-09-11,46,40,M,2,15,8,0,6,1,1,1,3,4,0,0,0,0,0,0,3,11,0
Febrero,6437,1985,D,2n Cycle,Single,41473.0,1,0,2013-06-19,80,21,M,8,20,15,3,9,1,2,0,3,7,0,0,0,0,0,0,3,11,0
Febrero,6912,1967,D,PhD,Married,63246.0,0,2,2013-08-20,60,593,M,30,91,29,22,7,1,6,3,12,4,0,0,0,0,0,0,3,11,0
Febrero,7327,1959,D,PhD,Married,36732.0,1,1,2013-12-29,71,21,M,5,3,10,1,7,3,1,1,4,2,0,0,0,0,0,0,3,11,0
Febrero,5299,1970,D,PhD,Married,69084.0,1,0,2013-11-19,43,1181,M,107,199,39,30,30,2,7,3,13,8,0,0,0,0,0,0,3,11,0
Febrero,4127,1967,D,PhD,Married,77766.0,0,1,2013-02-22,97,1004,M,59,265,115,59,27,2,11,10,11,6,1,0,0,0,0,0,3,11,1
Febrero,8143,1985,D,PhD,Single,37929.0,0,0,2013-07-30,49,202,M,2,46,3,2,10,2,4,2,5,7,0,1,0,1,0,0,3,11,1
Febrero,1964,1951,D,Graduation,Together,86610.0,0,0,2013-09-05,66,446,M,107,768,33,196,53,1,5,6,6,2,0,0,0,0,0,0,3,11,0
Febrero,3690,1986,D,Master,Married,80141.0,0,0,2013-01-11,20,1184,M,102,673,52,40,40,1,7,4,10,6,0,0,1,0,0,0,3,11,1
Febrero,3433,1955,D,2n Cycle,Married,72635.0,0,0,2013-06-03,54,390,M,22,323,104,35,107,1,6,8,6,3,0,0,0,1,0,0,3,11,0
Febrero,3389,1970,D,Graduation,Married,69016.0,0,1,2012-11-22,61,726,M,53,363,123,107,161,4,8,9,13,5,0,0,0,0,0,0,3,11,0
Febrero,4712,1991,D,2n Cycle,Together,20193.0,0,0,2012-11-28,18,8,M,8,22,24,11,9,1,1,1,4,4,0,0,0,0,0,0,3,11,0
Febrero,1170,1975,D,Graduation,Married,27573.0,1,0,2013-03-25,45,50,M,15,110,39,15,15,4,5,1,4,8,0,0,0,0,0,0,3,11,0
Febrero,6347,1979,D,Basic,Single,15862.0,1,0,2013-06-27,26,1,M,1,4,11,9,10,1,1,0,3,8,0,0,0,0,0,0,3,11,0
Febrero,4065,1976,D,PhD,Married,49544.0,1,0,2013-02-12,0,308,M,0,73,0,0,23,2,5,1,8,7,0,0,0,0,0,0,3,11,0
Febrero,8230,1980,D,Graduation,Married,33228.0,1,0,2014-01-23,28,22,M,2,31,7,4,5,1,2,0,3,7,0,0,0,0,0,0,3,11,0
Febrero,1215,1978,D,Graduation,Together,70440.0,0,0,2013-10-08,49,690,M,117,499,76,102,88,1,5,10,7,3,0,0,0,1,0,0,3,11,0
Febrero,5939,1971,D,Graduation,Together,38232.0,1,1,2014-01-17,84,43,M,5,28,7,6,33,4,3,1,3,5,0,0,0,0,0,0,3,11,0
Febrero,2156,1955,D,PhD,Married,22554.0,1,1,2012-11-03,38,27,M,0,10,0,0,4,4,2,0,4,5,0,0,0,0,0,0,3,11,0
Febrero,7788,1983,D,PhD,Married,23536.0,1,0,2014-06-04,53,6,M,0,3,0,0,1,1,0,0,3,3,0,0,0,0,0,0,3,11,0
Febrero,10323,1952,D,Graduation,Married,49413.0,0,1,2013-10-25,88,205,M,7,41,3,2,46,2,4,2,5,5,0,0,0,0,0,0,3,11,0
Febrero,7947,1969,D,Graduation,Married,42231.0,1,1,2014-03-25,99,24,M,0,8,0,1,4,1,1,0,3,5,0,0,0,0,0,0,3,11,0
Febrero,1891,1980,D,Master,Divorced,78789.0,0,0,2012-08-08,12,667,M,50,850,21,83,83,1,4,6,5,2,0,0,0,0,0,0,3,11,1
Febrero,2570,1968,D,Graduation,Together,56534.0,0,1,2013-07-23,35,691,M,7,61,10,0,46,4,10,4,7,8,0,1,0,0,1,0,3,11,1
Febrero,9256,1971,D,Graduation,Single,58350.0,0,1,2013-01-04,5,493,M,26,206,116,80,80,4,8,3,12,6,0,0,0,0,0,0,3,11,0
Febrero,295,1989,D,Graduation,Single,81217.0,0,0,2013-07-19,77,493,M,70,324,146,40,84,1,3,7,11,1,0,0,0,0,0,0,3,11,0
Febrero,7397,1951,D,Graduation,Single,49090.0,0,1,2013-07-19,45,494,M,5,82,7,0,100,3,7,2,9,7,0,0,0,0,0,0,3,11,0
Febrero,6349,1987,D,Master,Divorced,61787.0,0,0,2013-07-06,71,621,M,73,414,78,48,85,1,8,4,6,5,0,0,0,0,0,0,3,11,0
Febrero,10790,1985,D,PhD,Married,18169.0,1,0,2013-02-19,40,9,M,0,5,0,0,7,1,1,0,2,8,0,0,0,0,0,0,3,11,0
Febrero,10398,1981,D,2n Cycle,Single,24336.0,1,0,2012-08-27,82,1,M,6,2,8,2,12,1,1,0,2,7,0,0,0,0,0,0,3,11,0
Febrero,2431,1990,D,Graduation,Married,18222.0,0,0,2012-12-31,70,12,M,4,19,12,6,14,1,2,0,3,8,0,0,0,0,0,0,3,11,0
Febrero,550,1952,D,Graduation,Divorced,62335.0,0,1,2013-05-23,87,243,M,131,217,85,6,26,2,3,3,13,2,0,0,0,0,0,0,3,11,0
Febrero,1890,1971,D,2n Cycle,Together,42033.0,1,1,2012-09-19,95,11,M,1,4,2,0,7,1,1,0,2,7,0,0,0,0,0,0,3,11,0
Febrero,10742,1983,D,PhD,Married,86580.0,0,0,2013-02-27,72,532,M,21,127,26,20,20,0,4,2,5,1,0,0,1,0,0,0,3,11,0
Febrero,10356,1957,D,PhD,Divorced,41437.0,1,1,2012-09-22,5,29,M,0,2,0,0,1,1,1,0,3,7,0,0,0,0,0,0,3,11,0
Febrero,4676,1951,D,Master,Widow,73705.0,0,2,2014-03-05,86,612,M,91,520,258,107,107,2,9,6,8,5,0,0,0,0,0,0,3,11,0
Febrero,8852,1976,D,Graduation,Married,61064.0,0,1,2012-08-31,80,387,M,126,342,0,45,180,5,8,4,11,6,0,0,0,0,0,0,3,11,0
Febrero,3565,1955,D,Master,Married,38452.0,1,1,2014-03-30,62,56,M,0,14,0,0,2,3,3,0,3,7,0,0,0,0,0,0,3,11,0
Febrero,5294,1989,D,Graduation,Single,18358.0,1,0,2013-11-20,49,6,M,8,19,16,4,4,3,3,0,4,7,0,0,0,0,0,0,3,11,0
Febrero,1958,1973,D,PhD,Together,55012.0,0,1,2014-03-21,85,582,M,0,65,0,0,13,6,8,2,9,5,0,0,0,0,0,0,3,11,0
Febrero,7349,1973,D,Basic,Together,9722.0,1,0,2012-10-02,7,6,M,17,16,6,16,42,4,3,1,3,8,0,0,0,0,0,0,3,11,1
Febrero,8799,1984,D,PhD,Married,38175.0,1,0,2013-09-23,6,70,M,6,69,2,3,3,3,3,1,4,7,0,0,0,0,0,0,3,11,0
Febrero,1351,1956,D,Master,Together,58656.0,0,1,2012-09-20,25,962,M,12,194,16,24,12,4,7,8,13,6,0,0,1,0,0,0,3,11,0
Febrero,1045,1965,D,Graduation,Together,52117.0,0,1,2012-08-16,55,112,M,10,107,30,0,20,2,5,2,4,7,0,0,0,0,0,0,3,11,0
Febrero,7732,1978,D,Graduation,Married,64813.0,1,0,2014-01-02,81,293,M,0,124,179,97,52,1,7,2,10,5,0,0,0,0,0,0,3,11,0
Febrero,8070,1973,D,PhD,Married,54222.0,0,1,2014-03-01,98,199,M,12,31,3,12,7,1,3,3,5,3,0,0,0,0,0,0,3,11,0
Febrero,477,1986,D,Graduation,Married,83512.0,0,0,2014-06-17,31,1060,M,61,835,80,20,101,1,4,7,10,1,1,0,1,1,1,0,3,11,1
Febrero,7832,1959,D,Master,Married,77520.0,0,1,2013-08-28,30,940,M,44,396,0,88,58,1,8,7,7,4,1,0,1,1,0,0,3,11,1
Febrero,2202,1978,D,Graduation,Together,41154.0,0,1,2013-04-09,98,44,M,2,11,2,3,7,1,1,0,4,5,0,0,0,0,0,0,3,11,0
Febrero,7396,1966,D,Graduation,Married,80398.0,0,0,2012-11-10,92,342,M,51,936,207,35,26,1,5,8,12,3,0,0,1,0,0,0,3,11,0
Febrero,4055,1992,D,Basic,Single,18746.0,1,0,2014-05-29,41,2,M,10,11,12,9,20,2,3,0,3,6,0,0,0,0,0,0,3,11,0
Febrero,10340,1984,D,Graduation,Together,35196.0,1,0,2012-11-13,68,75,M,12,141,43,39,187,6,6,1,5,8,0,0,0,0,0,0,3,11,0
Febrero,10091,1956,D,Graduation,Single,60230.0,0,1,2013-05-20,78,520,M,20,367,39,81,40,2,6,3,6,5,0,0,0,0,0,0,3,11,0
Febrero,7629,1977,D,Graduation,Married,22108.0,1,1,2014-05-08,46,5,M,3,9,6,2,6,2,2,0,3,7,0,0,0,0,0,0,3,11,0
Febrero,10640,1974,D,Graduation,Together,44392.0,1,1,2013-09-05,71,87,M,5,71,7,12,29,5,4,1,4,7,0,0,0,0,0,0,3,11,0
Febrero,3498,1976,D,PhD,Married,55424.0,0,1,2012-11-25,6,462,M,61,184,10,53,107,4,7,5,9,6,1,0,0,0,0,0,3,11,1
Febrero,6742,1979,D,Graduation,Married,17688.0,1,0,2013-01-13,82,2,M,2,1,3,1,2,1,1,0,2,8,0,0,0,0,0,1,3,11,0
Febrero,1172,1983,D,PhD,Married,92491.0,0,0,2013-05-01,71,979,M,44,935,29,25,22,1,7,5,12,3,0,1,1,1,0,0,3,11,1
Febrero,569,1991,D,Graduation,Single,90273.0,0,0,2013-12-14,32,704,M,129,853,120,74,111,1,5,6,7,2,0,1,1,1,0,0,3,11,1
Febrero,4686,1962,D,PhD,Widow,82571.0,0,0,2014-04-02,28,861,M,31,558,62,95,79,0,6,5,13,2,0,0,1,0,0,0,3,11,0
Febrero,1381,1982,D,PhD,Single,38513.0,1,0,2014-01-28,20,172,M,3,115,16,0,18,5,6,1,5,8,0,0,0,0,0,0,3,11,1
Febrero,2634,1979,D,Master,Single,16653.0,1,0,2014-04-18,10,5,M,7,31,15,4,7,3,2,1,3,6,0,0,0,0,0,0,3,11,1
Febrero,10905,1955,D,Graduation,Together,42586.0,1,1,2012-10-29,7,194,M,2,56,0,0,0,5,4,1,6,8,0,0,0,0,0,0,3,11,1
Febrero,1744,1965,D,Basic,Single,23529.0,0,1,2013-01-07,67,9,M,7,13,3,2,20,1,1,1,2,6,0,0,0,0,0,0,3,11,0
Febrero,1000,1961,D,Master,Together,74881.0,1,1,2013-03-08,48,505,M,72,270,36,27,54,4,9,2,12,5,0,0,0,0,0,0,3,11,0
Febrero,3828,1951,D,Graduation,Married,71107.0,0,1,2013-02-17,61,533,M,10,217,198,174,195,2,7,6,13,4,0,0,0,0,0,0,3,11,0
Febrero,8605,1964,D,PhD,Together,46910.0,1,1,2014-03-23,36,48,M,0,14,0,0,6,2,2,0,3,6,0,0,0,0,0,0,3,11,0
Febrero,10304,1959,D,Graduation,Married,18690.0,0,0,2012-12-28,77,6,M,1,7,23,4,19,1,1,1,2,8,0,0,0,0,0,0,3,11,0
Febrero,4351,1955,D,Graduation,Divorced,37244.0,1,1,2013-04-27,90,18,M,2,10,0,0,25,1,1,1,2,7,1,0,0,0,0,0,3,11,0
Febrero,10129,1966,D,Graduation,Together,82427.0,0,0,2014-03-12,35,482,M,147,509,104,107,107,1,3,5,12,1,0,0,1,0,0,0,3,11,0
Febrero,2499,1958,D,2n Cycle,Single,75342.0,0,1,2013-05-06,38,204,M,97,97,21,118,26,1,5,2,10,4,0,0,0,0,0,0,3,11,0
Febrero,10092,1954,D,Graduation,Divorced,70044.0,0,1,2013-02-18,46,1073,M,0,250,153,14,14,4,7,10,5,5,0,0,0,0,0,0,3,11,0
Febrero,7500,1967,D,Graduation,Single,79146.0,1,1,2014-04-24,33,245,M,16,223,21,43,16,2,8,1,8,6,0,0,0,0,0,0,3,11,0
Febrero,5796,1963,D,Graduation,Married,77437.0,0,0,2013-11-26,70,560,M,21,442,29,44,29,1,4,5,13,1,0,0,1,0,0,0,3,11,0
Febrero,10556,1959,D,Graduation,Married,54984.0,0,1,2014-05-24,51,173,M,13,131,32,3,6,4,6,1,6,7,0,0,0,1,0,0,3,11,0
Febrero,1064,1971,D,PhD,Married,42403.0,1,0,2013-12-11,18,22,M,1,11,0,5,3,1,1,0,3,8,0,0,0,0,0,0,3,11,0
Febrero,48,1964,D,Graduation,Together,55761.0,0,1,2014-04-24,97,136,M,1,12,0,3,32,2,4,1,3,6,0,1,0,0,0,0,3,11,0
Febrero,7610,1983,D,Graduation,Together,37292.0,1,0,2013-04-18,32,275,M,0,86,10,23,66,5,6,3,5,8,0,0,0,0,0,0,3,11,0
Febrero,263,1945,D,PhD,Single,45576.0,0,0,2014-05-28,9,56,M,19,29,2,14,25,1,3,1,3,8,0,0,0,0,0,0,3,11,1
Febrero,10814,1947,D,Graduation,Together,70321.0,0,0,2013-01-16,6,303,M,23,751,82,26,191,1,6,5,13,4,0,0,0,0,0,0,3,11,1
Febrero,9710,1969,D,PhD,Divorced,58086.0,0,1,2013-01-20,80,708,M,7,62,0,0,15,2,11,3,7,8,0,0,0,0,0,0,3,11,0
Febrero,9292,1952,D,Graduation,Married,81795.0,0,0,2012-10-26,74,324,M,132,693,27,118,88,1,4,11,7,2,0,0,0,0,0,0,3,11,0
Febrero,10250,1947,D,Basic,Together,28389.0,0,0,2012-11-20,49,1,M,5,3,7,4,8,1,1,0,2,7,0,0,0,0,0,0,3,11,0
Febrero,7881,1946,D,Master,Married,66835.0,0,0,2013-09-28,21,620,M,26,195,34,17,141,1,6,4,13,2,0,0,0,0,0,0,3,11,0
Febrero,5847,1969,D,Graduation,Divorced,69901.0,0,1,2013-05-29,95,312,M,21,206,102,92,149,3,7,3,10,5,0,0,0,0,0,0,3,11,0
Febrero,737,1949,D,PhD,Married,80360.0,0,0,2013-03-03,56,1493,M,86,454,112,43,43,2,4,4,5,2,0,1,1,1,0,0,3,11,0
Febrero,3571,1961,D,PhD,Together,63342.0,0,1,2012-10-16,48,918,M,21,118,13,10,21,3,8,3,5,6,0,1,0,0,0,0,3,11,1
Febrero,7807,1974,D,Graduation,Married,44989.0,0,1,2012-09-12,26,98,M,0,106,49,10,106,5,5,1,5,6,0,0,0,0,0,0,3,11,0
Febrero,3878,1980,D,2n Cycle,Single,31859.0,1,0,2014-02-27,3,3,M,4,7,15,8,11,1,1,0,3,7,0,0,0,0,0,0,3,11,0
Febrero,5092,1949,D,PhD,Widow,51569.0,0,1,2013-02-12,39,380,M,0,47,6,0,34,4,7,1,7,8,0,1,0,0,0,0,3,11,1
Febrero,2154,1971,D,Graduation,Widow,30372.0,1,1,2012-12-25,33,15,M,0,12,7,3,7,3,2,0,3,7,0,0,0,0,0,0,3,11,0
Febrero,5394,1979,D,Basic,Single,16014.0,1,1,2013-03-17,42,3,M,9,4,7,8,7,4,1,1,4,3,0,0,0,0,0,0,3,11,0
Febrero,3798,1968,D,Graduation,Married,41120.0,1,1,2013-11-06,80,24,M,2,23,0,8,24,3,2,1,3,6,0,0,0,0,0,0,3,11,0
Febrero,3524,1971,D,Master,Single,39763.0,1,0,2013-08-04,9,80,M,1,60,4,6,16,2,5,1,2,9,0,0,0,0,0,0,3,11,1
Febrero,5247,1955,D,PhD,Married,38725.0,1,1,2014-05-10,52,31,M,0,6,2,1,5,2,1,0,4,4,0,0,0,0,0,0,3,11,0
Febrero,5883,1972,D,Graduation,Married,77981.0,1,0,2013-05-26,78,138,M,120,204,16,126,60,3,7,4,7,5,0,0,0,0,0,0,3,11,0
Febrero,2118,1964,D,2n Cycle,Married,62905.0,0,1,2013-09-10,68,166,M,75,96,119,107,59,3,7,2,8,4,0,0,0,0,0,0,3,11,0
Febrero,8812,1979,D,2n Cycle,Divorced,13533.0,1,0,2013-03-10,45,12,M,3,8,8,0,17,2,2,0,3,7,0,0,0,0,0,0,3,11,0
Febrero,6616,1975,D,Graduation,Together,59481.0,0,1,2013-10-23,47,178,M,3,85,71,66,58,2,3,3,8,2,0,0,0,0,0,0,3,11,0
Febrero,2797,1977,D,Graduation,Married,72117.0,0,1,2013-08-20,34,707,M,20,171,65,60,50,1,9,7,9,5,0,0,0,0,0,0,3,11,0
Febrero,4328,1986,D,2n Cycle,Married,21955.0,1,0,2013-09-07,81,5,M,1,7,17,14,11,2,2,1,3,6,0,0,0,0,0,0,3,11,0
Febrero,9167,1956,D,Graduation,Married,67131.0,0,1,2013-03-26,72,465,M,71,250,93,35,62,3,9,2,12,6,0,0,0,0,0,0,3,11,0
Febrero,10560,1980,D,PhD,Single,36802.0,1,0,2014-06-16,23,16,M,1,2,0,0,1,1,1,0,3,5,0,0,0,0,0,0,3,11,0
Febrero,2631,1982,D,Graduation,Together,71853.0,0,0,2013-05-08,29,358,M,108,413,141,97,32,1,2,8,6,1,0,0,0,0,0,0,3,11,0
Febrero,8312,1961,D,Basic,Married,28249.0,0,0,2014-06-15,80,1,M,9,7,2,14,10,1,2,0,3,6,0,0,0,0,0,0,3,11,0
Febrero,5534,1975,D,Master,Married,47808.0,0,1,2013-10-20,30,123,M,1,26,2,0,72,2,3,2,3,7,1,0,0,0,0,0,3,11,0
Febrero,5093,1974,D,PhD,Divorced,25509.0,1,0,2012-09-18,15,40,M,3,30,10,7,11,3,3,0,3,9,0,0,0,0,0,0,3,11,1
Febrero,7592,1946,D,PhD,Married,51012.0,0,0,2013-04-18,86,102,M,9,63,2,9,24,1,4,1,4,6,0,0,0,0,0,0,3,11,0
Febrero,8895,1985,D,Graduation,Single,70596.0,0,0,2012-10-05,68,347,M,44,534,17,0,26,1,3,5,12,2,0,0,0,0,0,0,3,11,0
Febrero,8584,1952,D,PhD,Together,85431.0,0,0,2013-06-08,54,376,M,53,462,168,53,53,1,2,7,7,0,0,0,0,0,0,0,3,11,0
Febrero,2694,1967,D,Graduation,Married,42664.0,0,1,2014-03-18,44,21,M,0,3,0,0,0,1,1,0,3,6,0,0,0,0,0,0,3,11,0
Febrero,8910,1955,D,Graduation,Together,42586.0,1,1,2012-10-29,7,194,M,2,56,0,0,0,5,4,1,6,8,0,0,0,0,0,0,3,11,1
Febrero,7433,1985,D,Graduation,Single,29760.0,1,0,2012-08-29,87,64,M,4,68,7,5,17,4,3,1,4,8,0,0,0,0,0,0,3,11,0
Febrero,164,1977,D,PhD,Married,28973.0,0,0,2012-10-13,59,206,M,0,46,3,2,12,2,5,1,5,8,0,0,0,0,0,0,3,11,0
Febrero,10477,1973,D,PhD,Together,39435.0,1,0,2013-08-06,16,71,M,0,18,0,0,13,1,3,1,2,7,0,0,0,0,0,0,3,11,0
Febrero,2681,1984,D,2n Cycle,Married,65370.0,0,0,2013-08-01,1,71,M,22,112,138,89,29,1,2,3,13,1,0,0,0,0,0,0,3,11,0
Febrero,5150,1979,D,Basic,Single,20194.0,1,0,2012-12-17,64,0,M,4,7,11,10,15,2,2,0,3,6,0,0,0,0,0,0,3,11,0
Febrero,5283,1976,D,PhD,Single,42473.0,1,1,2014-02-17,72,93,M,1,21,0,4,25,3,2,1,4,5,0,0,0,0,0,0,3,11,0
Febrero,9645,1968,D,Graduation,Married,64590.0,0,0,2012-10-14,98,920,M,138,168,36,46,30,1,9,4,10,6,0,0,0,0,0,0,3,11,0
Febrero,10678,1959,D,Graduation,Together,71232.0,0,1,2013-11-28,91,653,M,17,170,34,26,17,2,11,2,10,7,0,0,0,0,0,0,3,11,0
Febrero,7261,1971,D,Graduation,Together,34600.0,1,1,2013-01-01,8,199,M,33,60,8,3,15,5,5,2,5,8,0,0,0,0,0,0,3,11,1
Febrero,9648,1967,D,Graduation,Single,46904.0,1,1,2012-11-03,20,153,M,4,56,0,9,31,4,5,1,4,8,0,0,0,0,0,0,3,11,0
Febrero,2870,1973,D,Graduation,Married,49094.0,0,1,2012-09-21,6,376,M,0,38,11,8,69,5,6,3,6,6,0,0,0,0,0,0,3,11,0
Febrero,8008,1983,D,Graduation,Together,36075.0,1,0,2013-12-09,54,46,M,0,30,12,1,30,1,2,0,4,6,0,0,0,0,0,0,3,11,0
Febrero,1513,1979,D,2n Cycle,Together,60839.0,1,1,2012-08-28,72,600,M,21,128,223,150,128,13,2,2,12,8,0,0,0,0,0,0,3,11,0
Febrero,6173,1979,D,Graduation,Together,77298.0,0,1,2013-11-02,46,425,M,115,292,23,35,79,1,6,6,11,3,0,0,0,0,0,0,3,11,0
Febrero,1419,1950,D,Graduation,Together,34026.0,1,1,2013-08-05,11,18,M,6,15,12,8,17,3,2,1,3,5,0,0,0,0,0,0,3,11,0
Febrero,9150,1963,D,PhD,Single,48918.0,1,1,2014-04-12,21,52,M,0,9,0,0,1,2,1,0,4,4,0,0,0,0,0,0,3,11,0
Febrero,7960,1962,D,2n Cycle,Together,82122.0,0,0,2013-08-15,89,734,M,22,350,151,25,100,1,3,9,13,1,0,0,1,0,0,0,3,11,0
Febrero,1250,1976,D,Graduation,Single,37697.0,1,0,2014-02-07,82,34,M,6,21,11,4,8,1,2,1,3,6,0,0,0,0,0,0,3,11,0
Febrero,9905,1952,D,Graduation,Together,34074.0,1,1,2013-07-13,69,135,M,1,41,10,1,67,5,3,3,3,6,1,0,0,0,0,0,3,11,0
Febrero,10691,1960,D,Master,Married,28520.0,1,1,2013-06-14,55,11,M,0,10,0,2,20,1,1,1,2,6,0,0,0,0,0,0,3,11,0
Febrero,7002,1955,D,Graduation,Single,62535.0,0,1,2013-10-03,13,163,M,48,90,0,45,52,1,3,2,8,3,0,0,0,0,0,0,3,11,0
Febrero,2952,1977,D,Master,Single,36273.0,1,0,2014-04-16,80,29,M,3,30,3,2,9,2,3,0,3,6,0,0,0,0,0,0,3,11,0
Febrero,8439,1964,D,Graduation,Together,63404.0,0,2,2014-06-06,97,734,M,26,70,11,44,17,2,6,3,4,4,0,0,0,1,0,0,3,11,0
Febrero,762,1981,D,2n Cycle,Together,75774.0,1,0,2014-05-02,27,340,M,21,134,258,14,56,1,7,5,8,4,0,0,0,0,0,0,3,11,0
Febrero,2831,1976,D,Graduation,Together,78416.0,0,1,2014-06-27,99,453,M,38,279,188,38,183,2,7,7,10,3,0,0,0,0,0,0,3,11,0
Febrero,6977,1974,D,Graduation,Together,75702.0,0,1,2012-10-14,87,1073,M,0,629,145,37,37,1,10,5,13,6,0,0,1,0,0,0,3,11,0
Febrero,6289,1951,D,Master,Together,59385.0,1,1,2013-04-28,85,135,M,0,10,0,4,36,2,3,1,4,5,0,0,0,0,0,0,3,11,0
Febrero,4168,1966,D,Graduation,Single,37070.0,1,1,2013-03-20,30,231,M,7,137,4,15,39,9,5,1,8,7,0,0,0,0,0,0,3,11,1
Febrero,8397,1951,D,Graduation,Married,44689.0,1,1,2014-01-10,82,18,M,0,5,0,0,11,2,1,1,2,7,1,0,0,0,0,0,3,11,0
Febrero,9284,1958,D,Graduation,Together,53977.0,0,1,2013-06-08,21,620,M,16,165,0,24,82,5,5,5,12,5,0,0,0,0,0,0,3,11,0
Febrero,6237,1966,D,PhD,Single,7144.0,0,2,2013-12-07,92,81,M,4,33,5,2,291,0,23,1,1,0,0,0,0,0,0,0,3,11,0
Febrero,3130,1964,D,Graduation,Single,18701.0,1,1,2013-06-04,95,12,M,4,2,10,6,10,4,2,0,4,5,0,0,0,0,0,0,3,11,0
Febrero,1619,1956,D,Graduation,Married,90369.0,0,0,2014-04-28,2,292,M,51,981,224,23,17,1,4,6,6,1,0,0,0,0,0,0,3,11,1
Febrero,1990,1974,D,PhD,Single,63159.0,0,0,2012-11-05,74,965,M,34,586,89,86,37,1,3,5,8,3,1,0,0,0,0,0,3,11,0
Febrero,5513,1966,D,Graduation,Together,37758.0,1,1,2012-10-04,49,27,M,2,10,0,0,1,2,1,0,3,8,0,0,0,0,0,0,3,11,0
Febrero,269,1963,D,PhD,Single,46757.0,0,1,2012-11-16,71,777,M,30,163,0,51,122,6,4,4,7,9,0,0,0,0,0,0,3,11,0
Febrero,8093,1969,D,Master,Married,79734.0,0,0,2014-06-28,72,572,M,8,232,23,62,17,1,4,3,6,1,0,0,0,1,0,0,3,11,0
Febrero,10513,1992,D,Graduation,Together,63207.0,0,0,2013-01-20,68,438,M,169,565,91,169,70,1,2,3,6,7,0,0,0,1,0,0,3,11,0
Febrero,10177,1954,D,Graduation,Divorced,72071.0,0,1,2013-02-14,4,531,M,69,300,150,138,150,3,5,4,8,2,0,0,0,0,0,0,3,11,0
Febrero,2549,1983,D,PhD,Together,21840.0,1,0,2013-07-21,80,17,M,0,9,0,0,1,1,1,0,3,9,0,0,0,0,0,0,3,11,0
Febrero,5782,1982,D,2n Cycle,Together,58582.0,0,1,2013-09-28,15,402,M,35,106,101,77,42,2,9,2,9,5,0,1,0,0,0,0,3,11,0
Febrero,10057,1951,D,Graduation,Single,72282.0,0,0,2013-07-19,70,503,M,27,419,90,139,153,1,5,7,9,7,0,0,0,0,0,0,3,11,1
Febrero,10307,1956,D,Graduation,Married,50387.0,0,2,2013-08-31,91,369,M,9,87,12,14,34,3,6,2,8,5,0,0,0,0,0,0,3,11,0
Febrero,8566,1961,D,PhD,Together,32583.0,1,1,2014-06-15,10,5,M,0,3,0,0,1,1,1,0,2,7,0,0,0,0,0,0,3,11,0
Febrero,2415,1962,D,Graduation,Together,62568.0,0,1,2014-04-07,99,362,M,17,398,80,35,61,3,5,3,5,4,0,0,0,1,0,0,3,11,0
Febrero,5684,1971,D,Master,Divorced,44635.0,1,1,2013-10-11,25,56,M,0,9,0,0,3,2,2,0,3,7,0,0,0,0,0,0,3,11,0
Febrero,8334,1971,D,Master,Single,33316.0,1,1,2013-10-04,34,79,M,1,31,4,4,12,3,2,1,4,6,0,0,0,0,0,0,3,11,0
Febrero,9166,1968,D,Graduation,Married,63967.0,0,1,2013-08-09,57,387,M,84,141,73,35,162,3,4,4,12,2,0,0,0,0,0,0,3,11,0
Febrero,1440,1978,D,2n Cycle,Together,52513.0,0,0,2012-09-04,84,367,M,17,241,104,188,232,2,9,5,9,7,0,0,0,0,0,0,3,11,0
Febrero,78,1969,D,Graduation,Married,25293.0,1,0,2013-09-15,51,15,M,0,11,0,2,9,1,1,1,2,8,0,0,0,0,0,0,3,11,0
Febrero,5441,1965,D,PhD,Widow,54111.0,0,1,2013-08-25,97,267,M,6,54,8,3,50,2,5,2,6,5,0,0,0,0,0,0,3,11,0
Febrero,5302,1986,D,Graduation,Together,78394.0,0,0,2013-02-15,13,298,M,27,697,216,24,166,1,4,6,5,2,0,0,0,0,0,0,3,11,1
Febrero,4687,1958,D,Master,Married,80739.0,0,0,2013-05-23,92,674,M,92,736,39,0,92,1,3,11,9,1,0,0,0,0,0,0,3,11,0
Febrero,1087,1975,D,Master,Together,22669.0,1,0,2013-05-22,30,16,M,14,36,37,22,48,3,4,1,2,9,0,0,0,0,0,0,3,11,1
Febrero,6859,1987,D,Graduation,Single,29236.0,1,0,2013-10-08,30,37,M,4,24,16,9,9,2,4,0,3,9,0,0,0,0,0,0,3,11,0
Febrero,9860,1959,D,Graduation,Together,44911.0,0,1,2013-03-15,11,159,M,0,22,2,1,31,3,4,1,4,7,0,0,0,0,0,0,3,11,0
Febrero,7129,1962,D,PhD,Married,54693.0,0,1,2013-02-17,72,686,M,17,142,23,26,35,8,6,4,13,6,0,0,0,0,0,0,3,11,0
Febrero,5866,1974,D,Graduation,Together,48186.0,1,0,2014-03-20,39,97,M,3,66,12,7,34,3,4,1,4,7,0,0,0,0,0,0,3,11,0
Febrero,10521,1977,D,Graduation,Married,54809.0,1,1,2013-09-11,0,63,M,6,57,13,13,22,4,2,1,5,4,0,0,0,0,0,0,3,11,1
Febrero,7393,1978,D,Graduation,Together,41580.0,1,1,2012-12-10,15,56,M,5,24,4,0,3,3,2,1,3,5,0,0,0,0,0,0,3,11,0
Febrero,7849,1970,D,PhD,Married,80336.0,0,0,2013-09-09,12,209,M,19,456,160,142,66,1,2,9,13,1,0,0,0,0,0,0,3,11,0
Febrero,332,1957,D,Graduation,Married,47743.0,0,1,2013-03-22,56,198,M,2,43,0,12,20,3,4,1,6,6,0,1,0,0,0,0,3,11,0
Febrero,9847,1955,D,2n Cycle,Married,62972.0,0,1,2012-08-03,39,313,M,15,47,20,0,192,2,7,4,3,6,0,0,0,0,0,0,3,11,0
Febrero,531,1954,D,PhD,Divorced,57333.0,0,1,2012-09-22,55,941,M,14,397,76,58,176,11,8,5,9,6,0,0,0,0,0,0,3,11,1
Febrero,9576,1982,D,PhD,Together,32313.0,1,0,2013-02-11,60,86,M,4,56,2,4,7,3,4,0,4,9,0,0,0,0,0,0,3,11,0
Febrero,6906,1953,D,Master,Widow,84953.0,0,0,2013-06-03,73,167,M,48,602,63,72,72,1,3,10,4,2,0,1,1,1,0,0,3,11,1
Febrero,7419,1968,D,Master,Divorced,27071.0,1,0,2014-04-23,90,8,M,3,19,0,2,3,2,2,0,3,6,0,0,0,0,0,0,3,11,0
Febrero,3170,1957,D,Master,Together,68148.0,0,0,2013-08-31,86,389,M,66,408,37,57,85,1,4,4,6,2,0,0,0,0,0,0,3,11,0
Febrero,8527,1965,D,Master,Together,65735.0,1,1,2013-12-07,37,239,M,7,119,4,15,11,5,6,2,6,7,0,0,0,0,0,0,3,11,0
Febrero,7872,1975,D,PhD,Married,86836.0,0,0,2012-09-12,7,179,M,21,273,0,21,63,1,6,10,6,5,1,0,1,1,0,0,3,11,1
Febrero,9931,1963,D,PhD,Married,4023.0,1,1,2014-06-23,29,5,M,0,1,1,1,1,15,0,0,0,19,0,0,0,0,0,0,3,11,0
Febrero,10595,1990,D,Graduation,Married,30093.0,0,0,2013-07-08,19,2,M,6,28,13,4,16,1,2,0,3,7,0,0,0,0,0,0,3,11,0
Febrero,4609,1966,D,PhD,Married,57705.0,0,1,2014-01-11,14,383,M,0,53,6,4,40,3,8,1,6,6,0,0,0,0,0,0,3,11,0
Febrero,5010,1988,D,Graduation,Single,25008.0,1,0,2014-02-02,72,2,M,8,8,6,1,9,2,1,0,3,8,0,0,0,0,0,0,3,11,0
Febrero,4427,1995,D,2n Cycle,Single,83257.0,0,0,2012-09-18,56,536,M,27,590,38,107,67,1,5,10,12,6,1,0,1,0,0,1,3,11,1
Febrero,11148,1975,D,Graduation,Together,22280.0,1,0,2013-05-19,85,2,M,1,4,3,1,2,1,1,0,2,8,0,0,0,0,0,0,3,11,0
Febrero,1168,1978,D,PhD,Married,72159.0,0,0,2012-10-29,62,322,M,53,899,34,40,53,1,4,6,10,2,0,0,0,0,0,0,3,11,0
Febrero,9595,1961,D,Graduation,Together,64260.0,0,0,2013-01-11,1,539,M,169,816,20,0,30,1,4,5,4,3,0,0,0,0,0,0,3,11,1
Febrero,10163,1984,D,PhD,Single,82733.0,0,0,2013-09-10,28,712,M,50,420,65,38,38,1,8,4,7,4,0,0,0,0,0,0,3,11,1
Febrero,2886,1971,D,Master,Divorced,74290.0,0,1,2013-08-12,70,1121,M,0,72,0,12,12,4,10,8,10,6,0,1,0,1,0,0,3,11,0
Febrero,6710,1951,D,Master,Single,58217.0,2,1,2012-11-17,84,68,M,1,13,3,5,13,1,2,0,4,6,0,0,0,0,0,0,3,11,0
Febrero,5316,1976,D,Master,Together,21024.0,0,0,2013-07-04,89,36,M,4,18,6,2,18,1,2,0,4,7,0,0,0,0,0,0,3,11,0
Febrero,9029,1972,D,PhD,Married,70116.0,0,0,2013-01-26,73,707,M,44,603,95,58,29,1,2,8,12,1,0,0,0,0,0,0,3,11,0
Febrero,521,1985,D,Graduation,Together,54006.0,1,0,2012-09-18,42,174,M,77,203,6,24,97,2,8,1,7,7,0,0,0,0,0,0,3,11,0
Febrero,1459,1966,D,PhD,Married,69063.0,0,1,2012-11-07,16,666,M,35,124,69,8,26,1,5,3,5,3,0,0,0,0,0,0,3,11,0
Febrero,10241,1975,D,2n Cycle,Divorced,11448.0,0,0,2013-12-15,16,0,M,0,0,6,2,6,1,1,0,2,6,0,0,0,0,0,0,3,11,0
Febrero,1630,1979,D,Graduation,Single,61825.0,0,1,2013-08-07,56,162,M,50,100,55,30,27,1,4,2,8,4,0,0,0,0,0,0,3,11,0
Febrero,3254,1971,D,Graduation,Married,70886.0,1,0,2013-10-14,65,407,M,70,239,103,88,53,1,5,4,4,2,0,0,0,0,0,0,3,11,0
Febrero,9064,1982,D,Graduation,Married,69109.0,0,0,2012-11-09,10,823,M,25,459,124,29,95,1,6,6,7,4,0,0,1,0,0,0,3,11,1
Febrero,3678,1973,D,Graduation,Widow,60208.0,1,1,2012-10-07,13,488,M,23,71,15,0,59,11,8,3,7,7,0,1,0,0,0,0,3,11,1
Febrero,4227,1968,D,Master,Together,32889.0,1,1,2013-09-06,78,28,M,0,13,4,2,8,3,2,1,3,5,0,0,0,0,0,0,3,11,0
Febrero,9467,1984,D,Graduation,Single,34738.0,1,0,2014-05-11,51,3,M,2,10,3,0,2,1,1,0,3,6,0,0,0,0,0,0,3,11,0
Febrero,8486,1971,D,Master,Together,30538.0,1,0,2012-10-01,27,284,M,0,52,8,3,20,4,9,0,4,10,0,0,0,0,0,0,3,11,0
Febrero,2186,1977,D,2n Cycle,Together,82326.0,0,0,2014-03-10,30,938,M,142,754,159,81,183,1,5,10,6,2,0,1,1,1,0,0,3,11,1
Febrero,3286,1967,D,PhD,Divorced,26642.0,1,0,2014-03-01,71,13,M,2,15,2,2,8,2,2,0,3,6,0,0,0,0,0,0,3,11,0
Febrero,8602,1964,D,Graduation,Divorced,69932.0,0,1,2013-06-12,97,412,M,172,153,150,105,57,2,7,6,11,4,0,0,0,0,0,0,3,11,0
Febrero,3722,1972,D,Graduation,Single,44503.0,1,1,2014-04-16,83,31,M,1,8,0,0,8,2,2,0,3,6,0,0,0,0,0,0,3,11,0
Febrero,6715,1948,D,PhD,Single,60200.0,0,1,2013-01-02,3,502,M,19,132,0,6,26,6,6,2,11,6,0,0,0,0,0,0,3,11,0
Febrero,4796,1952,D,Graduation,Divorced,49638.0,0,1,2014-04-19,71,18,M,10,3,3,5,0,1,1,0,3,2,0,0,0,0,0,0,3,11,0
Febrero,9612,1987,D,2n Cycle,Single,23830.0,0,0,2014-02-07,3,1,M,8,6,4,8,16,1,1,0,3,7,0,0,0,0,0,0,3,11,0
Febrero,3766,1959,D,Master,Widow,33051.0,0,0,2012-08-16,15,100,M,71,243,108,94,219,3,9,1,8,9,0,0,0,0,0,0,3,11,1
Febrero,1399,1958,D,Graduation,Married,72905.0,0,0,2014-01-21,52,407,M,114,445,181,165,203,1,3,7,9,1,0,0,0,1,0,0,3,11,0
Febrero,1570,1951,D,PhD,Together,69702.0,0,1,2013-02-19,8,664,M,9,240,50,19,57,2,7,7,10,4,0,0,0,0,0,0,3,11,0
Febrero,3426,1975,D,Graduation,Divorced,70300.0,1,0,2013-07-15,89,1045,M,61,338,60,46,46,3,5,5,13,8,0,0,0,0,0,0,3,11,0
Febrero,3074,1984,D,PhD,Married,70643.0,0,0,2012-10-15,66,1218,M,107,304,23,143,33,1,5,8,4,6,0,0,0,0,0,0,3,11,1
Febrero,8341,1969,D,PhD,Married,30396.0,1,0,2014-04-30,22,15,M,0,6,0,1,12,2,1,1,2,7,1,0,0,0,0,0,3,11,1
Febrero,5180,1968,D,PhD,Divorced,50616.0,0,1,2014-04-18,56,128,M,0,16,0,1,4,2,4,0,4,7,0,0,0,0,0,0,3,11,0
Febrero,6461,1969,D,Master,Single,62772.0,0,1,2013-05-19,74,581,M,49,157,43,8,108,1,5,6,11,2,0,1,0,0,0,0,3,11,0
Febrero,7679,1985,D,PhD,Single,30298.0,0,0,2014-05-19,48,6,M,3,12,6,1,0,1,1,1,3,3,0,0,0,0,0,0,3,11,0
Febrero,10702,1984,D,Graduation,Single,52413.0,1,0,2012-11-03,67,185,M,8,133,56,56,12,2,7,1,7,7,0,0,0,0,0,0,3,11,0
Febrero,7505,1957,D,PhD,Married,44155.0,1,1,2014-01-19,24,22,M,1,9,0,0,14,1,1,1,2,4,0,0,0,0,0,0,3,11,0
Febrero,5113,1971,D,PhD,Divorced,86979.0,0,0,2013-11-07,67,584,M,100,835,65,83,35,1,5,5,5,2,1,0,0,0,0,0,3,11,1
Febrero,10858,1975,D,Graduation,Together,76532.0,1,1,2013-09-09,38,355,M,30,177,90,138,30,4,9,5,7,5,0,0,0,0,0,0,3,11,0
Febrero,2961,1982,D,Graduation,Married,42081.0,1,0,2013-02-26,86,175,M,10,110,54,6,27,2,6,3,4,6,1,0,0,0,0,0,3,11,0
Febrero,2747,1988,D,PhD,Married,67546.0,0,0,2012-08-31,90,864,M,134,768,150,38,172,1,4,10,5,3,0,0,0,0,0,0,3,11,0
Febrero,3010,1989,D,Master,Together,88420.0,0,0,2014-05-02,87,957,M,153,612,99,95,153,1,4,7,8,1,1,0,1,1,0,0,3,11,0
Febrero,5790,1985,D,Graduation,Married,31158.0,1,0,2013-01-27,62,25,M,6,16,20,0,5,2,2,0,3,8,0,0,0,0,0,0,3,11,0
Febrero,6892,1968,D,Graduation,Divorced,61671.0,0,1,2014-06-03,23,641,M,7,56,0,0,28,8,10,4,6,8,0,1,0,1,0,0,3,11,0
Febrero,1743,1974,D,Graduation,Single,69719.0,0,0,2014-05-26,99,273,M,86,208,177,14,43,1,2,3,5,1,0,0,0,0,0,0,3,11,0
Febrero,3578,1949,D,Graduation,Divorced,49160.0,0,1,2013-10-20,29,122,M,21,43,25,10,15,2,3,1,6,6,0,0,0,0,0,0,3,11,0
Febrero,8462,1978,D,Basic,Together,24882.0,1,0,2012-09-09,52,1,M,4,10,29,0,36,1,1,1,2,6,1,0,0,0,0,0,3,11,0
Febrero,5558,1954,D,PhD,Single,90933.0,0,0,2014-03-31,90,1020,M,31,430,62,63,79,1,4,6,4,1,0,0,1,0,0,0,3,11,0
Febrero,4619,1945,D,PhD,Single,113734.0,0,0,2014-05-28,9,6,M,2,3,1,262,3,0,27,0,0,1,0,0,0,0,0,0,3,11,0
Febrero,8780,1950,D,PhD,Together,59292.0,0,1,2013-06-13,71,378,M,14,68,19,14,14,2,3,5,8,3,0,0,0,0,0,0,3,11,0
Febrero,10789,1964,D,PhD,Married,45759.0,1,1,2013-02-23,13,42,M,1,18,3,0,4,2,2,0,3,7,0,0,0,0,0,0,3,11,0
Febrero,10779,1983,D,Graduation,Single,22148.0,0,0,2014-04-13,16,15,M,5,14,0,4,11,1,1,0,3,7,0,0,0,0,0,0,3,11,0
Febrero,5896,1987,D,Master,Married,73395.0,0,0,2014-03-18,94,272,M,7,80,20,7,11,1,4,4,6,2,0,0,0,0,0,0,3,11,0
Febrero,2337,1971,D,Graduation,Divorced,29819.0,1,0,2013-10-24,77,9,M,1,24,2,1,2,3,3,0,3,6,0,0,0,0,0,0,3,11,0
Febrero,10951,1968,D,Graduation,Married,45688.0,0,1,2014-01-25,20,279,M,0,18,0,0,9,2,3,1,8,4,0,1,0,0,0,0,3,11,0
Febrero,544,1954,D,Graduation,Married,62820.0,0,0,2013-05-11,51,398,M,61,265,138,61,53,1,3,4,6,1,0,0,0,0,0,0,3,11,0
Febrero,17,1971,D,PhD,Married,60491.0,0,1,2013-09-06,81,637,M,47,237,12,19,76,4,6,11,7,5,0,0,0,0,0,0,3,11,0
Febrero,10680,1986,D,Graduation,Together,33235.0,1,0,2014-02-05,71,45,M,0,16,2,1,6,1,3,0,3,7,0,0,0,0,0,0,3,11,0
Febrero,3265,1959,D,Graduation,Married,35701.0,0,0,2013-03-19,36,21,M,1,9,7,3,5,1,1,0,3,6,0,0,0,0,0,0,3,11,0
Febrero,5623,1980,D,Master,Married,31535.0,1,0,2013-09-26,95,15,M,4,13,0,0,19,1,1,1,2,7,1,0,0,0,0,0,3,11,0
Febrero,5832,1960,D,2n Cycle,Together,92556.0,0,0,2014-04-20,32,493,M,183,352,184,23,28,0,3,5,13,0,0,0,0,0,0,0,3,11,0
Febrero,5544,1970,D,Graduation,Single,67384.0,0,1,2012-11-10,32,957,M,40,175,158,53,107,2,7,8,5,5,0,1,0,0,0,0,3,11,0
Febrero,6417,1971,D,Master,Together,80573.0,0,0,2012-10-14,85,829,M,138,430,60,92,15,1,4,6,13,2,0,0,0,0,0,0,3,11,0
Febrero,5831,1967,D,Graduation,Married,77870.0,0,1,2012-08-22,93,1017,M,50,500,65,50,133,3,5,5,5,8,0,1,0,1,0,0,3,11,1
Febrero,7101,1963,D,PhD,Widow,52278.0,0,1,2013-01-25,24,953,M,0,71,0,0,174,6,10,5,10,8,0,0,0,0,0,0,3,11,0
Febrero,10176,1968,D,Graduation,Single,57107.0,0,1,2012-08-24,44,159,M,0,120,0,0,137,7,4,4,8,8,0,1,0,0,1,0,3,11,1
Febrero,2326,1990,D,Graduation,Married,18929.0,0,0,2013-02-16,15,32,M,0,8,23,4,18,1,1,0,4,6,0,0,0,0,0,0,3,11,0
Febrero,4385,1981,D,PhD,Single,36038.0,1,0,2013-05-31,82,23,M,0,15,0,2,7,2,3,0,3,6,0,0,0,0,0,0,3,11,0
Febrero,2929,1976,D,Graduation,Single,20180.0,0,0,2013-02-20,27,18,M,42,24,15,20,18,1,2,1,4,7,0,0,0,0,0,0,3,11,0
Febrero,10686,1965,D,PhD,Together,34230.0,1,1,2012-12-26,72,15,M,0,4,0,0,2,1,1,0,2,7,0,0,0,0,0,0,3,11,0
Febrero,2546,1977,D,2n Cycle,Single,31878.0,0,1,2014-06-22,7,23,M,4,5,10,5,23,1,1,0,4,3,0,0,0,0,0,0,3,11,0
Febrero,3283,1972,D,2n Cycle,Married,70932.0,0,1,2014-01-19,57,200,M,193,100,46,185,185,2,6,2,12,3,0,0,0,0,0,0,3,11,0
Febrero,3138,1956,D,Graduation,Single,91249.0,0,0,2012-10-20,84,1324,M,27,119,71,108,27,0,7,9,6,4,0,1,1,1,1,0,3,11,1
Febrero,4994,1943,D,Master,Single,77598.0,0,0,2013-10-01,53,1193,M,33,281,129,66,33,1,7,5,13,3,0,0,1,0,0,0,3,11,0
Febrero,7966,1959,D,Graduation,Single,80982.0,1,1,2013-01-08,48,505,M,137,401,104,22,22,3,11,5,11,5,0,0,0,0,0,1,3,11,0
Febrero,3112,1977,D,Master,Married,22701.0,1,0,2013-09-05,2,2,M,4,9,0,4,5,1,1,0,3,5,0,0,0,0,0,0,3,11,0
Febrero,10872,1969,D,PhD,Married,55212.0,0,1,2012-11-23,65,1103,M,0,45,0,0,34,3,4,2,11,8,0,1,0,0,1,0,3,11,0
Febrero,2181,1970,D,Graduation,Married,70617.0,0,0,2013-06-23,45,353,M,61,753,40,46,27,1,3,3,7,2,0,0,0,0,0,0,3,11,0
Febrero,1867,1957,D,Graduation,Single,64849.0,0,0,2012-11-13,42,652,M,48,350,94,84,108,1,9,3,6,5,0,0,0,0,0,0,3,11,1
Febrero,1518,1965,D,Master,Married,62694.0,1,1,2013-06-17,29,379,M,6,157,25,91,91,5,9,3,7,7,0,0,0,0,0,0,3,11,0
Febrero,5734,1974,D,PhD,Married,61917.0,1,1,2013-11-20,83,46,M,4,36,2,2,1,1,2,0,4,5,0,0,0,0,0,0,3,11,0
Febrero,2878,1947,D,PhD,Married,67472.0,0,1,2013-09-28,93,162,M,31,127,8,17,69,2,4,2,7,3,0,0,0,0,0,0,3,11,0
Febrero,1458,1982,D,Master,Married,21059.0,1,0,2014-01-07,40,8,M,3,19,3,3,8,3,3,0,3,6,0,0,0,0,0,0,3,11,0
Febrero,7007,1968,D,Master,Married,29543.0,2,0,2014-04-01,47,17,M,3,18,3,4,18,2,3,1,2,7,0,0,0,0,0,0,3,11,0
Febrero,6200,1951,D,Graduation,Married,75903.0,0,1,2013-04-08,50,340,M,108,185,130,38,100,2,6,6,9,3,0,0,0,0,0,0,3,11,0
Febrero,1403,1975,D,2n Cycle,Together,34984.0,1,1,2012-09-06,40,8,M,4,15,3,5,3,2,1,0,3,7,0,0,0,0,0,0,3,11,0
Febrero,4827,1956,D,PhD,Single,54998.0,0,1,2013-03-10,3,154,M,22,202,39,30,8,5,4,2,9,4,0,0,0,0,0,0,3,11,1
Febrero,6250,1949,D,PhD,Widow,54356.0,0,1,2012-11-19,62,710,M,15,30,20,0,0,3,11,2,8,8,0,0,0,0,0,0,3,11,1
Febrero,9291,1959,D,Master,Married,34242.0,0,1,2014-03-23,25,8,M,2,4,0,0,1,1,0,0,3,5,0,0,0,0,0,0,3,11,0
Febrero,2478,1973,D,Graduation,Married,25410.0,1,0,2013-08-31,48,2,M,2,4,13,13,4,1,1,0,4,4,0,0,0,0,0,0,3,11,0
Febrero,1139,1984,D,PhD,Married,73356.0,0,0,2014-02-06,56,1050,M,14,322,0,14,112,1,5,11,5,2,1,0,1,1,0,0,3,11,1
Febrero,5138,1950,D,Graduation,Together,28320.0,0,1,2013-01-14,68,19,M,1,14,3,2,4,1,1,0,3,8,0,0,0,0,0,0,3,11,0
Febrero,5393,1977,D,Graduation,Single,23763.0,1,0,2012-08-07,64,22,M,0,6,6,2,6,1,1,0,3,7,0,0,0,0,0,0,3,11,0
Febrero,10413,1984,D,Graduation,Married,72570.0,0,0,2014-04-25,67,274,M,83,216,151,141,224,1,4,6,12,1,0,0,0,0,0,0,3,11,0
Febrero,5015,1976,D,Master,Married,34529.0,1,0,2012-09-14,94,68,M,6,38,3,6,41,2,2,2,3,7,0,0,0,0,0,0,3,11,0
Febrero,10868,1951,D,Graduation,Widow,70792.0,0,0,2013-02-06,82,344,M,45,654,104,11,114,2,3,4,10,3,0,0,0,0,0,0,3,11,0
Febrero,10676,1982,D,Graduation,Married,63211.0,0,0,2012-11-02,3,145,M,193,459,205,26,145,2,3,8,7,2,0,0,0,0,0,0,3,11,1
Febrero,2495,1974,D,Master,Married,83891.0,0,1,2014-06-20,24,217,M,38,350,111,85,15,1,4,7,10,1,0,0,0,0,0,0,3,11,0
Febrero,7842,1968,D,Graduation,Single,36065.0,1,1,2013-03-31,54,18,M,7,34,10,2,3,3,3,0,3,8,0,0,0,0,0,0,3,11,0
Febrero,9955,1954,D,Graduation,Together,39898.0,0,1,2013-02-12,20,69,M,8,26,12,7,12,2,3,0,4,7,0,0,0,0,0,0,3,11,0
Febrero,6663,1940,D,PhD,Single,51141.0,0,0,2013-07-08,96,144,M,0,7,0,0,6,1,3,1,4,5,0,0,0,0,0,0,3,11,0
Febrero,2162,1976,D,Graduation,Married,56939.0,0,1,2013-09-18,19,256,M,34,103,90,29,49,2,3,3,10,3,0,0,0,0,0,0,3,11,0
Febrero,3434,1951,D,Graduation,Single,80872.0,0,0,2014-05-12,60,483,M,72,567,94,12,108,1,4,4,10,1,0,0,0,0,0,0,3,11,0
Febrero,7919,1976,D,PhD,Together,72335.0,0,0,2012-08-13,2,1285,M,105,653,28,21,0,1,10,4,8,8,0,0,0,0,0,0,3,11,1
Febrero,5626,1964,D,PhD,Single,61798.0,0,0,2013-11-23,13,338,M,4,89,11,8,13,1,4,2,9,4,0,0,0,0,0,0,3,11,0
Febrero,6428,1950,D,PhD,Widow,76842.0,0,0,2014-05-03,37,605,M,10,345,84,54,32,1,1,8,7,0,0,0,0,0,0,0,3,11,0
Febrero,8514,1976,D,Graduation,Together,29478.0,1,0,2014-01-17,59,8,M,0,7,3,1,1,1,1,0,3,6,0,0,0,0,0,0,3,11,0
Febrero,10448,1956,D,Graduation,Single,46998.0,0,1,2012-10-22,55,172,M,41,86,45,6,27,5,5,3,5,7,1,0,0,0,0,0,3,11,0
Febrero,2109,1990,D,Graduation,Single,96843.0,0,0,2013-04-23,60,448,M,71,951,40,17,17,1,6,11,10,2,0,0,1,0,0,0,3,11,1
Febrero,7530,1950,D,PhD,Widow,56551.0,1,1,2014-05-07,48,67,M,4,32,17,2,16,3,2,1,4,4,0,0,0,0,0,0,3,11,0
Febrero,8925,1965,D,Master,Married,70053.0,0,1,2013-07-03,38,512,M,53,98,81,179,89,3,8,5,10,5,0,0,0,0,0,0,3,11,0
Febrero,3009,1962,D,PhD,Widow,71670.0,0,0,2013-07-09,8,1462,M,16,128,0,0,160,1,5,3,6,6,0,1,1,0,1,0,3,11,1
Febrero,6355,1978,D,Graduation,Married,44359.0,1,1,2014-06-17,19,20,M,0,14,7,3,1,3,2,0,4,3,0,0,0,0,0,0,3,11,0
Febrero,3517,1952,D,Graduation,Single,40887.0,1,1,2013-05-06,32,50,M,4,44,10,10,43,3,3,1,3,9,0,0,0,0,0,0,3,11,1
Febrero,1158,1966,D,Graduation,Divorced,48877.0,0,1,2014-01-05,27,102,M,1,15,2,0,24,1,3,0,4,7,0,0,0,0,0,0,3,11,0
Febrero,6203,1947,D,Graduation,Together,74485.0,0,0,2013-08-24,58,499,M,149,815,173,49,49,1,6,7,12,3,0,0,0,0,0,0,3,11,0
Febrero,7165,1972,D,Graduation,Together,64474.0,0,1,2013-10-22,59,381,M,35,172,56,86,93,2,8,2,10,5,0,0,0,0,0,0,3,11,0
Febrero,3595,1963,D,Graduation,Together,77226.0,0,1,2014-02-28,29,631,M,43,239,128,76,21,2,6,8,12,3,0,0,0,0,0,0,3,11,0
Febrero,8537,1949,D,Graduation,Widow,72643.0,0,0,2013-02-27,60,526,M,80,553,123,94,53,1,3,10,7,2,0,0,0,1,0,0,3,11,1
Febrero,4331,1978,D,Master,Together,85738.0,0,0,2014-01-23,41,913,M,26,376,17,26,13,1,3,6,11,1,0,1,1,0,0,0,3,11,0
Febrero,6281,1966,D,Graduation,Divorced,55686.0,0,1,2013-02-14,27,673,M,0,199,37,47,26,2,6,3,5,4,1,0,0,0,0,0,3,11,0
Febrero,4338,1983,D,Graduation,Single,39062.0,1,0,2014-03-25,28,23,M,0,9,0,0,12,1,1,0,3,4,1,0,0,0,0,0,3,11,0
Febrero,2452,1971,D,Graduation,Together,34600.0,1,1,2013-01-01,8,199,M,33,60,8,3,15,5,5,2,5,8,0,0,0,0,0,0,3,11,1
Febrero,9507,1975,D,Graduation,Married,40794.0,0,1,2013-04-07,18,261,M,23,73,4,23,50,2,6,3,5,7,0,0,0,0,0,0,3,11,0
Febrero,8360,1971,D,2n Cycle,Married,54690.0,1,1,2013-11-07,76,111,M,16,37,7,9,18,3,3,1,5,3,0,0,0,0,0,0,3,11,0
Febrero,10311,1969,D,Graduation,Married,4428.0,0,1,2013-10-05,0,16,M,4,12,2,4,321,0,25,0,0,1,0,0,0,0,0,0,3,11,0
Febrero,5117,1963,D,2n Cycle,Married,32632.0,0,0,2012-08-02,32,63,M,151,137,153,19,53,2,4,4,8,5,0,0,0,0,0,0,3,11,0
Febrero,4867,1968,D,PhD,Single,38236.0,1,1,2013-09-20,2,58,M,0,18,2,0,10,4,3,0,4,7,0,0,0,0,0,0,3,11,0
Febrero,9289,1979,D,Graduation,Married,36781.0,1,0,2014-04-10,16,29,M,1,17,0,3,13,1,2,1,2,8,0,0,0,0,0,0,3,11,1
Febrero,10913,1984,D,Master,Single,31385.0,1,0,2012-12-05,56,3,M,2,12,0,1,9,1,1,0,2,8,1,0,0,0,0,0,3,11,1
Febrero,3032,1984,D,Graduation,Married,24570.0,1,0,2013-02-27,97,28,M,34,62,11,14,44,3,4,0,4,9,0,0,0,0,0,0,3,11,0
Febrero,8524,1974,D,PhD,Divorced,25509.0,1,0,2012-09-18,15,40,M,3,30,10,7,11,3,3,0,3,9,0,0,0,0,0,0,3,11,1
Febrero,3334,1951,D,Graduation,Married,94642.0,0,0,2014-02-12,35,879,M,143,797,106,143,143,0,5,7,9,1,0,0,1,1,0,0,3,11,0
Febrero,4470,1962,D,Master,Married,58646.0,0,1,2013-06-10,3,62,M,1,44,6,5,22,1,2,1,4,4,0,0,0,0,0,0,3,11,0
Febrero,1406,1975,D,Graduation,Single,53201.0,1,1,2013-02-12,49,280,M,7,81,20,0,27,8,6,3,5,7,0,0,0,0,0,0,3,11,0
Febrero,8619,1957,D,Graduation,Together,21994.0,0,1,2012-12-24,4,9,M,0,6,3,1,3,1,0,0,3,5,0,0,0,0,0,0,3,11,0
Febrero,10821,1978,D,Graduation,Married,57113.0,1,1,2013-02-06,45,182,M,4,33,0,2,42,6,4,1,5,7,0,0,0,0,0,0,3,11,0
Febrero,4552,1991,D,Graduation,Married,51373.0,0,0,2013-06-22,37,83,M,2,101,64,26,117,1,3,5,3,4,0,0,0,0,0,0,3,11,0
Febrero,898,1986,D,Graduation,Married,23477.0,1,0,2013-10-21,39,38,M,15,54,3,8,29,3,3,0,4,8,0,0,0,0,0,0,3,11,0
Febrero,9797,1956,D,Graduation,Married,58116.0,0,1,2014-04-13,38,228,M,19,130,4,11,51,2,3,3,8,2,0,0,0,0,0,0,3,11,0
Febrero,10949,1963,D,PhD,Divorced,72968.0,0,0,2013-12-16,8,1092,M,37,592,145,37,55,1,5,5,8,3,0,0,0,1,0,0,3,11,1
Febrero,8212,1971,D,Master,Married,39791.0,0,1,2013-03-28,89,85,M,15,27,13,13,21,2,3,1,4,7,0,0,0,0,0,0,3,11,0
Febrero,6248,1947,D,Master,Single,91712.0,0,0,2013-10-17,47,1276,M,24,746,94,29,48,0,9,7,11,3,0,0,1,0,0,0,3,11,1
Febrero,10164,1958,D,Graduation,Single,94472.0,0,1,2014-04-03,75,1017,M,33,417,108,100,16,1,5,5,5,5,0,1,1,0,0,0,3,11,0
Febrero,4547,1960,D,Graduation,Together,13672.0,1,1,2013-04-17,86,6,M,2,9,2,1,5,2,1,0,3,8,0,0,0,0,0,0,3,11,0
Febrero,6815,1980,D,2n Cycle,Married,96547.0,0,0,2014-05-23,4,448,M,21,125,52,101,62,0,7,6,8,2,1,0,1,1,0,0,3,11,1
Febrero,4122,1975,D,Graduation,Married,79205.0,0,0,2012-08-29,73,504,M,23,117,179,28,44,1,6,5,4,4,0,0,0,1,0,0,3,11,1
Febrero,10841,1975,D,PhD,Together,56559.0,0,1,2012-12-25,46,226,M,22,133,41,31,31,3,4,3,8,4,0,0,0,0,0,0,3,11,0
Febrero,5370,1973,D,PhD,Married,32644.0,1,0,2013-01-16,38,239,M,3,141,0,7,23,4,7,1,6,8,1,0,0,0,0,0,3,11,0
Febrero,176,1980,D,2n Cycle,Single,67506.0,0,1,2014-01-02,73,90,M,38,67,33,36,67,1,4,1,6,3,0,0,0,0,0,0,3,11,0
Febrero,4860,1970,D,Graduation,Single,24206.0,1,0,2013-03-08,66,7,M,2,8,3,2,3,1,1,0,3,6,0,0,0,0,0,0,3,11,0
Febrero,10757,1967,D,PhD,Divorced,28420.0,1,0,2013-12-24,36,4,M,2,5,2,0,0,1,1,0,2,6,0,0,0,0,0,0,3,11,0
Febrero,4023,1970,D,Graduation,Married,22979.0,1,0,2012-09-06,29,16,M,17,19,20,21,22,3,3,2,2,8,0,0,0,0,0,0,3,11,1
Febrero,6679,1966,D,Graduation,Single,33279.0,0,0,2014-06-12,29,10,M,3,3,0,0,0,1,0,0,3,3,0,0,0,0,0,0,3,11,0
Febrero,9923,1972,D,Master,Single,46423.0,1,1,2013-09-18,6,68,M,0,16,0,0,8,3,2,0,4,7,0,0,0,0,0,0,3,11,0
Febrero,7181,1977,D,Graduation,Married,30368.0,0,1,2013-11-07,97,35,M,0,13,2,0,2,2,2,0,3,8,0,0,0,0,0,0,3,11,0
Febrero,3599,1970,D,Graduation,Married,63684.0,0,1,2012-11-26,61,575,M,80,428,208,93,80,3,8,4,8,5,0,0,0,0,0,0,3,11,0
Febrero,405,1964,D,Graduation,Divorced,41638.0,0,1,2013-02-13,68,315,M,0,31,4,0,91,4,5,5,3,8,1,0,0,0,0,0,3,11,0
Febrero,6870,1959,D,PhD,Divorced,68805.0,0,1,2013-09-17,73,182,M,2,49,17,13,20,1,3,1,7,2,0,0,0,0,0,0,3,11,0
Febrero,832,1966,D,PhD,Together,65814.0,0,1,2014-03-02,90,561,M,14,113,10,14,35,3,8,2,10,5,0,0,0,0,0,0,3,11,0
Febrero,2002,1958,D,Graduation,Divorced,71964.0,0,0,2013-05-20,81,587,M,51,932,180,34,86,1,5,6,5,3,0,0,0,0,0,0,3,11,0
Febrero,3657,1986,D,Graduation,Single,39146.0,1,0,2013-02-14,1,94,M,1,33,13,12,12,3,4,0,4,8,0,0,0,0,0,0,3,11,0
Febrero,500,1977,D,Graduation,Together,96876.0,0,0,2013-08-06,79,908,M,43,735,40,194,21,1,7,7,9,2,0,1,1,1,0,0,3,11,1
Febrero,1951,1981,D,Basic,Married,34445.0,0,0,2013-01-27,92,228,M,122,122,208,129,30,6,11,2,8,9,0,0,0,0,0,0,3,11,0
Febrero,3262,1958,D,Graduation,Single,68281.0,0,0,2012-08-07,31,995,M,112,417,42,48,41,1,2,9,13,5,0,0,0,0,0,0,3,11,1
Febrero,4102,1975,D,2n Cycle,Married,37284.0,1,1,2013-03-29,46,11,M,1,2,2,1,6,1,0,0,3,6,0,0,0,0,0,0,3,11,0
Febrero,7042,1983,D,Graduation,Married,36790.0,0,0,2013-03-01,14,3,M,3,14,15,21,10,1,2,1,2,9,0,0,0,0,0,0,3,11,1
Febrero,10598,1967,D,Graduation,Together,27943.0,1,1,2013-04-15,89,12,M,1,16,4,1,3,3,2,0,3,8,0,0,0,0,0,0,3,11,0
Febrero,255,1951,D,Graduation,Divorced,22263.0,1,1,2014-03-30,31,17,M,0,2,0,0,2,2,1,0,3,6,0,0,0,0,0,1,3,11,0
Febrero,2375,1972,D,Graduation,Together,30261.0,1,2,2012-09-25,75,8,M,0,5,0,3,6,1,0,0,3,8,0,0,0,0,0,0,3,11,0
Febrero,9829,1978,D,Graduation,Together,28587.0,1,0,2014-02-12,42,22,M,4,17,12,10,13,3,2,0,4,6,0,0,0,0,0,0,3,11,0
Febrero,6214,1982,D,Master,Married,43815.0,1,0,2013-04-05,53,14,M,10,29,4,7,15,1,2,0,3,6,0,0,0,0,0,0,3,11,0
Febrero,4954,1956,D,Graduation,Married,48195.0,1,1,2014-01-21,53,106,M,27,68,52,7,5,6,4,2,5,6,0,0,0,0,0,0,3,11,0
Febrero,7861,1952,D,Master,Married,77027.0,0,1,2014-02-05,23,820,M,57,242,45,0,11,2,8,3,6,4,0,0,0,0,0,0,3,11,0
Febrero,4837,1965,D,PhD,Married,71322.0,0,1,2013-02-16,57,753,M,43,226,69,10,204,2,8,5,13,4,0,0,0,0,0,0,3,11,0
Febrero,9423,1979,D,Master,Married,32765.0,1,0,2014-02-23,49,13,M,3,17,7,3,3,2,2,0,4,5,0,0,0,0,0,0,3,11,0
Febrero,4198,1965,D,Graduation,Together,29672.0,1,1,2013-03-12,6,9,M,1,3,0,4,8,1,0,0,3,6,0,0,0,0,0,0,3,11,0
Febrero,153,1953,D,Graduation,Divorced,23272.0,0,0,2013-10-17,29,19,M,3,6,4,2,12,1,1,0,3,4,0,0,0,0,0,0,3,11,0
Febrero,9323,1949,D,Master,Together,49912.0,0,1,2012-09-07,5,520,M,8,223,32,49,42,4,10,5,7,8,1,0,0,0,0,0,3,11,1
Febrero,10001,1985,D,2n Cycle,Together,7500.0,1,0,2012-08-01,98,5,M,17,17,13,14,34,4,2,1,3,9,0,0,0,0,0,0,3,11,0
Febrero,3945,1947,D,PhD,Widow,68117.0,0,1,2013-03-10,80,618,M,44,215,0,17,36,2,11,8,4,6,1,0,0,0,0,0,3,11,1
Febrero,3799,1955,D,Graduation,Married,67225.0,0,1,2013-11-26,4,315,M,35,322,46,7,143,3,7,2,11,5,0,0,0,0,0,0,3,11,0
Febrero,8625,1976,D,Graduation,Married,17649.0,1,0,2013-11-12,70,15,M,1,23,0,5,1,3,3,0,3,8,0,0,0,0,0,0,3,11,0
Febrero,3491,1975,D,Graduation,Together,55914.0,0,1,2013-04-29,32,384,M,60,364,119,101,232,4,11,6,8,7,0,0,0,0,0,0,3,11,0
Febrero,983,1984,D,Graduation,Married,40059.0,1,0,2013-09-28,82,110,M,29,92,28,10,145,1,6,2,3,8,1,0,0,0,0,0,3,11,0
Febrero,9119,1950,D,Graduation,Together,60905.0,0,1,2013-12-05,27,208,M,17,76,36,17,38,2,3,3,7,2,0,0,0,0,0,0,3,11,0
Febrero,4786,1977,D,Graduation,Married,75330.0,1,1,2012-10-04,94,555,M,82,257,93,61,61,4,10,3,12,6,0,0,0,0,0,0,3,11,0
Febrero,5872,1951,D,Graduation,Single,60689.0,0,1,2013-06-01,23,240,M,90,216,63,6,24,4,4,4,10,3,0,0,0,0,0,0,3,11,0
Febrero,6568,1984,D,Graduation,Married,38680.0,1,0,2013-03-28,97,11,M,0,36,15,5,12,1,2,0,3,7,0,0,0,0,0,0,3,11,0
Febrero,5628,1982,D,Graduation,Together,61416.0,0,0,2013-02-08,25,848,M,154,323,201,61,78,1,10,3,10,6,1,0,0,0,0,0,3,11,0
Febrero,5631,1991,D,Graduation,Single,49767.0,0,0,2013-05-02,92,202,M,47,197,55,42,149,1,5,4,8,4,0,0,0,0,0,0,3,11,0
Febrero,4974,1970,D,Graduation,Single,83273.0,1,2,2012-09-25,98,433,M,89,650,16,102,102,10,4,6,9,7,0,0,0,0,0,0,3,11,0
Febrero,8416,1981,D,Graduation,Married,29009.0,1,0,2013-11-29,19,6,M,6,15,10,5,2,2,2,0,3,6,0,0,0,0,0,0,3,11,0
Febrero,5454,1979,D,Master,Married,45057.0,1,0,2013-12-01,80,37,M,0,7,3,0,3,1,2,0,3,5,0,0,0,0,0,0,3,11,0
Febrero,4095,1971,D,Graduation,Married,37150.0,1,0,2012-09-11,80,167,M,37,64,49,34,116,8,4,3,6,7,0,0,0,0,0,0,3,11,0
Febrero,5474,1970,D,Graduation,Single,43020.0,1,0,2013-11-30,79,45,M,7,99,4,25,43,3,4,1,4,6,0,0,0,0,0,0,3,11,0
Febrero,4268,1959,D,Graduation,Married,53154.0,0,1,2014-06-09,50,129,M,0,21,0,1,7,1,3,1,4,4,0,0,0,0,0,0,3,11,0
Febrero,10701,1973,D,Graduation,Married,65308.0,0,0,2013-09-11,60,713,M,0,264,120,80,34,1,7,8,12,4,0,0,1,1,0,0,3,11,0
Febrero,3507,1970,D,Graduation,Single,76467.0,1,0,2012-08-17,44,676,M,161,426,210,44,58,2,2,5,5,6,0,0,0,0,0,0,3,11,1
Febrero,2079,1947,D,2n Cycle,Married,81044.0,0,0,2013-12-27,0,450,M,26,535,73,98,26,1,5,6,10,1,0,0,0,0,0,0,3,11,0
Febrero,626,1951,D,Graduation,Married,32871.0,1,1,2013-03-09,28,22,M,2,12,0,2,5,1,1,0,3,4,0,0,0,0,0,0,3,11,0
Febrero,4426,1975,D,Graduation,Single,55801.0,1,1,2013-09-22,35,367,M,4,51,6,4,95,6,7,2,6,7,0,0,0,1,0,0,3,11,0
Febrero,2591,1959,D,Graduation,Widow,76320.0,0,1,2014-06-22,49,526,M,35,214,69,53,35,2,6,3,4,2,0,0,0,0,0,0,3,11,0
Febrero,10509,1955,D,Master,Single,36927.0,1,1,2014-06-02,46,51,M,0,16,0,0,4,2,3,0,3,8,0,0,0,0,0,0,3,11,0
Febrero,6382,1953,D,Graduation,Together,48794.0,1,1,2014-06-26,97,25,M,0,11,3,0,15,1,1,0,3,4,0,0,0,0,0,0,3,11,0
Febrero,6673,1965,D,Graduation,Single,23478.0,0,0,2013-03-19,51,28,M,6,27,12,17,39,1,3,0,3,8,0,0,0,0,0,0,3,11,0
Febrero,7441,1973,D,Graduation,Divorced,71128.0,1,0,2012-10-06,80,958,M,159,447,20,0,31,3,2,10,12,7,0,0,0,0,0,0,3,11,0
Febrero,1071,1976,D,PhD,Divorced,70179.0,0,1,2013-07-21,10,532,M,88,168,69,44,133,3,7,3,13,5,0,0,0,0,0,0,3,11,0
Febrero,10061,1950,D,Graduation,Married,59462.0,0,1,2013-01-05,29,724,M,17,143,0,8,196,2,9,2,12,7,0,0,0,0,0,0,3,11,0
Febrero,7187,1969,D,Master,Together,,1,1,2013-05-18,52,375,M,42,48,94,66,96,7,4,10,4,3,0,0,0,0,0,0,3,11,0
Febrero,8775,1969,D,Graduation,Together,38361.0,1,0,2013-12-27,74,39,M,0,56,20,8,14,3,3,1,3,7,0,0,0,0,0,0,3,11,0
Febrero,1612,1981,D,PhD,Single,,1,0,2013-05-31,82,23,M,0,15,0,2,7,2,3,0,3,6,0,0,0,0,0,0,3,11,0
Febrero,2345,1982,D,PhD,Together,70038.0,0,0,2013-10-25,54,587,M,54,348,71,54,130,1,4,4,8,2,0,0,0,0,0,0,3,11,0
Febrero,322,1978,D,Graduation,Together,42554.0,1,1,2013-01-12,93,29,M,1,11,0,0,0,2,2,0,3,4,0,0,0,0,0,0,3,11,0
Febrero,10897,1974,D,Graduation,Married,67445.0,0,1,2012-08-12,63,757,M,80,217,29,80,11,5,9,6,12,6,0,0,0,0,0,0,3,11,0
Febrero,123,1951,D,Graduation,Widow,67046.0,0,1,2013-01-06,92,544,M,35,133,23,151,107,2,4,5,4,2,0,0,0,0,0,0,3,11,0
Febrero,6103,1948,D,Graduation,Married,42192.0,0,0,2013-09-06,40,40,M,15,15,17,6,7,1,2,1,3,4,0,0,0,0,0,0,3,11,0
Febrero,7899,1952,D,PhD,Married,77610.0,0,1,2012-10-29,70,1245,M,33,332,21,33,16,2,4,7,4,7,0,0,0,0,0,0,3,11,0
Febrero,10500,1984,D,Graduation,Married,31761.0,1,0,2014-04-05,96,19,M,1,20,16,14,28,2,3,0,4,5,0,0,0,0,0,0,3,11,0
Febrero,1655,1979,D,Graduation,Together,34350.0,1,0,2013-10-19,81,16,M,3,15,2,1,11,1,1,0,3,7,0,0,0,0,0,0,3,11,0
Febrero,2406,1949,D,Graduation,Together,54591.0,0,1,2013-08-05,63,376,M,4,94,12,9,24,3,6,2,8,5,0,0,0,0,0,0,3,11,0
Febrero,2712,1956,D,Graduation,Married,71866.0,0,1,2013-12-25,85,184,M,178,178,103,39,33,1,6,3,10,3,0,0,0,0,0,0,3,11,0
Febrero,5517,1969,D,Graduation,Married,25293.0,1,0,2013-09-15,51,15,M,0,11,0,2,9,1,1,1,2,8,0,0,0,0,0,0,3,11,0
Febrero,10643,1987,D,PhD,Single,42000.0,0,0,2013-01-10,23,124,M,83,267,85,59,35,2,5,2,11,5,0,0,0,0,0,0,3,11,1
Febrero,2254,1983,D,Graduation,Married,69520.0,0,0,2013-07-07,95,627,M,120,414,121,80,93,1,9,6,5,5,0,0,0,0,0,0,3,11,0
Febrero,10281,1970,D,Graduation,Divorced,64713.0,1,0,2014-02-07,11,180,M,60,241,13,54,54,2,5,5,7,4,0,0,0,0,0,0,3,11,1
Febrero,6958,1977,D,Master,Married,27889.0,1,0,2013-07-05,42,14,M,0,4,0,0,8,1,1,1,2,6,0,0,0,0,0,0,3,11,0
Febrero,954,1960,D,Basic,Widow,22123.0,0,0,2014-03-27,77,3,M,3,24,34,7,31,1,2,1,3,5,0,0,0,0,0,0,3,11,0
Febrero,5079,1971,D,Graduation,Married,,1,1,2013-03-03,82,71,M,1,16,0,0,9,4,2,1,3,8,0,0,0,0,0,0,3,11,0
Febrero,10339,1954,D,Master,Together,,0,1,2013-06-23,83,161,M,0,22,0,0,24,2,4,1,4,6,0,0,0,0,0,0,3,11,0
Febrero,4643,1973,D,Graduation,Married,27803.0,1,0,2012-08-26,40,8,M,26,46,38,9,49,2,3,0,4,8,0,0,0,0,0,0,3,11,0
Febrero,3117,1955,D,Graduation,Single,,0,1,2013-10-18,95,264,M,0,21,12,6,147,3,6,1,5,7,0,0,0,0,0,0,3,11,0
Febrero,6497,1960,D,Graduation,Married,51651.0,0,1,2012-11-07,32,293,M,6,23,13,6,92,4,6,2,5,8,0,0,0,0,0,0,3,11,0
Febrero,5396,1988,D,Graduation,Married,68487.0,0,0,2013-01-13,48,758,M,12,385,33,89,89,1,9,7,13,4,0,0,0,0,0,0,3,11,0
Febrero,5250,1943,D,Master,Widow,,0,0,2013-10-30,75,532,M,126,490,164,126,126,1,5,5,11,1,0,0,1,0,0,0,3,11,1
Febrero,1052,1969,D,Graduation,Married,56796.0,0,1,2013-02-16,24,656,M,38,161,62,47,37,3,8,9,7,7,0,0,0,0,0,0,3,11,0
Febrero,2802,1992,D,2n Cycle,Married,87000.0,0,0,2012-12-15,61,196,M,25,607,67,17,49,1,4,6,7,2,0,0,0,0,0,0,3,11,0
Febrero,6343,1959,D,Graduation,Married,79823.0,0,1,2014-03-31,6,835,M,73,380,114,73,43,1,6,9,7,2,0,1,0,0,0,0,3,11,0
Febrero,6507,1980,D,Graduation,Single,30828.0,1,0,2013-10-04,16,16,M,11,15,2,0,12,2,1,1,4,3,0,0,0,0,0,0,3,11,0
Febrero,7901,1971,D,Master,Married,34109.0,0,1,2013-11-06,39,9,M,1,5,2,1,4,1,0,0,3,4,0,0,0,0,0,0,3,11,0
Febrero,4865,1974,D,Master,Divorced,53367.0,1,1,2013-08-31,2,229,M,7,140,10,3,11,7,5,1,8,7,0,0,0,0,0,0,3,11,1
Febrero,2686,1969,D,Basic,Together,22390.0,0,0,2013-10-21,49,0,M,1,4,15,1,5,1,1,0,2,7,0,0,0,0,0,0,3,11,0
Febrero,3107,1976,D,Graduation,Together,71322.0,0,1,2014-05-02,31,121,M,24,124,24,15,42,1,4,1,7,2,0,0,0,0,0,0,3,11,0
Febrero,7734,1993,D,Graduation,Absurd,79244.0,0,0,2012-12-19,58,471,M,102,125,212,61,245,1,4,10,7,1,0,0,1,1,0,0,3,11,1
Febrero,1146,1949,D,Master,Together,49912.0,0,1,2012-09-07,5,520,M,8,223,32,49,42,4,10,5,7,8,1,0,0,0,0,0,3,11,1
Febrero,11031,1950,D,PhD,Married,48699.0,1,1,2013-05-21,90,26,M,1,10,2,0,1,1,1,0,3,5,0,0,0,0,0,0,3,11,0
Febrero,7428,1975,D,Graduation,Together,80144.0,0,0,2013-09-30,47,240,M,132,445,250,192,108,1,3,7,8,1,0,0,0,0,0,0,3,11,0
Febrero,975,1956,D,Graduation,Single,54252.0,1,1,2013-05-28,25,178,M,4,26,8,4,44,5,4,1,5,6,0,0,0,0,0,0,3,11,0
Febrero,1103,1976,D,Master,Married,81929.0,1,0,2012-09-29,60,1486,M,55,278,49,0,185,2,4,4,10,6,1,0,1,0,0,0,3,11,1
Febrero,3422,1975,D,Graduation,Married,76068.0,0,1,2012-11-29,67,1115,M,12,128,33,12,76,1,2,3,4,6,0,1,0,0,1,0,3,11,0
Febrero,1055,1976,D,Master,Married,53204.0,1,1,2014-03-20,40,29,M,0,8,2,0,6,1,1,0,3,4,0,0,0,0,0,0,3,11,0
Febrero,6544,1949,D,PhD,Together,67911.0,0,1,2014-05-22,63,529,M,0,356,63,28,0,3,6,7,11,3,0,0,0,0,0,0,3,11,0
Febrero,1241,1984,D,2n Cycle,Married,14796.0,1,0,2012-09-17,1,13,M,3,8,7,4,16,2,1,0,3,9,0,0,0,0,0,0,3,11,1
Febrero,2909,1974,D,PhD,Married,78128.0,0,1,2014-02-19,89,934,M,24,230,16,24,36,2,8,4,6,3,0,1,1,0,0,0,3,11,0
Febrero,5802,1972,D,Basic,Married,14188.0,0,0,2013-02-28,40,2,M,7,11,16,12,27,1,2,0,4,6,0,0,0,0,0,0,3,11,0
Febrero,1407,1986,D,Basic,Married,20425.0,1,0,2012-10-29,5,4,M,12,5,3,16,17,2,2,0,3,7,0,0,0,0,0,0,3,11,0
Febrero,6183,1962,D,Master,Married,58646.0,0,1,2013-06-10,3,62,M,1,44,6,5,22,1,2,1,4,4,0,0,0,0,0,0,3,11,0
Febrero,340,1970,D,Graduation,Divorced,72967.0,0,1,2012-12-15,1,158,M,35,179,0,0,125,2,7,2,8,5,1,0,0,0,0,0,3,11,1
Febrero,5991,1949,D,Master,Married,48150.0,0,1,2013-06-08,24,173,M,2,39,3,2,47,3,5,1,4,7,0,0,0,0,0,0,3,11,0
Febrero,3104,1961,D,Graduation,Single,82332.0,0,0,2012-09-17,89,830,M,59,968,51,79,19,1,5,3,12,2,0,0,1,0,0,0,3,11,1
Febrero,9729,1955,D,Graduation,Widow,58275.0,1,1,2013-06-02,48,189,M,10,253,56,43,64,6,8,2,7,7,0,0,0,0,0,0,3,11,0
Febrero,1008,1981,D,PhD,Together,44953.0,0,0,2012-12-21,31,728,M,17,133,11,8,124,1,7,3,13,6,1,0,0,0,0,0,3,11,0
Febrero,11091,1953,D,Graduation,Together,34587.0,1,1,2014-05-16,68,7,M,2,9,2,0,2,2,1,0,3,4,0,0,0,0,0,0,3,11,0
Febrero,3969,1974,D,Master,Together,43018.0,0,1,2013-11-01,46,35,M,4,17,7,6,64,1,2,2,2,5,0,0,0,0,0,0,3,11,0
Febrero,1916,1954,D,Master,Married,45736.0,0,1,2013-07-24,92,188,M,3,180,20,3,43,5,7,1,6,7,0,0,0,0,0,0,3,11,0
Febrero,9907,1969,D,Master,Together,66476.0,0,1,2013-12-04,80,742,M,28,152,25,9,57,2,6,8,10,4,0,0,0,0,0,0,3,11,0
Febrero,87,1981,D,2n Cycle,Married,27733.0,1,0,2013-08-26,16,0,M,7,5,26,2,17,2,2,0,3,7,0,0,0,0,0,0,3,11,0
Febrero,8659,1952,D,PhD,Together,69805.0,0,1,2014-01-21,50,750,M,71,174,13,10,20,2,6,8,11,2,0,0,0,0,0,0,3,11,0
Febrero,6262,1962,D,Master,Single,72217.0,0,0,2013-04-10,93,816,M,42,450,55,56,154,1,3,10,8,2,0,0,0,0,0,0,3,11,0
Febrero,6147,1971,D,Graduation,Divorced,25818.0,1,0,2012-10-18,51,5,M,2,8,2,2,9,1,0,1,2,7,0,0,0,0,0,0,3,11,0
Febrero,8832,1976,D,Master,Together,37509.0,1,0,2012-09-12,24,37,M,5,56,12,8,5,2,3,0,4,7,0,0,0,0,0,0,3,11,0
Febrero,10067,1976,D,2n Cycle,Together,25176.0,1,1,2013-08-10,79,4,M,0,4,0,0,5,1,1,0,2,7,0,0,0,0,0,0,3,11,0
Febrero,7532,1980,D,Graduation,Married,43586.0,0,1,2012-08-30,26,99,M,2,11,4,0,16,3,3,0,4,8,0,0,0,0,0,0,3,11,0
Febrero,4915,1956,D,2n Cycle,Married,53230.0,0,1,2012-08-03,86,176,M,72,98,136,21,229,4,5,2,12,5,0,0,0,0,0,0,3,11,0
Febrero,2115,1957,D,Graduation,Together,50116.0,1,1,2014-06-20,68,54,M,0,10,0,0,2,2,1,0,4,5,0,1,0,0,0,0,3,11,0
Febrero,2088,1972,D,Graduation,Together,84906.0,0,0,2013-10-04,98,997,M,15,414,99,30,76,1,5,6,12,2,0,1,1,0,1,0,3,11,0
Febrero,2493,1966,D,Graduation,Married,61286.0,0,1,2013-08-02,34,356,M,0,107,19,9,117,2,7,1,8,5,0,0,0,0,0,0,3,11,0
Febrero,6292,1986,D,PhD,Married,82333.0,0,0,2013-03-30,60,1311,M,0,359,46,89,17,1,4,3,10,2,0,0,1,0,0,0,3,11,1
Febrero,1631,1965,D,PhD,Together,65220.0,0,0,2012-09-03,3,890,M,63,292,0,25,12,4,8,4,7,6,0,0,0,0,0,0,3,11,1
Febrero,10104,1974,D,Graduation,Together,33590.0,2,1,2013-11-03,65,4,M,0,2,0,0,2,1,1,0,2,7,0,0,0,0,0,0,3,11,0
Febrero,3006,1976,D,Graduation,Divorced,30992.0,1,0,2013-04-22,83,17,M,0,14,7,3,2,1,1,0,3,7,0,0,0,0,0,0,3,11,0
Febrero,3919,1976,D,Master,Single,72309.0,0,0,2013-03-11,64,960,M,0,883,50,38,0,1,5,6,8,3,0,0,0,1,0,0,3,11,1
Febrero,11181,1949,D,PhD,Married,156924.0,0,0,2013-08-29,85,2,M,1,2,1,1,1,0,0,0,0,0,0,0,0,0,0,0,3,11,0
Febrero,642,1980,D,Basic,Married,16005.0,1,0,2012-08-14,69,1,M,3,2,20,30,47,3,2,1,2,8,0,0,0,0,0,0,3,11,0
Febrero,4369,1957,D,Master,Absurd,65487.0,0,0,2014-01-10,48,240,M,67,500,199,0,163,3,3,5,6,2,0,0,0,0,0,0,3,11,0
Febrero,10127,1965,D,Graduation,Married,58692.0,0,1,2014-04-06,21,301,M,11,61,4,7,11,1,8,2,4,7,0,0,0,0,0,0,3,11,0
Febrero,271,1969,D,Graduation,Widow,40590.0,1,1,2013-10-02,30,154,M,0,50,6,11,37,5,3,4,3,6,1,0,0,0,0,0,3,11,0
Febrero,4973,1970,D,Graduation,Single,20587.0,1,0,2014-05-11,39,2,M,3,6,4,1,9,1,1,1,2,7,0,0,0,0,0,0,3,11,0
Febrero,2948,1954,D,Master,Divorced,62637.0,0,1,2014-03-01,76,104,M,12,48,4,12,5,1,2,2,5,2,0,0,0,0,0,0,3,11,0
Febrero,2715,1966,D,Master,Divorced,29435.0,1,1,2012-08-06,11,70,M,3,37,4,2,64,4,3,2,2,9,0,0,0,0,0,0,3,11,1
Febrero,10432,1974,D,Graduation,Divorced,19346.0,1,0,2014-01-30,26,2,M,0,9,3,6,2,1,1,0,3,8,0,0,0,0,0,0,3,11,0
Febrero,9216,1971,D,Graduation,Married,35788.0,1,1,2014-01-23,34,23,M,2,11,3,1,4,2,2,0,3,6,0,0,0,0,0,0,3,11,0
Febrero,7124,1968,D,Graduation,Divorced,36997.0,1,1,2013-02-01,72,43,M,4,12,8,0,27,5,2,1,4,5,0,0,0,0,0,0,3,11,0
Febrero,9727,1957,D,Graduation,Married,23539.0,0,0,2014-02-28,13,4,M,24,11,16,1,25,1,2,0,4,6,0,0,0,0,0,0,3,11,0
Febrero,5136,1973,D,Graduation,Single,65333.0,0,1,2014-01-17,58,654,M,7,92,0,15,30,7,9,4,8,6,0,1,1,0,0,0,3,11,0
Febrero,9790,1957,D,Graduation,Single,78499.0,0,0,2013-11-23,12,912,M,72,170,47,36,97,1,11,3,4,4,0,0,1,0,0,0,3,11,1
Febrero,1818,1971,D,PhD,Together,29732.0,1,0,2014-03-25,23,25,M,0,8,0,1,4,1,2,0,2,9,0,0,0,0,0,0,3,11,0
Febrero,1100,1960,D,Master,Together,41275.0,1,2,2014-03-24,33,24,M,4,22,0,2,9,4,3,1,3,5,0,0,0,0,0,0,3,11,0
Febrero,7873,1973,D,PhD,Together,63516.0,1,1,2013-07-06,30,141,M,11,114,15,14,5,4,4,1,7,5,0,0,0,0,0,0,3,11,0
Febrero,10609,1962,D,PhD,Married,42769.0,0,1,2013-10-12,15,71,M,0,13,3,1,0,2,1,1,4,4,0,0,0,0,0,0,3,11,0
Febrero,6950,1958,D,Master,Married,49572.0,1,1,2013-12-15,25,35,M,1,16,0,1,1,2,2,0,3,7,0,0,0,0,0,0,3,11,0
Febrero,7233,1972,D,Graduation,Married,69209.0,0,0,2012-09-17,4,496,M,32,849,229,48,128,2,5,3,6,4,0,0,0,1,0,0,3,11,0
Febrero,9481,1976,D,Graduation,Married,17148.0,1,0,2014-01-28,80,9,M,9,11,13,10,16,4,3,1,3,8,0,0,0,0,0,0,3,11,0
Febrero,7699,1969,D,Graduation,Widow,40590.0,1,1,2013-10-02,30,154,M,0,50,6,11,37,5,3,4,3,6,1,0,0,0,0,0,3,11,0
Febrero,2711,1976,D,Master,Together,30560.0,1,0,2013-06-27,6,9,M,1,5,4,5,7,1,1,0,3,7,0,0,0,0,0,0,3,11,0
Febrero,8933,1983,D,2n Cycle,Married,32146.0,1,0,2014-05-12,16,26,M,3,23,4,7,3,2,2,0,4,6,0,0,0,0,0,0,3,11,0
Febrero,8726,1964,D,2n Cycle,Divorced,41713.0,1,1,2014-04-29,57,77,M,8,44,10,10,25,5,3,1,4,6,0,0,0,0,0,0,3,11,0
Febrero,1515,1975,D,Master,Together,34176.0,0,1,2014-01-22,9,11,M,2,7,4,2,2,1,1,0,3,3,0,0,0,0,0,0,3,11,0
Febrero,5186,1955,D,PhD,Married,58482.0,0,1,2014-03-12,59,576,M,7,115,19,7,7,2,7,4,9,6,0,1,0,0,0,0,3,11,0
Febrero,10157,1965,D,Graduation,Single,59686.0,0,1,2014-01-25,78,89,M,15,89,34,42,5,1,4,1,6,4,0,0,0,0,0,0,3,11,0
Febrero,5667,1964,D,PhD,Married,60896.0,0,1,2012-10-11,90,1013,M,30,399,60,46,153,3,9,10,4,6,0,0,0,0,0,0,3,11,1
Febrero,902,1980,D,Graduation,Together,62994.0,1,0,2014-03-04,74,224,M,12,48,4,12,12,1,6,2,4,6,0,0,0,0,0,0,3,11,0
Febrero,977,1957,D,Graduation,Together,47320.0,0,1,2013-08-01,10,200,M,19,111,50,15,19,6,5,1,8,6,0,0,0,0,0,0,3,11,0
Febrero,7313,1949,D,2n Cycle,Widow,74859.0,0,0,2013-06-03,63,570,M,73,614,133,102,73,1,6,5,11,3,0,0,0,1,0,0,3,11,0
Febrero,7600,1992,D,Basic,Single,15253.0,1,0,2013-10-28,13,1,M,3,3,8,1,13,2,1,0,3,7,0,0,0,0,0,0,3,11,0
Febrero,9706,1974,D,PhD,Single,31560.0,1,0,2013-06-24,98,62,M,1,20,4,0,7,2,2,1,3,8,0,0,0,0,0,0,3,11,0
Febrero,2429,1954,D,Graduation,Divorced,72071.0,0,1,2013-02-14,4,531,M,69,300,150,138,150,3,5,4,8,2,0,0,0,0,0,0,3,11,0
Febrero,3520,1990,D,Master,Single,91172.0,0,0,2013-03-27,94,162,M,28,818,0,28,56,0,4,3,7,3,1,0,1,1,1,0,3,11,1
Febrero,10394,1984,D,Graduation,Married,90000.0,0,0,2013-12-23,91,675,M,144,133,94,192,241,1,4,8,5,1,1,0,1,1,0,0,3,11,0
Febrero,4548,1981,D,Graduation,Single,41967.0,1,1,2013-11-23,66,23,M,4,10,0,2,15,1,1,0,3,4,0,0,0,0,0,0,3,11,0
Febrero,9362,1965,D,Graduation,Single,69263.0,0,1,2014-03-05,14,492,M,5,32,13,5,21,1,9,1,7,6,0,1,0,0,0,0,3,11,0
Febrero,3968,1970,D,2n Cycle,Divorced,65706.0,0,0,2013-06-28,77,918,M,10,129,13,0,129,1,11,3,12,7,0,1,1,0,1,0,3,11,1
Febrero,4084,1975,D,Graduation,Together,60934.0,0,1,2014-01-17,41,224,M,155,155,192,93,54,2,6,4,11,4,0,0,0,0,0,0,3,11,0
Febrero,6721,1951,D,Graduation,Married,71965.0,0,1,2013-07-29,21,572,M,19,286,50,38,248,3,6,3,5,3,0,0,0,0,0,0,3,11,0
Febrero,2829,1955,D,Graduation,Married,65210.0,0,1,2014-03-10,25,626,M,0,70,0,7,28,2,9,3,8,6,0,1,0,1,0,0,3,11,0
Febrero,1772,1975,D,PhD,Married,79174.0,0,0,2013-01-11,2,1074,M,37,518,193,92,129,1,5,6,7,2,0,0,1,1,0,0,3,11,1
Febrero,1544,1967,D,Master,Divorced,81380.0,0,0,2012-12-22,51,741,M,68,689,224,68,103,1,4,2,10,2,0,0,0,0,0,0,3,11,0
Febrero,492,1973,D,PhD,YOLO,48432.0,0,1,2012-10-18,3,322,M,3,50,4,3,42,5,7,1,6,8,0,0,0,0,0,0,3,11,0
Febrero,4377,1971,D,Graduation,Married,52914.0,0,1,2013-01-07,32,254,M,10,44,30,10,227,2,7,3,3,7,1,0,0,0,0,0,3,11,0
Febrero,4541,1955,D,Graduation,Together,38946.0,0,1,2013-10-24,84,116,M,6,82,6,6,41,2,3,1,6,5,0,0,0,0,0,0,3,11,0
Febrero,1321,1974,D,Graduation,Married,26067.0,1,0,2013-11-04,49,22,M,2,18,0,2,12,3,3,0,3,8,0,0,0,0,0,0,3,11,0
Febrero,8858,1972,D,PhD,Married,44325.0,0,1,2013-03-07,69,516,M,0,21,0,0,5,4,8,2,7,8,0,1,0,0,0,0,3,11,0
Febrero,3266,1964,D,Graduation,Married,42523.0,0,0,2014-04-23,96,14,M,36,11,3,26,35,1,1,1,4,2,0,0,0,0,0,0,3,11,0
Febrero,11187,1978,D,Basic,Single,26487.0,1,0,2013-05-20,23,2,M,8,10,12,14,23,3,2,1,3,5,0,0,0,0,0,0,3,11,0
Febrero,8207,1957,D,2n Cycle,Married,53233.0,0,1,2014-03-18,18,28,M,0,9,3,0,0,1,1,0,3,4,0,0,0,0,0,0,3,11,0
Febrero,9723,1960,D,Graduation,Married,67716.0,0,1,2013-01-10,8,530,M,142,217,62,9,56,4,7,4,13,5,0,1,0,0,0,0,3,11,0
Febrero,2666,1972,D,Master,Married,76234.0,0,1,2014-02-06,21,519,M,50,167,130,0,41,1,8,3,11,3,0,1,0,0,0,0,3,11,0
Febrero,5721,1956,D,PhD,Married,84117.0,0,0,2014-05-11,60,611,M,76,749,59,45,26,1,7,10,6,2,0,0,1,0,0,0,3,11,0
Febrero,10652,1957,D,Master,Together,65487.0,0,0,2014-01-10,48,240,M,67,500,199,0,163,3,3,5,6,2,0,0,0,0,0,0,3,11,0
Febrero,1646,1972,D,Basic,Married,25224.0,1,0,2014-03-16,36,4,M,9,12,11,2,8,2,1,1,3,3,0,0,0,0,0,0,3,11,0
Febrero,4418,1983,D,Master,Single,89616.0,0,0,2013-02-25,36,671,M,47,655,145,111,15,1,7,5,12,2,0,0,0,0,0,0,3,11,1
Febrero,2656,1971,D,Graduation,Divorced,40851.0,1,1,2013-02-21,63,23,M,1,7,0,4,24,1,1,1,2,7,0,0,0,0,0,0,3,11,0
Febrero,7990,1947,D,Graduation,Married,27469.0,0,0,2012-08-02,2,9,M,1,2,3,2,0,1,0,0,3,6,0,0,0,0,0,0,3,11,0
Febrero,8722,1957,D,2n Cycle,Married,82347.0,0,0,2012-11-06,38,556,M,54,845,202,133,63,1,7,7,10,3,1,0,0,1,0,0,3,11,1
Febrero,7118,1957,D,Graduation,Married,73803.0,0,1,2012-08-01,61,833,M,80,363,52,26,174,2,9,5,6,6,1,0,0,0,0,0,3,11,1
Febrero,2980,1952,D,Master,Single,8820.0,1,1,2013-03-22,52,12,M,0,13,4,2,4,4,3,0,3,8,0,0,0,0,0,0,3,11,0
Febrero,1839,1974,D,Graduation,Single,43322.0,0,0,2014-04-21,25,56,M,7,48,10,2,18,1,3,0,4,7,0,0,0,0,0,0,3,11,0
Febrero,10722,1973,D,Graduation,Together,55593.0,0,1,2013-08-21,63,293,M,8,124,11,4,106,2,6,6,3,6,1,0,0,0,0,0,3,11,0
Febrero,2632,1954,D,Graduation,Married,50501.0,1,1,2013-06-18,10,297,M,0,38,13,0,152,7,5,4,4,6,1,0,0,0,0,0,3,11,1
Febrero,9014,1975,D,Graduation,Married,37085.0,1,1,2014-06-26,65,39,M,1,16,2,0,3,4,3,0,3,8,0,0,0,0,0,0,3,11,0
Febrero,7620,1990,D,Basic,Single,16185.0,1,0,2013-08-05,71,5,M,11,16,21,8,45,2,2,2,2,8,0,0,0,0,0,0,3,11,0
Febrero,10968,1969,D,Graduation,Single,57731.0,0,1,2012-11-23,0,266,M,21,300,65,8,44,4,8,8,6,6,0,0,0,0,0,0,3,11,0
Febrero,11133,1973,D,PhD,YOLO,48432.0,0,1,2012-10-18,3,322,M,3,50,4,3,42,5,7,1,6,8,0,0,0,0,0,0,3,11,1
Febrero,2736,1978,D,Graduation,Married,73807.0,0,1,2013-01-02,88,366,M,124,156,71,78,54,2,5,5,11,2,0,0,0,0,0,0,3,11,0
Febrero,1876,1990,D,Graduation,Married,18929.0,0,0,2013-02-16,15,32,M,0,8,23,4,18,1,1,0,4,6,0,0,0,0,0,0,3,11,0
Febrero,5959,1968,D,Graduation,Single,35893.0,1,1,2012-10-15,80,158,M,0,23,0,0,18,6,3,1,5,8,0,0,0,0,0,0,3,11,0
Febrero,1092,1980,D,Graduation,Married,61014.0,0,1,2012-08-11,17,269,M,129,495,182,43,29,4,9,3,4,7,0,0,0,0,0,0,3,11,0
Febrero,4333,1954,D,Graduation,Together,32144.0,1,1,2014-03-23,76,41,M,0,10,0,0,3,4,2,1,3,7,0,1,0,0,0,0,3,11,0
Febrero,3850,1963,D,Basic,Together,14918.0,0,1,2012-12-07,52,3,M,3,3,15,4,15,1,1,0,3,6,0,0,0,0,0,0,3,11,0
Febrero,6168,1963,D,Graduation,Divorced,45146.0,1,1,2013-07-15,28,33,M,0,5,0,0,15,2,1,1,2,4,0,0,0,0,0,0,3,11,0
Febrero,607,1955,D,2n Cycle,Divorced,41769.0,0,1,2013-02-13,31,302,M,29,131,32,0,27,6,8,1,7,8,0,0,0,0,0,0,3,11,0
Febrero,10469,1981,D,Graduation,Together,88325.0,0,0,2014-02-05,42,519,M,71,860,93,27,53,1,6,2,9,2,0,0,0,0,0,0,3,11,0
Febrero,6983,1950,D,Master,Divorced,38054.0,1,1,2014-05-01,24,23,M,2,17,2,1,0,2,2,0,3,7,0,0,0,0,0,0,3,11,0
Febrero,3661,1995,D,2n Cycle,Single,80617.0,0,0,2012-10-12,42,594,M,51,631,72,55,32,1,4,6,8,2,0,0,0,0,0,0,3,11,0
Febrero,9303,1976,D,Graduation,Married,5305.0,0,1,2013-07-30,12,12,M,4,7,1,3,5,0,1,0,0,13,0,0,0,0,0,0,3,11,0
Febrero,692,1954,D,Graduation,Together,36807.0,1,1,2012-12-20,88,4,M,2,5,0,0,5,1,1,0,2,6,0,0,0,0,0,0,3,11,0
Febrero,736,1983,D,Graduation,Together,28427.0,1,0,2013-03-21,67,18,M,3,19,3,3,6,2,2,0,3,8,0,0,0,0,0,0,3,11,0
Febrero,9589,1948,D,PhD,Widow,82032.0,0,0,2014-04-05,54,332,M,194,377,149,125,57,0,4,6,7,1,0,0,0,0,0,0,3,11,0
Febrero,4838,1978,D,Graduation,Together,22775.0,1,0,2013-06-19,40,5,M,1,8,0,0,1,1,1,0,2,8,0,0,0,0,0,0,3,11,0
Febrero,9246,1985,D,Master,Together,40101.0,1,0,2012-10-14,73,171,M,3,129,26,24,62,4,6,1,6,7,0,0,0,0,0,0,3,11,0
Febrero,6261,1979,D,Graduation,Married,58025.0,0,1,2013-11-26,81,270,M,31,88,11,48,22,3,3,2,10,4,0,0,0,0,0,0,3,11,0
Febrero,7366,1982,D,Master,Single,75777.0,0,0,2013-07-04,12,712,M,26,538,69,13,80,1,3,6,11,1,0,1,1,0,0,0,3,11,1
Febrero,10659,1979,D,2n Cycle,Together,7500.0,1,0,2013-05-07,7,2,M,8,11,3,8,21,4,3,2,2,7,0,0,0,0,0,0,3,11,0
Febrero,1448,1963,D,Master,Married,33562.0,1,2,2014-06-25,33,21,M,12,12,0,3,3,3,2,0,4,4,0,0,0,0,0,0,3,11,0
Febrero,4286,1970,D,PhD,Single,57642.0,0,1,2014-01-09,24,580,M,6,58,8,0,27,3,7,6,6,4,1,0,0,0,0,0,3,11,0
Febrero,4749,1968,D,Graduation,Together,58554.0,1,1,2012-09-26,55,368,M,24,68,38,0,88,6,8,2,6,7,0,0,0,0,0,0,3,11,0
Febrero,4478,1979,D,Graduation,Married,63777.0,1,1,2013-03-24,87,457,M,5,106,15,17,53,8,11,1,6,8,0,0,0,0,0,0,3,11,0
Febrero,4201,1962,D,Graduation,Single,57967.0,0,1,2013-03-03,39,229,M,7,137,4,0,91,5,4,2,8,5,0,0,0,0,0,0,3,11,0
Febrero,8720,1978,D,2n Cycle,Together,,0,0,2012-08-12,53,32,M,2,1607,12,4,22,0,0,0,1,0,0,1,0,0,0,0,3,11,0
Febrero,10084,1972,D,Graduation,Married,24434.0,2,0,2014-05-18,9,3,M,2,8,20,0,17,2,2,1,2,7,0,0,0,0,0,0,3,11,0
Febrero,7004,1984,D,Graduation,Single,11012.0,1,0,2013-03-16,82,24,M,3,26,7,1,23,3,3,1,2,9,1,0,0,0,0,0,3,11,0
Febrero,9817,1970,D,Master,Single,44802.0,0,0,2012-08-21,71,853,M,10,143,13,10,20,2,9,4,12,8,0,0,0,0,0,0,3,11,0
Febrero,8080,1986,D,Graduation,Single,26816.0,0,0,2012-08-17,50,5,M,1,6,3,4,3,1,0,0,3,4,0,0,0,0,0,0,3,11,0
Febrero,9432,1977,D,Graduation,Together,666666.0,1,0,2013-06-02,23,9,M,14,18,8,1,12,4,3,1,3,6,0,0,0,0,0,0,3,11,0
Febrero,8372,1974,D,Graduation,Married,34421.0,1,0,2013-07-01,81,3,M,3,7,6,2,9,1,1,0,2,7,0,0,0,0,0,0,3,11,0
Febrero,10870,1967,D,Graduation,Married,61223.0,0,1,2013-06-13,46,709,M,43,182,42,118,247,2,9,3,4,5,0,0,0,0,0,0,3,11,0
Febrero,4001,1946,D,PhD,Together,64014.0,2,1,2014-06-10,56,406,M,0,30,0,0,8,7,8,2,5,7,0,0,0,1,0,0,3,11,0
Febrero,7270,1981,D,Graduation,Divorced,56981.0,0,0,2014-01-25,91,908,M,48,217,32,12,24,1,2,3,13,6,0,1,0,0,0,0,3,11,0
Febrero,8235,1956,D,Master,Together,69245.0,0,1,2014-01-24,8,428,M,30,214,80,30,61,2,6,5,10,3,0,0,0,0,0,0,3,11,0
Febrero,9405,1954,D,PhD,Married,52869.0,1,1,2012-10-15,40,84,M,3,61,2,1,21,3,3,1,4,7,0,0,0,0,0,0,3,11,1
